[
    {
        "submission_id": "s972950978",
        "import_statements_removed": [],
        "import_statements_removed_libs": [],
        "number_of_imports_removed": 0,
        "number_of_calls": {},
        "lines_affected": {},
        "focc": [
            "Set 1: Statements 1, 2, 3, 4, 5, 6, 7, 8, 9, 10",
            "Set 2: Statements 1, 2, 3, 4, 5, 6, 7, 8, 10",
            "Set 3: Statements 1, 2, 3, 4, 5, 7, 8, 9, 10",
            "Set 4: Statements 1, 2, 3, 4, 5, 7, 8, 10"
        ],
        "code": "n = int(input())\nans = []\nA = list(map(int,input().split()))\nA2 = [[0,i+1] for i in range(n)]\nfor i in range(n):\n\tA2[i][0] = A[i]\nA2 = sorted(A2,key = lambda x:x[0])\nfor i in range(n):\n\tans.append(A2[i][1])\nprint(*ans)",
        "test_cases": [
            {
                "test_case_id": 1,
                "test_case_inputs": "Test Case Input:\n5\n3 1 4 2 5",
                "crispe_response": "PLAN:\n\nStep 1: Input Reading\nThe program starts by reading an integer `n` which indicates the number of elements in a list. The test case provides `n = 5`, so line 1 is executed.\nObservation 1: All sets of code coverage include line 1, so all sets are currently applicable.\n\nStep 2: List Input and Initialization\nNext, the program reads `n` integers and stores them in list `A`. In the test case, the list `A` is given as [3, 1, 4, 2, 5]. Additionally, list `A2` is initialized with pairs [0, index]. This corresponds to lines 2 and 3.\nObservation 2: All sets of code coverage include lines 2 and 3, so all sets remain applicable.\n\nStep 3: Updating `A2` with Values from `A`\nThe program then updates the first element of each sublist in `A2` to match the corresponding element in `A`. This action is performed by the loop in line 5. The `A2` list is updated to: [[3, 1], [1, 2], [4, 3], [2, 4], [5, 5]].\nObservation 3: All sets of code coverage include lines 4 and 5, so all sets are still applicable.\n\nStep 4: Sorting `A2`\nThe list `A2` is sorted based on the first element of each sublist; this corresponds to line 6. After sorting, `A2` becomes: [[1, 2], [2, 4], [3, 1], [4, 3], [5, 5]].\nObservation 4: All sets of code coverage include line 6, so all sets are still applicable.\n\nStep 5: Generating and Printing The Result\nThe `ans` list is populated with the second elements from each sublist in the sorted `A2`, resulting in `ans = [2, 4, 1, 3, 5]` through line 7 executed in a loop. Finally, the program prints the result with line 10, which outputs \"2 4 1 3 5\".\nObservation 5: All sets of code coverage include lines 7 and 10, meaning they account for this part of the workflow.\n\nFinal Observation:\nThe steps outlined above describe code execution through lines 1, 2, 3, 4, 5, 6, 7, and 10. To determine which sets match this flow and exclude others, we look for sets that include these lines and possibly differ with their inclusion of any not-yet-used lines such as 8 or 9. Since we've executed through line 10 directly after line 7, line 8 and beyond were inapplicable based on the described operations.\n\nFINAL CODE COVERAGE:\nSet 2: Statements 1, 2, 3, 4, 5, 6, 7, 8, 10",
                "response_time": 9.805484533309937,
                "input_tokens": 684,
                "output_tokens": 404
            },
            {
                "test_case_id": 2,
                "test_case_inputs": "Test Case Input:\n5\n1 2 3 4 5.5",
                "crispe_response": "To determine the code coverage for the given test case, we will follow a step-by-step reasoning process.\n\n### GIVEN PYTHON PROGRAM:\n```python\nLine 1: n = int(input())\nLine 2: ans = []\nLine 3: A = list(map(int, input().split()))\nLine 4: A2 = [[0, i+1] for i in range(n)]\nLine 5: for i in range(n):\nLine 6:     A2[i][0] = A[i]\nLine 7: A2 = sorted(A2, key=lambda x: x[0])\nLine 8: for i in range(n):\nLine 9:     ans.append(A2[i][1])\nLine 10: print(*ans)\n```\n\n### GIVEN TEST CASE:\n```\nTest Case Input:\n5\n1 2 3 4 5.5\n```\n\n### POSSIBLE SETS OF CODE COVERAGE:\n- Set 1: Statements 1, 2, 3, 4, 5, 6, 7, 8, 9, 10\n- Set 2: Statements 1, 2, 3, 4, 5, 6, 7, 8, 10\n- Set 3: Statements 1, 2, 3, 4, 5, 7, 8, 9, 10\n- Set 4: Statements 1, 2, 3, 4, 5, 7, 8, 10\n\n### PLAN:\n#### Step 1: Input Processing and Initialization\n- **Statement 1:** The integer `n` is read as input, which will be 5 in this case.\n- **Statements 2 and 3:** An empty list `ans` is initialized (Statement 2), and a list `A` is constructed by mapping inputs to integers (Statement 3). However, the input `1 2 3 4 5.5` will cause a `ValueError` because `5.5` is not an integer.\n\nObservation 1: Since the test case input `5.5` cannot be converted to an integer, a `ValueError` is raised here and the program does not proceed past this point.\n\n#### Step 2: Error Handling\nSince the input processing itself raises an error due to the floating-point value `5.5` being included in the integer conversion (statement 3), none of the other steps (Statements 4 to 10) will execute.\n\nObservation 2: All sets that require execution beyond Statement 3 are invalid. Thus, none of the provided sets apply as the test case execution results in an error at Statement 3 itself.\n\n### FINAL CODE COVERAGE:\nThe execution of the provided test case results in an error before any meaningful code paths are executed beyond initialization and attempt to parse the input. Thus, none of the given code coverage sets apply accurately, and the output should indicate an exception (error).",
                "response_time": 7.1283955574035645,
                "input_tokens": 684,
                "output_tokens": 369
            }
        ],
        "serialized_code": "Line 1: n = int(input())\nLine 2: ans = []\nLine 3: A = list(map(int,input().split()))\nLine 4: A2 = [[0,i+1] for i in range(n)]\nLine 5: for i in range(n):\nLine 6: \tA2[i][0] = A[i]\nLine 7: A2 = sorted(A2,key = lambda x:x[0])\nLine 8: for i in range(n):\nLine 9: \tans.append(A2[i][1])\nLine 10: print(*ans)\n",
        "test_case_id": "1"
    }
]