[
    {
        "submission_id": "s682643787",
        "import_statements_removed": [],
        "import_statements_removed_libs": [],
        "number_of_imports_removed": 0,
        "number_of_calls": {},
        "lines_affected": {},
        "focc": [
            "Set 1: Statements 1, 2, 3, 4, 5, 6, 7, 8, 9, 10, 11, 12, 13, 14",
            "Set 2: Statements 1, 2, 3, 4, 5, 6, 7, 8, 9, 10, 11, 14",
            "Set 3: Statements 1, 2, 3, 4, 5, 6, 7, 8, 9, 11, 12, 13, 14",
            "Set 4: Statements 1, 2, 3, 4, 5, 6, 7, 8, 9, 11, 14",
            "Set 5: Statements 1, 2, 3, 4, 5, 6, 7, 8, 11, 12, 13, 14",
            "Set 6: Statements 1, 2, 3, 4, 5, 6, 7, 8, 11, 14",
            "Set 7: Statements 1, 2, 3, 4, 5, 6, 11, 12, 13, 14",
            "Set 8: Statements 1, 2, 3, 4, 5, 6, 11, 14"
        ],
        "code": "N = int(input())\nA = list(map(int,input().split()))\nans = 0\nP = 10**9+7\nbit = [0 for i in range(70)]\nfor i in range(N):\n    S = bin(A[i])\n    for j in range(1,len(S)-1):\n        if S[-1*j] == '1':\n            bit[j-1] += 1\nfor i in range(70):\n    ans += (2**i)*bit[i]*(N-bit[i])\n    ans %= P\nprint(ans)",
        "test_cases": [
            {
                "test_case_id": 1,
                "test_case_inputs": "Test Case Input:\n3\n2 5 9",
                "crispe_response": "To determine the best set of statements that will be covered by the test case, we will follow a similar step-by-step reasoning approach as demonstrated in the sample output.\n\n### PLAN:\n\n**Step 1: Input Processing**  \nThe given input format includes two inputs: \n- The first line is the number of elements (N).\n- The second line consists of the elements themselves in space-separated format.\n\nIn our test case, we input `3` for N and `2 5 9` for the list A. Therefore, lines 1 and 2 of the code (which handle input collection and list creation) are executed. \n\n**Observation 1:**  \nAll possible code coverage sets include lines 1 and 2, so they all remain applicable.\n\n**Step 2: Initialization and Iteration over the List A**  \nThe list `bit` is initialized with zeros, and for each integer in A, the binary representation is calculated. Looping is controlled by the outer `for` loop (line 5) iterating over the range of N (3 in this case). Thus, lines 3, 4, 5, and 6 are executed as they initialize variables and start the loop.\n\n**Observation 2:**  \nAll coverage sets include the execution of lines 3, 4, 5, and 6, so they all remain applicable.\n\n**Step 3: Inner Loop and Bit Counting**  \nFor each element in A, the program converts the integer to a binary string in line 6. For integers 2, 5, and 9, binary strings are '10', '101', and '1001' respectively. The inner loop (starting from line 7) iterates over this binary string to count '1's for each bit position. The loop processes:\n- For 2, the binary count operations affect:\n  - Bit position 1.\n- For 5, the binary count operations affect:\n  - Bit positions 0 and 2.\n- For 9, the binary count operations affect:\n  - Bit positions 0 and 3.\n  \nThus, lines 6, 7, 8, and 9 are executed for updating the bit count.\n\n**Observation 3:**  \nAll sets include execution through lines 6, 7, 8, and 9, keeping all sets still applicable.\n\n**Step 4: Calculating the Result**  \nAfter processing all elements, the program calculates `ans` with another loop iterating over the range 70. Lines 10 involves initializing this loop, and lines 11 and 12 are where the calculation and modulo operation (by P) take place.\n\n**Observation 4:**  \nOnly sets including line 11 remain viable, since the test case ensures these statement lines are directly associated with the `ans` calculation.\n\n**Step 5: Printing the Result**  \nThe last line (line 14) in the program prints `ans`, bringing the program to a close.\n\n**Observation 5:**  \nEvery set includes line 14, thereby retaining sets that align with previous observations regarding calculation operations.\n\n**Step 6: Eliminating Inapplicable Sets**  \nBased on core loops and calculations:\n- Sets including calculations with modulo (lines 11, 12, 13, 14) are applicable.\n- Adjustments and inclusions of other lines reduce possibilities to final observations.\n\nConsidering calculations and conditions from steps above, Set 7 and Set 8 contain all relevant lines, but sets containing lines 12 (`ans %= P` moderation) pinpoint full step-by-step conditions, especially given `ans` is output. Therefore:\n\n### FINAL CODE COVERAGE:\n**Set 7:** Statements 1, 2, 3, 4, 5, 6, 11, 12, 13, 14\n\nThis set accurately reflects the statements executed for the provided test case.",
                "response_time": 8.445540189743042,
                "input_tokens": 757,
                "output_tokens": 537
            },
            {
                "test_case_id": 2,
                "test_case_inputs": "Test Case Input:\n0\n0",
                "crispe_response": "Let's analyze the given program with the provided test case step by step to determine the possible set of code coverage.\n\n**GIVEN PYTHON PROGRAM:**\n```python\nN = int(input())\nA = list(map(int, input().split()))\nans = 0\nP = 10**9+7\nbit = [0 for i in range(70)]\nfor i in range(N):\n    S = bin(A[i])\n    for j in range(1, len(S) - 1):\n        if S[-1 * j] == '1':\n            bit[j - 1] += 1\nfor i in range(70):\n    ans += (2**i) * bit[i] * (N - bit[i])\n    ans %= P\nprint(ans)\n```\n\n**GIVEN TEST CASE INPUT:**\n```\n0\n0\n```\n\n**ANALYSIS:**\n\n**Step 1: Input Processing:**\n- The variable `N` is set to `0`, and the list `A` is an empty list since no additional input is available.\n- Observation 1: Lines 1 and 2 will be executed. Therefore, all sets of code coverage are initially applicable.\n\n**Step 2: Initialization:**\n- `ans` is initialized to `0`, and `P` is set to `10**9 + 7`. A list `bit` of size 70 is initialized with all elements as 0.\n- Observation 2: Lines 3, 4, and 5 are executed, so all coverage sets remain initially applicable.\n\n**Step 3: First Loop (Iterating over A):**\n- Since `N` is `0`, the first loop (`for i in range(N)`) will not be executed, skipping lines marked by statements 6, 7, 8, and 9.\n- Observation 3: Sets containing lines 6, 7, 8, and 9 in an active context are eliminated. This removes sets 1, 2, 3, 4, and 5 from consideration.\n\n**Step 4: Second Loop (Iterating over bit array):**\n- The loop (`for i in range(70)`) is executed, meaning line 11 is applicable.\n- Observation 4: Sets without line 11 are eliminated. Sets 7 and 8 remain applicable as they both include line 11.\n\n**Step 5: Calculation and Final Expression:**\n- Within the second loop, the expression `ans += (2**i) * bit[i] * (N - bit[i])` and `ans %= P` are processed, even though `N` is `0`, resulting in no change to `ans`.\n- Since lines 12 and 13 involve calculations but don't cause runtime changes to execution, code without these calculations in the path will still maintain correct execution flow, drawing attention mostly towards whether or not these were considered in theoretical pathing. \n- Observation 5: Both sets 7 and 8 are still applicable because they include the necessary evaluations of `ans`.\n\n**Step 6: Print Statement:**\n- Then, line 14 is executed to print `ans`.\n- Observation 6: Both sets 7 and 8 include line 14, and are contenders for the covered code.\n\n**Determining Final Code Coverage:**\n\n- The test input leads to the execution of lines 1 to 14, excluding conditions within the loop traversing `A` (as `N` is `0`), which narrows it to `Set 7` because:\n  - It includes necessary loop structures while maintaining coherence with the absence of 'A' loop steps. \n  - Line combination adheres to counting through `bit` and printing `ans` effectively.\n\n**FINAL CODE COVERAGE:**\nSet 7: Statements 1, 2, 3, 4, 5, 6, 11, 12, 13, 14",
                "response_time": 10.25968050956726,
                "input_tokens": 755,
                "output_tokens": 502
            }
        ],
        "serialized_code": "Line 1: N = int(input())\nLine 2: A = list(map(int,input().split()))\nLine 3: ans = 0\nLine 4: P = 10**9+7\nLine 5: bit = [0 for i in range(70)]\nLine 6: for i in range(N):\nLine 7:     S = bin(A[i])\nLine 8:     for j in range(1,len(S)-1):\nLine 9:         if S[-1*j] == '1':\nLine 10:             bit[j-1] += 1\nLine 11: for i in range(70):\nLine 12:     ans += (2**i)*bit[i]*(N-bit[i])\nLine 13:     ans %= P\nLine 14: print(ans)\n",
        "test_case_id": "1"
    }
]