[
    {
        "submission_id": "s314490059",
        "import_statements_removed": [],
        "import_statements_removed_libs": [],
        "number_of_imports_removed": 0,
        "number_of_calls": {},
        "lines_affected": {},
        "focc": [
            "Set 1: Statements 1, 2, 3, 4, 5, 6, 7, 8, 9, 10, 11, 12, 13, 14, 15, 16, 17, 22, 23, 24",
            "Set 2: Statements 1, 2, 3, 4, 5, 6, 7, 8, 9, 10, 11, 12, 13, 14, 15, 16, 17, 22, 23, 26",
            "Set 3: Statements 1, 2, 3, 4, 5, 6, 7, 8, 9, 10, 11, 12, 13, 14, 15, 16, 17, 22",
            "Set 4: Statements 1, 2, 3, 4, 5, 6, 7, 8, 9, 10, 11, 12, 13, 14, 15, 16, 17, 19, 20, 21, 22, 23, 24",
            "Set 5: Statements 1, 2, 3, 4, 5, 6, 7, 8, 9, 10, 11, 12, 13, 14, 15, 16, 17, 19, 20, 21, 22, 23, 26",
            "Set 6: Statements 1, 2, 3, 4, 5, 6, 7, 8, 9, 10, 11, 12, 13, 14, 15, 16, 17, 19, 20, 21, 22",
            "Set 7: Statements 1, 2, 3, 4, 5, 6, 7, 8, 9, 10, 11, 12, 13, 14, 15, 16, 22, 23, 24",
            "Set 8: Statements 1, 2, 3, 4, 5, 6, 7, 8, 9, 10, 11, 12, 13, 14, 15, 16, 22, 23, 26",
            "Set 9: Statements 1, 2, 3, 4, 5, 6, 7, 8, 9, 10, 11, 12, 13, 14, 15, 16, 22",
            "Set 10: Statements 1, 2, 3, 4, 5, 6, 7, 8, 9, 10, 11, 12, 13, 14, 22, 23, 24",
            "Set 11: Statements 1, 2, 3, 4, 5, 6, 7, 8, 9, 10, 11, 12, 13, 14, 22, 23, 26",
            "Set 12: Statements 1, 2, 3, 4, 5, 6, 7, 8, 9, 10, 11, 12, 13, 14, 22"
        ],
        "code": "from collections import deque\nN = int(input())\nG = [[] for i in range(N)]\nfor i in range(N-1):\n    u,v,w = map(int, input().split())\n    G[u-1].append((v-1, w))\n    G[v-1].append((u-1, w))\nst = deque()\npush, pop = st.appendleft, st.pop\npush(0)\ndist = [0]*N\ncnt = [0]*N\ncnt[0] = 1\nwhile st:\n    u = pop()\n    for v,w in G[u]:\n        if cnt[v] == 1:\n            continue\n        dist[v] = dist[u] + w\n        push(v)\n        cnt[v] = 1\nfor d in dist:\n    if d%2 == 0:\n        print(0)\n    else:\n        print(1)",
        "test_cases": [
            {
                "test_case_id": 1,
                "test_case_inputs": "Test Case Input:\n3\n1 2 3\n2 3 4",
                "crispe_response": "PLAN:\n\nStep 1: Input Handling:\n- The program begins by reading an integer `N` which represents the number of nodes. For the test case input \"3\", `N` will be set to 3.\n- A graph `G` is initialized as a list of empty lists, with one list for each node.\n- Lines 1-5 are executed to set up the number of nodes and initialize the adjacency list.\nObservation 1: All sets of code coverage are still applicable as all include statements 1 to 5.\n\nStep 2: Constructing the Graph:\n- The program reads pairs of nodes with weights from the input and builds an undirected graph `G`.\n- For \"1 2 3\", node 1 is connected to node 2 with weight 3. This translates to `G[0].append((1, 3))` and `G[1].append((0, 3))`.\n- For \"2 3 4\", node 2 (1 in zero-indexed) is connected to node 3 (2 in zero-indexed) with weight 4, resulting in `G[1].append((2, 4))` and `G[2].append((1, 4))`.\n- Lines 6-10 are executed for modifying `G`.\nObservation 2: All sets of code coverage remain applicable as they include lines 6 to 10.\n\nStep 3: Setting up for Depth-First Search:\n- Statements 11-15 initialize and set up a stack for traversal, distance, and count arrays.\nObservation 3: All sets are still valid as they all contain lines 11 through 15.\n\nStep 4: Depth-First Search Execution:\n- The traversal begins with a loop at line 16 (executing while `st` is not empty).\n- In each iteration, nodes are popped from the stack, and their neighbors are processed. The first overarching loop traverses node 0, then node 1. As a result of their exploration, the function continues to explore connected nodes, updating traversal order, distance values, and counts.\n- As Node 0 has unexplored neighbors (node 1), statement 17 is executed. After updating the required data structures, node 1 is pushed to the stack and count array at node 1 is updated which ultimately means statements 18-21 are executed.\n- This similarly happens when Node 1 explores Node 2 reflecting another iteration within the loop and execution of statements 18-21 as node 2 does not have further neighbors and gets pushed to the stack.\nObservation 4: Sets without statements 19, 20, and 21 get eliminated. Sets 4, 5, and 6 remain as valid choices.\n\nStep 5: Distance Check and Output:\n- The output is determined by evaluating each `dist[d]` values in line 22. The first two nodes have odd distances (3 and 7 respectively), yielding output 1. The third node has an even distance outputting 0.\n- Thus, lines 22-23 are executed for odd results, and lines 22-24 are for even results.\nObservation 5: The valid choices are narrowed down to those sets that contain executions of line 24 since `d%2 == 0` gets resolved during one of the distance checks. Sets 4 and 5 remain.\n\nStep 6: Distinction Based on Output Possibility:\nIn the final output, node distances result in print outputs (0 and 1) with respect to established conditions. The set chosen must reflect this fact appropriately. In this inquiry, resolution through code verification aligns with the interpretation of code guidance, indicating Set 4.\n\nFINAL CODE COVERAGE:\nSet 4: Statements 1, 2, 3, 4, 5, 6, 7, 8, 9, 10, 11, 12, 13, 14, 15, 16, 17, 19, 20, 21, 22, 23, 24",
                "response_time": 9.71432614326477,
                "input_tokens": 937,
                "output_tokens": 552
            },
            {
                "test_case_id": 2,
                "test_case_inputs": "Test Case Input:\n3\n1 2 3\n2 3 4",
                "crispe_response": "PLAN:\n\n**Step 1: Input Processing:**\n- The program begins by taking the integer input N, which determines the number of nodes in a graph. The test case provides N = 3.\n- Statements 1 and 2 will be executed to initialize and populate the list `G` for the graph connections, reflecting that we have three nodes.\n  \n**Observation 1:** \n- All possible sets are applicable as they all include statements 1 and 2.\n\n**Step 2: Reading Edge Inputs:**\n- The program reads edges between the nodes using the inputs \"1 2 3\" and \"2 3 4\", forming the connections: node 1 to node 2 with weight 3, and node 2 to node 3 with weight 4. \n- This involves executing statements 3 through 7 twice for each input line, populating the graph structure.\n\n**Observation 2:**\n- All sets remain applicable as they all include statements 3, 4, 5, 6, and 7.\n\n**Step 3: Deque and Distance Initialization:**\n- A deque `st` is initialized, and the starting node 0 is pushed into it using statements 8, 9, and 10.\n- Arrays `dist` and `cnt` are initialized and adjusted by statements 11, 12, and 13.\n\n**Observation 3:**\n- All sets remain applicable since they all match statements 8 through 13.\n\n**Step 4: BFS-like Traversal:**\n- The program enters the main loop (while loop on line 14) that processes nodes similarly to BFS. The goal is to calculate the shortest path and alternating colors.\n- Statement 15 is executed as nodes are popped from `st`, and lines 16 to 17 handle the adjacency processing of current nodes.\n- Node 0 is processed first, updating distances and modifying the deque appropriately.\n\n**Observation 4:**\n- All sets include statements 14, 15, 16, and 17, so they are still applicable.\n\n**Step 5: Checking Even/Odd Distances:**\n- For each node, the program checks the parity of the distance stored in `dist` (statement 22).\n- The test case numbers suggest that node distances are calculated such that some are odd and some are even, leading to different prints based on their parity.\n\n**Observation 5:** \n- This output uses either statement 23 (print 0) or statement 24 (print 1).\n\n**Analysis of Possible Coverage Sets:**\n- Sets that end with indicating an even or odd outcome (lines 23, 24 or 26) are viable.\n- The test scenario results in certain distance values leading to both \"0\" and \"1\" being printed through the iterations.\n\n**Step 6: Final Elimination:**\n- Sets that do not distinguish between odd and even distance outcomes can be ruled out.\n- Eliminate sets ending without statement 19 which checks the condition for even (outputs \"0\") or odd (outputs \"1\") needs.\n  \n**FINAL CODE COVERAGE:**\n- Set 5: Statements 1, 2, 3, 4, 5, 6, 7, 8, 9, 10, 11, 12, 13, 14, 15, 16, 17, 19, 20, 21, 22, 23, 26",
                "response_time": 8.154555559158325,
                "input_tokens": 937,
                "output_tokens": 472
            }
        ],
        "serialized_code": "Line 1: from collections import deque\nLine 2: N = int(input())\nLine 3: G = [[] for i in range(N)]\nLine 4: for i in range(N-1):\nLine 5:     u,v,w = map(int, input().split())\nLine 6:     G[u-1].append((v-1, w))\nLine 7:     G[v-1].append((u-1, w))\nLine 8: st = deque()\nLine 9: push, pop = st.appendleft, st.pop\nLine 10: push(0)\nLine 11: dist = [0]*N\nLine 12: cnt = [0]*N\nLine 13: cnt[0] = 1\nLine 14: while st:\nLine 15:     u = pop()\nLine 16:     for v,w in G[u]:\nLine 17:         if cnt[v] == 1:\nLine 18:             continue\nLine 19:         dist[v] = dist[u] + w\nLine 20:         push(v)\nLine 21:         cnt[v] = 1\nLine 22: for d in dist:\nLine 23:     if d%2 == 0:\nLine 24:         print(0)\nLine 25:     else:\nLine 26:         print(1)\n",
        "test_case_id": "1"
    },
    {
        "submission_id": "s314490059",
        "import_statements_removed": [
            "from collections import deque"
        ],
        "import_statements_removed_libs": [
            "collections"
        ],
        "number_of_imports_removed": 1,
        "number_of_calls": {
            "collections": 0
        },
        "lines_affected": {
            "collections": []
        },
        "focc": [
            "Set 1: Statements 1, 2, 3, 4, 5, 6, 7, 8, 9, 10, 11, 12, 13, 14, 15, 16, 21, 22, 23",
            "Set 2: Statements 1, 2, 3, 4, 5, 6, 7, 8, 9, 10, 11, 12, 13, 14, 15, 16, 21, 22, 25",
            "Set 3: Statements 1, 2, 3, 4, 5, 6, 7, 8, 9, 10, 11, 12, 13, 14, 15, 16, 21",
            "Set 4: Statements 1, 2, 3, 4, 5, 6, 7, 8, 9, 10, 11, 12, 13, 14, 15, 16, 18, 19, 20, 21, 22, 23",
            "Set 5: Statements 1, 2, 3, 4, 5, 6, 7, 8, 9, 10, 11, 12, 13, 14, 15, 16, 18, 19, 20, 21, 22, 25",
            "Set 6: Statements 1, 2, 3, 4, 5, 6, 7, 8, 9, 10, 11, 12, 13, 14, 15, 16, 18, 19, 20, 21",
            "Set 7: Statements 1, 2, 3, 4, 5, 6, 7, 8, 9, 10, 11, 12, 13, 14, 15, 21, 22, 23",
            "Set 8: Statements 1, 2, 3, 4, 5, 6, 7, 8, 9, 10, 11, 12, 13, 14, 15, 21, 22, 25",
            "Set 9: Statements 1, 2, 3, 4, 5, 6, 7, 8, 9, 10, 11, 12, 13, 14, 15, 21",
            "Set 10: Statements 1, 2, 3, 4, 5, 6, 7, 8, 9, 10, 11, 12, 13, 21, 22, 23",
            "Set 11: Statements 1, 2, 3, 4, 5, 6, 7, 8, 9, 10, 11, 12, 13, 21, 22, 25",
            "Set 12: Statements 1, 2, 3, 4, 5, 6, 7, 8, 9, 10, 11, 12, 13, 21"
        ],
        "code": "N = int(input())\nG = [[] for i in range(N)]\nfor i in range(N-1):\n    u,v,w = map(int, input().split())\n    G[u-1].append((v-1, w))\n    G[v-1].append((u-1, w))\nst = deque()\npush, pop = st.appendleft, st.pop\npush(0)\ndist = [0]*N\ncnt = [0]*N\ncnt[0] = 1\nwhile st:\n    u = pop()\n    for v,w in G[u]:\n        if cnt[v] == 1:\n            continue\n        dist[v] = dist[u] + w\n        push(v)\n        cnt[v] = 1\nfor d in dist:\n    if d%2 == 0:\n        print(0)\n    else:\n        print(1)",
        "test_cases": [
            {
                "test_case_id": 1,
                "test_case_inputs": "Test Case Input:\n3\n1 2 3\n2 3 4",
                "crispe_response": "Let's analyze the given Python program and determine the most appropriate set of code coverage for the provided test case, adhering to the format from the initial example.\n\n**GIVEN TEST CASE**:    \nTest Case Input:  \n```\n3\n1 2 3\n2 3 4\n```\n\n**INITIAL PLAN AND STEP-BY-STEP ANALYSIS**:  \n\n**Step 1: Initial Input Processing**\n- The first input number `3` is read, which sets `N = 3`. This means that we have 3 nodes in the graph.\n- `G` is initialized as a list of empty lists for each node: `G = [[], [], []]`.\n- Lines 1 and 2 are executed as part of this initial setup.\n- **Observation 1**: All sets include lines 1 and 2, so all are still applicable.\n\n**Step 2: Processing the Graph Edges**\n- The program reads two edges represented by the pairs of numbers (1, 2, 3) and (2, 3, 4):\n  1. `(1, 2, 3)` translates to `(0, 1, 3)` (adjusting for 0-indexing), so `G[0].append((1, 3))` and `G[1].append((0, 3))`.\n  2. `(2, 3, 4)` translates to `(1, 2, 4)`, so `G[1].append((2, 4))` and `G[2].append((1, 4))`.\n- This results in `G = [[(1, 3)], [(0, 3), (2, 4)], [(1, 4)]]`.\n- Lines 3 to 8 are executed for this step.\n- **Observation 2**: All sets include lines 3 to 8, so all are still applicable.\n\n**Step 3: Preparing for Breadth-First Search Traversal**\n- The deque `st` is initialized, and `0` is pushed to it. Arrays `dist` and `cnt` are initialized as `[0, 0, 0]` and `[1, 0, 0]`, respectively.\n- Lines 9 to 13 are executed here.\n- **Observation 3**: All sets include lines 9 to 13, so all are still applicable.\n\n**Step 4: BFS Traversal of the Graph**\n- The algorithm begins a loop while `st` is not empty:\n  1. Pops `0` from `st`, examines neighbors: finds `(1, 3)`, sets `dist[1] = 3` and `cnt[1] = 1`, and pushes `1` to `st`.\n  2. Pops `1` from `st`, examines neighbors: skips `(0, 3)` (since `cnt[0] == 1`), finds `(2, 4)`, sets `dist[2] = 7` and `cnt[2] = 1`, and pushes `2` to `st`.\n  3. Pops `2` from `st`, examines neighbors: skips `(1, 4)` (since `cnt[1] == 1`).\n- Lines 14 to 18 are executed here.\n- **Observation 4**: Sets that include lines 14 to 18 are applicable. Sets 1, 2, 3, 4, 5, 6, and 10, and 11 include these lines.\n\n**Step 5: Output Processing**\n- After completing the BFS, the program checks the distance values in `dist = [0, 3, 7]` and prints:\n  - `0` for `0` (because `0 % 2 == 0`),\n  - `1` for `3` (because `3 % 2 != 0`),\n  - `1` for `7` (because `7 % 2 != 0`).\n- Thus, statements 21 through 25 are executed as the program iterates over distances.\n- **Observation 5**: Sets that include full distance checks against even/odd are 1, 2, 4, 5, 7, 8, 10, and 11.\n\n**Step 6: Eliminating Non-Applicable Sets**\n- Since all nodes have non-zero distances, lines 19 and 20 (which are part of the 'continue' condition) won't affect program execution, thus eliminating sets 6 and 12 as these do not include lines 21-25.\n\n**FINAL CODE COVERAGE**:\n- Considering all observations, the most comprehensive set includes the necessary flow and covers for both even and odd distances:\n- **Set 1**: Statements 1, 2, 3, 4, 5, 6, 7, 8, 9, 10, 11, 12, 13, 14, 15, 16, 21, 22, 23",
                "response_time": 13.199188947677612,
                "input_tokens": 921,
                "output_tokens": 569
            },
            {
                "test_case_id": 2,
                "test_case_inputs": "Test Case Input:\n3\n1 2 3\n2 3 4",
                "crispe_response": "PLAN:\n\nStep 1: Input Processing\n\nObservation 1: \n- The test case input consists of a value for N followed by pairs (u, v, w). Lines 1 and 2 are executed to process the initial input (N) and create an adjacency list G for the graph. \n- All sets of code coverage are still applicable as they include lines 1 and 2.\n\nStep 2: Reading Edges and Constructing Graph\n\nObservation 2:\n- For loop (Line 3) runs N-1 times, which is 2 times in this case.\n- Lines 4 and 5 are executed because pairs 1 2 3 and 2 3 4 are provided, and the adjacency list G is constructed correctly.\n- All sets of code coverage remain applicable as they account for the execution of lines 3, 4, and 5.\n\nStep 3: Deque Initialization and First Push\n\nObservation 3:\n- Statements 6, 7, 8, and 9 execute to initialize the deque and push the starting node (0) onto it.\n- All sets of coverage still include these lines, so they remain valid.\n\nStep 4: Breadth-First Search (BFS) Loop\n\nObservation 4:\n- The while loop starting at line 10 operates as long as the deque has elements.\n- Initially, node 0 is popped and processed. Since its only adjacent node is node 1 (from earlier graph construction), lines 11-15 are executed for the first time.\n- As all sets include lines through to 16, they all remain valid.\n\nStep 5: Odd or Even Distance Check\n\nObservation 5:\n- For loop (Line 21) iterates over each node's distance from the starting node:\n  - Node 0 has distance 0 (even), so line 22 executes printing 0.\n  - Node 1 has distance 3 (odd), so statement 23 executes printing 1.\n  - Node 2 has distance 7 (odd), so again statement 23 executes.\n- This eliminates any sets that do not include both line 22 and 23.\n\nStep 6: Final Selection of Code Coverage\n\nObservation 6:\n- Only sets that account for both print statements within the loop (both even and odd distances) are viable.\n\nFINAL CODE COVERAGE:\n- Review remaining sets for inclusion of all necessary statements given the test case.\n- Based on the iteration from the previous observations and including required lines for input, construction, and BFS, Set 1: Statements 1, 2, 3, 4, 5, 6, 7, 8, 9, 10, 11, 12, 13, 14, 15, 16, 21, 22, and 23 proves to fully align with the given test case execution.",
                "response_time": 9.025269985198975,
                "input_tokens": 921,
                "output_tokens": 409
            }
        ],
        "serialized_code": "Line 1: N = int(input())\nLine 2: G = [[] for i in range(N)]\nLine 3: for i in range(N-1):\nLine 4:     u,v,w = map(int, input().split())\nLine 5:     G[u-1].append((v-1, w))\nLine 6:     G[v-1].append((u-1, w))\nLine 7: st = deque()\nLine 8: push, pop = st.appendleft, st.pop\nLine 9: push(0)\nLine 10: dist = [0]*N\nLine 11: cnt = [0]*N\nLine 12: cnt[0] = 1\nLine 13: while st:\nLine 14:     u = pop()\nLine 15:     for v,w in G[u]:\nLine 16:         if cnt[v] == 1:\nLine 17:             continue\nLine 18:         dist[v] = dist[u] + w\nLine 19:         push(v)\nLine 20:         cnt[v] = 1\nLine 21: for d in dist:\nLine 22:     if d%2 == 0:\nLine 23:         print(0)\nLine 24:     else:\nLine 25:         print(1)\n",
        "test_case_id": "2"
    }
]