[
    {
        "submission_id": "s501196156",
        "import_statements_removed": [],
        "import_statements_removed_libs": [],
        "number_of_imports_removed": 0,
        "number_of_calls": {},
        "lines_affected": {},
        "focc": [
            "Set 1: Statements 1, 2, 3, 4, 5, 6, 7, 17",
            "Set 2: Statements 1, 2, 3, 4, 5, 6, 8, 10, 17",
            "Set 3: Statements 1, 2, 3, 4, 5, 6, 8, 13, 14, 17",
            "Set 4: Statements 1, 2, 3, 4, 5, 6, 8, 13, 16, 17",
            "Set 5: Statements 1, 2, 3, 4, 17"
        ],
        "code": "from collections import deque\nn = int(input())\ndll = deque()\nfor i in range(n):\n    input_line = input().split()\n    if input_line[0] == \"insert\":\n        dll.appendleft(input_line[1])\n    elif input_line[0] == \"delete\":\n        try:\n            dll.remove(input_line[1])\n        except:\n            pass\n    elif input_line[0] == \"deleteFirst\":\n        dll.popleft()\n    else:\n        dll.pop()\nprint(*dll)",
        "test_cases": [
            {
                "test_case_id": 1,
                "test_case_inputs": "Test Case Input:\n4\ninsert 1\ndelete 2\ndeleteFirst\npop",
                "crispe_response": "PLAN:\n\nStep 1: Input Processing:\nThe program starts by reading an integer `n` which indicates how many commands will follow. Given the test case input, `n` is 4. This means lines 2 and 3 are executed to initialize and prepare for command inputs.\nObservation 1: All sets of code coverage are applicable as they all include lines 1, 2, and 3.\n\nStep 2: Loop Iteration for Commands:\nThe program enters a loop that will run `n` times (4 times for this test case). This implies that the loop (line 4) will iterate four times to process each command.\nObservation 2: All sets of code coverage remain applicable as they all account for the loop executing (line 4).\n\nStep 3: First Command - \"insert 1\":\nFor the first iteration, the command is \"insert 1\". The program checks the condition at line 5 (`if input_line[0] == \"insert\"`) which evaluates to True. Thus, line 6 is executed to append '1' to the left of the deque.\nObservation 3: Sets 1, 2, 3, and 5 are applicable as they include lines 5 and 6.\n\nStep 4: Second Command - \"delete 2\":\nIn the second iteration, the command is \"delete 2\". The program evaluates the condition at line 5 which evaluates to False, then checks the condition at line 7 (`elif input_line[0] == \"delete\"`) which evaluates to True. Therefore, line 8 is executed to attempt deletion of '2', entering the try block. Since '2' is not present, line 10 is executed to handle the exception with `pass`.\nObservation 4: Sets 2, 3, and 4 are applicable as they include lines 7, 8, and 10.\n\nStep 5: Third Command - \"deleteFirst\":\nFor the third iteration, the command is \"deleteFirst\". The condition at line 5 and line 7 evaluate to False, but the condition at line 11 (`elif input_line[0] == \"deleteFirst\"`) evaluates to True. Line 13 is executed to remove the first element ('1') from the deque.\nObservation 5: Sets 3 and 4 are applicable as they include lines 11 and 13.\n\nStep 6: Fourth Command - \"pop\":\nFor the fourth iteration, the command is \"pop\". All previous conditions (lines 5, 7, and 11) evaluate to False, so the else block is executed at line 15. Line 16 executes to pop the last element from the deque, which is currently empty.\nObservation 6: Set 4 is applicable as it includes line 16.\n\nStep 7: End of Program:\nFinally, after processing all commands, line 17 prints the contents of the deque, which is empty at this point.\nObservation 7: Considering the previous observations, only set 4 is applicable as it includes all previously executed lines and line 17.\n\nFINAL CODE COVERAGE:\nSet 4: Statements 1, 2, 3, 4, 5, 6, 8, 13, 16, 17",
                "response_time": 8.73350191116333,
                "input_tokens": 696,
                "output_tokens": 456
            },
            {
                "test_case_id": 2,
                "test_case_inputs": "Test Case Input:\ndelete A",
                "crispe_response": "Below is a step-by-step reasoning to determine the code coverage set for the given Python program and the test case:\n\n---\n\n**PLAN:**\n\n**Step 1: Input Processing:**\n\n- The program begins by importing `deque` from the `collections` module (Statement 1) and reading a single integer `n` from input (Statement 2). \n- Given the test case input `delete A`, which includes an extraneous command that doesn't provide an integer value, `n`, the program will likely experience an error when it attempts to convert this command to an integer at Statement 2.\n  \n**Observation 1:**\n- Since processing `delete A` as an integer will fail, an error might occur, but here we'll consider that all scenarios assume a valid input is provided.\n- Therefore, Statements 1 and 2 are executed initially.\n\n**Step 2: Loop Initialization:**\n\n- The loop from Statement 3 to Statement 16 would be intended if a valid number of loop iterations (`n`) was given.\n  \n**Observation 2:**\n- With input misformatting in the test case, assume `n` is misunderstood as zero if error handling or defaults are in place; hence, the loop (Statements 3 to 16) would not execute any iterations.\n\n**Step 3: Checking Insert/Delete Operations:**\n\n- Since `delete A` represents no integer for loop iterations, the specific `if-elif` blocks for commands (`insert`, `delete`, `deleteFirst`, `deleteLast`) in Statements 6-13 would not be reached due to zero iterations.\n  \n**Observation 3:**\n- None of the insert or delete operations based on `input_line[0]` (Statements 6, 8, 11, 13) are executed, so these sets aren't applicable.\n  \n**Step 4: Print Final Deque Content:**\n\n- The `print(*dll)` statement attempts to output the contents of `dll` (Statement 17).\n- As `dll` was never modified due to zero iterations, it would still be empty.\n\n**Observation 4:**\n- Statements up to 4 and 17 are executed, as input processing doesn't manage to initiate further steps involving the loop due to input misformatting.\n\n**Final Code Coverage:**\n\nGiven the constraints and assumptions from the test case setup, the focus centers on scenarios where input occurs but loop operations are ignored due to misinterpretation. Thus, Set 1 and Set 5 might capture this context:\n\n- **Set 5:** Statements 1, 2, 3, 4, 17\n\nThis set reflects basic setup for handling input and attempting to output despite misformed input translating to no loop iterations.\n\n---\n\n**FINAL CODE COVERAGE:**\n- **Set 5:** Statements 1, 2, 3, 4, 17\n\nThis step-by-step analysis applies the misaligned input context to shape the understanding of code execution despite a mismatch in initial processing expectations.",
                "response_time": 7.856645345687866,
                "input_tokens": 691,
                "output_tokens": 414
            }
        ],
        "serialized_code": "Line 1: from collections import deque\nLine 2: n = int(input())\nLine 3: dll = deque()\nLine 4: for i in range(n):\nLine 5:     input_line = input().split()\nLine 6:     if input_line[0] == \"insert\":\nLine 7:         dll.appendleft(input_line[1])\nLine 8:     elif input_line[0] == \"delete\":\nLine 9:         try:\nLine 10:             dll.remove(input_line[1])\nLine 11:         except:\nLine 12:             pass\nLine 13:     elif input_line[0] == \"deleteFirst\":\nLine 14:         dll.popleft()\nLine 15:     else:\nLine 16:         dll.pop()\nLine 17: print(*dll)\n",
        "test_case_id": "1"
    },
    {
        "submission_id": "s501196156",
        "import_statements_removed": [
            "from collections import deque"
        ],
        "import_statements_removed_libs": [
            "collections"
        ],
        "number_of_imports_removed": 1,
        "number_of_calls": {
            "collections": 0
        },
        "lines_affected": {
            "collections": []
        },
        "focc": [
            "Set 1: Statements 1, 2, 3, 4, 5, 6, 16",
            "Set 2: Statements 1, 2, 3, 4, 5, 7, 9, 16",
            "Set 3: Statements 1, 2, 3, 4, 5, 7, 12, 13, 16",
            "Set 4: Statements 1, 2, 3, 4, 5, 7, 12, 15, 16",
            "Set 5: Statements 1, 2, 3, 16"
        ],
        "code": "n = int(input())\ndll = deque()\nfor i in range(n):\n    input_line = input().split()\n    if input_line[0] == \"insert\":\n        dll.appendleft(input_line[1])\n    elif input_line[0] == \"delete\":\n        try:\n            dll.remove(input_line[1])\n        except:\n            pass\n    elif input_line[0] == \"deleteFirst\":\n        dll.popleft()\n    else:\n        dll.pop()\nprint(*dll)",
        "test_cases": [
            {
                "test_case_id": 1,
                "test_case_inputs": "Test Case Input:\n4\ninsert 1\ndelete 2\ndeleteFirst\npop",
                "crispe_response": "To identify the best set of statements covered by the given test case, let's go through the code and the operations step by step.\n\n### Plan:\n\n#### Step 1: Initial Input Processing\n- **Line 1**: The program reads an integer `n`, which in this test case is `4`. This indicates that there will be 4 operations.\n- **Observation 1**: Since the program starts with reading an integer, all given sets include Line 1.\n\n#### Step 2: Initialization\n- **Line 2**: The deque `dll` is initialized.\n- **Line 3**: A loop is started which will iterate `n` times, which is 4 times in this test case.\n- **Observation 2**: All sets include this initialization and start of the loop (Lines 2 and 3).\n\n#### Step 3: First Iteration (Operation: \"insert 1\")\n- **Line 4**: The `input_line` is split into `[\"insert\", \"1\"]`.\n- **Line 5**: The condition `if input_line[0] == \"insert\"` is true, so Line 5 is executed, which appends '1' to the left of `dll`.\n- **Observation 3**: All sets must include Line 5 as the \"insert\" operation is executed.\n\n#### Step 4: Second Iteration (Operation: \"delete 2\")\n- **Line 4**: The `input_line` is split into `[\"delete\", \"2\"]`.\n- **Line 7**: The condition `elif input_line[0] == \"delete\"` is true, so the program attempts to execute Line 7 to remove '2' from `dll`.\n- **Line 9**: Since '2' is not found in `dll`, an exception is caught, and the `except` block (Line 9) executes.\n- **Observation 4**: Sets must include Lines 7 and 9 as the \"delete\" operation is executed, but the remove operation fails and the exception is caught.\n\n#### Step 5: Third Iteration (Operation: \"deleteFirst\")\n- **Line 4**: The `input_line` is split into `[\"deleteFirst\"]`.\n- **Line 12**: The condition `elif input_line[0] == \"deleteFirst\"` is true, so Line 12 executes, removing the first element from `dll`.\n- **Observation 5**: Sets must include Line 12 as the \"deleteFirst\" operation is executed.\n\n#### Step 6: Fourth Iteration (Operation: \"pop\")\n- **Line 4**: The `input_line` is split into `[\"pop\"]`.\n- **Line 15**: The final else condition is met, executing Line 15 to pop the last element from `dll`.\n- **Observation 6**: Sets must include Line 15 as the \"pop\" operation is executed.\n\n#### Step 7: End of Program\n- **Line 16**: The remaining elements in the deque are printed at the end of the loop.\n- **Observation 7**: All sets include Line 16 since it is executed after the loop.\n\n### Final Code Coverage Analysis:\n- Based on the steps and observations, the covered code paths include initializing the deque, handling the \"insert\", \"delete\" (with exception handling), \"deleteFirst\", and \"pop\" operations, and finally printing the deque.\n- The operations after processing match the criteria of covering initialization and various operations, which is detailed in **Set 3: Statements 1, 2, 3, 4, 5, 7, 12, 13, 16** as it includes all operations with the necessary processing and exception handling.\n\n### FINAL CODE COVERAGE:\nSet 3: Statements 1, 2, 3, 4, 5, 7, 12, 13, 16",
                "response_time": 14.370216846466064,
                "input_tokens": 687,
                "output_tokens": 500
            },
            {
                "test_case_id": 2,
                "test_case_inputs": "Test Case Input:\ndelete A",
                "crispe_response": "To determine the code coverage for the given test case, we'll perform a step-by-step elimination process based on the test case and the program logic.\n\n### GIVEN PYTHON PROGRAM \n```python\nn = int(input())\ndll = deque()\nfor i in range(n):\n    input_line = input().split()\n    if input_line[0] == \"insert\":\n        dll.appendleft(input_line[1])\n    elif input_line[0] == \"delete\":\n        try:\n            dll.remove(input_line[1])\n        except:\n            pass\n    elif input_line[0] == \"deleteFirst\":\n        dll.popleft()\n    else:\n        dll.pop()\nprint(*dll)\n```\n\n### GIVEN TEST CASE\nTest Case Input:\n```\ndelete A\n```\n\n### POSSIBLE SETS OF CODE COVERAGE\n1. Statements 1, 2, 3, 4, 5, 6, 16\n2. Statements 1, 2, 3, 4, 5, 7, 9, 16\n3. Statements 1, 2, 3, 4, 5, 7, 12, 13, 16\n4. Statements 1, 2, 3, 4, 5, 7, 12, 15, 16\n5. Statements 1, 2, 3, 16\n\n### PLAN:\n#### Step 1: Initial Input Handling\n- The program begins by taking an integer input `n`. For the test case given as `\"delete A\"`, imply `n = 1` (since only one operation is present).\n- Statement 1 will be executed, and an empty deque `dll` is initialized (Statement 2).\n\n**Observation 1:** Statements 1 and 2 are executed, so all sets are initially applicable.\n\n#### Step 2: Loop Execution\n- The program enters the loop (Statement 3) which will iterate `n` times. Given `n = 1`, it will iterate once.\n- The input is `\"delete A\"`, so `input_line = [\"delete\", \"A\"]`.\n\n**Observation 2:** The loop (Statement 3) begins iteration, confirming all sets still applicable.\n\n#### Step 3: Checking Operations\n- The first element of `input_line` is `\"delete\"`, satisfying the condition at Statement 5.\n- This leads to the try block with `dll.remove(input_line[1])` (Statement 7). However, since `dll` is initially empty and will not contain `\"A\"`, an exception occurs.\n- The exception is caught, executing the `except` block with `pass` (Statement 9).\n\n**Observation 3:** The `\"delete\"` operation's block (Statements 5, 7, and 9) is executed, narrowing down to Sets 2, 3, and 4.\n\n#### Step 4: End of Loop and Final Output\n- The loop is complete after one iteration as `n = 1`.\n- Finally, the program executes Statement 16 to print the contents of `dll`. Since `dll` remains empty, the output is empty.\n\n**Observation 4:** Considering Statements 1, 2, 3, 5, 7, 9, and 16, the only set fitting this is Set 2.\n\n### FINAL CODE COVERAGE:\nSet 2: Statements 1, 2, 3, 4, 5, 7, 9, 16",
                "response_time": 8.638968467712402,
                "input_tokens": 682,
                "output_tokens": 399
            }
        ],
        "serialized_code": "Line 1: n = int(input())\nLine 2: dll = deque()\nLine 3: for i in range(n):\nLine 4:     input_line = input().split()\nLine 5:     if input_line[0] == \"insert\":\nLine 6:         dll.appendleft(input_line[1])\nLine 7:     elif input_line[0] == \"delete\":\nLine 8:         try:\nLine 9:             dll.remove(input_line[1])\nLine 10:         except:\nLine 11:             pass\nLine 12:     elif input_line[0] == \"deleteFirst\":\nLine 13:         dll.popleft()\nLine 14:     else:\nLine 15:         dll.pop()\nLine 16: print(*dll)\n",
        "test_case_id": "2"
    }
]