[
    {
        "submission_id": "s447555081",
        "import_statements_removed": [],
        "import_statements_removed_libs": [],
        "number_of_imports_removed": 0,
        "number_of_calls": {},
        "lines_affected": {},
        "focc": [
            "Set 1: Statements 1, 2, 3, 4, 9, 10, 11, 12, 13, 14, 15, 19",
            "Set 2: Statements 1, 2, 3, 4, 9, 10, 11, 12, 13, 14, 15, 17, 18, 19",
            "Set 3: Statements 1, 2, 3, 4, 9, 10, 11, 12, 13, 14, 15, 17, 19",
            "Set 4: Statements 1, 2, 3, 4, 9, 10, 11, 12, 13, 14, 19",
            "Set 5: Statements 1, 2, 3, 4, 9, 10, 11, 12, 13, 19"
        ],
        "code": "import math\nN = int(input())\nS = list(input())\ndef Word(i, a, b):\n    if S[i] != S[i + a] and S[i] != S[i + a + b] and S[i + a] != S[i + a + b]:\n        return True\n    else:\n        return False\nR = S.count(\"R\")\nG = S.count(\"G\")\nB = S.count(\"B\")\nans = R * G * B\nfor i in range(0, N - 1):\n    for a in range(1, math.ceil(N / 2)):\n        if i + a * 2 >= N:\n            break\n        if S[i] != S[i + a] and S[i] != S[i + a * 2] and S[i + a] != S[i + a * 2]:\n            ans -= 1\nprint(ans)",
        "test_cases": [
            {
                "test_case_id": 1,
                "test_case_inputs": "Test Case Input:\n3\nRGB",
                "crispe_response": "PLAN:\n\nStep 1: Input Processing:\n- The program starts by taking an integer `N` and a list `S` as inputs. Here `N` is 3 and `S` is \"RGB\".\n- Thus, lines 1 and 2 are executed for this input processing.\nObservation 1: All sets of code coverage include lines 1 and 2, so they are all applicable initially.\n\nStep 2: Counting Occurrences:\n- The program counts the occurrences of 'R', 'G', and 'B' in the list `S`. Since `S` is \"RGB\", `R`, `G`, and `B` each will be 1.\n- Lines 3, 4, and 5 are executed for counting, as they cover finding counts of 'R', 'G', and 'B'.\nObservation 2: All code coverage sets remain applicable as they include lines 3, 4, and 5.\n\nStep 3: Initial Calculation:\n- The program calculates the product `R * G * B`, which results in `1 * 1 * 1 = 1`. This value is stored in `ans`.\n- Line 9 is executed for this calculation.\nObservation 3: All sets account for this as they include line 9.\n\nStep 4: Nested Loop Execution:\n- The outer loop starts with `i` ranging from 0 to 1 (since `N-1` is 2), and the inner loop considers `a` ranging from 1 to 1 (`math.ceil(3/2)` equals 2, so maximum `a` less than that is 1).\n- Lines 10 and 11 are executed for initiating the loops.\nObservation 4: The presence of lines 10 and 11 in all sets keeps them applicable.\n\nStep 5: Break Condition:\n- For `i = 0` and `a = 1`, check `i + a * 2`, which equals 0 + 2 = 2, which is less than `N` (3). Thus, `break` condition (`i + a * 2 >= N`) is not met, for this iteration.\n- Line 12 is executed for this iteration check.\nObservation 5: All sets remain applicable as they all encapsulate line 12.\n\nStep 6: Condition Checking inside Loops:\n- The program then checks if `S[i] != S[i+a]`, `S[i] != S[i+a*2]`, and `S[i+a] != S[i+a*2]`. This translates to verifying if `S[0] != S[1]`, `S[0] != S[2]`, and `S[1] != S[2]`, equivalent to checking characters 'R', 'G', 'B'. They are indeed distinct, so the condition is satisfied.\n- Line 14 is executed to verify these conditions.\n- Since the condition is met, `ans` is decremented by 1, making `ans = 0`.\n- Line 15 is executed for decrementing `ans`.\n- The inner loop ends as `a = 1` reaches its limit.\nObservation 6: Sets 1, 2, 3, and 5 are applicable since they include lines 14 and 15. Set 4 does not have line 15, eliminating it from consideration.\n\nStep 7: End of Program:\n- The program concludes with printing the value of `ans`, which is 0.\n- Line 19 is executed to print the result.\nObservation 7: All remaining sets (1, 2, 3, and 5) include line 19.\n\nStep 8: Skipping certain lines:\n- Line 13 is the continuation condition for the inner loop, but we never reach an iteration that skips the decrement or conditions as described earlier. Line 17 is where `break` in inner loop executes but won't be evaluated since the check fails during the range provided by test input.\n- Only sets 1, 3, and 5 don't include line 17. Since line 17 isn't executed in our test case, sets 2 are eliminated.\n\nFINAL CODE COVERAGE:\nSet 5: Statements 1, 2, 3, 4, 9, 10, 11, 12, 13, 19",
                "response_time": 12.508638143539429,
                "input_tokens": 779,
                "output_tokens": 574
            },
            {
                "test_case_id": 2,
                "test_case_inputs": "Test Case Input:\n3\nRGB",
                "crispe_response": "PLAN:\n\n**Step 1: Input Processing**\n- The program begins by reading an integer input `N` and then a string input `S`. The test case provides the input `3` for `N` and the string `\"RGB\"` for `S`.\n- Observation 1: Lines 1, 2, and 3 are executed for input processing. All sets of code coverage include these lines.\n\n**Step 2: Function Definition**\n- The function `Word(i, a, b)` is defined between lines 4 to 8, but it is not called in this test case. This implies the body of the function is not executed.\n- Observation 2: No impact on eliminating sets as all sets include the function definition.\n\n**Step 3: Count Initialization**\n- The program counts the occurrences of the characters `\"R\"`, `\"G\"`, and `\"B\"` in the list `S`, storing the counts in variables `R`, `G`, and `B`.\n- On line 9, `R` is set to 1, `G` is set to 1, and `B` is set to 1 given the input `\"RGB\"`.\n- Observation 3: All sets include line 9.\n\n**Step 4: Calculation of Initial Answer**\n- The variable `ans` is calculated as `R * G * B` which results in `1 * 1 * 1 = 1`. This happens on line 10.\n- Observation 4: All sets of code coverage include line 10.\n\n**Step 5: Outer Loop Initialization**\n- The outer loop starts on line 11, iterating over `i` from 0 to `N-1` (0 to 2 for `N=3`).\n- Observation 5: All sets include lines 11 and 12 (the loop setup).\n\n**Step 6: Inner Loop Execution and Condition Check**\n- For each `i`, the inner loop spans line 13 with `a` ranging up to `math.ceil(N / 2)` which is 2 in this scenario.\n- For `i=0`, `a=1` is considered:\n\n  - The `if` condition on line 14 `if i + a * 2 >= N` is checked. Here, `i + a * 2` becomes `2` which is not greater than `N`. Therefore, the loop continues.\n  - This results in executing the condition on line 15 where `S[i]`, `S[i+a]`, and `S[i+a*2]` for `i=0`, `a=1` translate to `S[0]`, `S[1]`, `S[2]` being \"R\", \"G\", and \"B\", respectively. Since these are distinct, the condition is satisfied, and `ans` is decremented by 1 (to 0).\n  \n- Considering `i=1`, the loop breaks as `i + a * 2` becomes `3`, which is `>= N`.\n- Observation 6: The condition on line 15 is met, executing line 17 which results in decrementing `ans`. This keeps sets 2, 3, and 4 applicable (since they include line 15 and its execution path).\n\n**Step 7: Conclusion of Loop and Final Answer**\n- After completing the loops, line 19 is reached, which prints the value of `ans`.\n- Observation 7: Only sets 3 and 4 include line 19's direct path with the conditions specified in previous observations.\n\n**Final Code Coverage:**\n- Set 3: Lines 1, 2, 3, 4, 9, 10, 11, 12, 13, 14, 15, 17, 19",
                "response_time": 9.403244256973267,
                "input_tokens": 779,
                "output_tokens": 486
            }
        ],
        "serialized_code": "Line 1: import math\nLine 2: N = int(input())\nLine 3: S = list(input())\nLine 4: def Word(i, a, b):\nLine 5:     if S[i] != S[i + a] and S[i] != S[i + a + b] and S[i + a] != S[i + a + b]:\nLine 6:         return True\nLine 7:     else:\nLine 8:         return False\nLine 9: R = S.count(\"R\")\nLine 10: G = S.count(\"G\")\nLine 11: B = S.count(\"B\")\nLine 12: ans = R * G * B\nLine 13: for i in range(0, N - 1):\nLine 14:     for a in range(1, math.ceil(N / 2)):\nLine 15:         if i + a * 2 >= N:\nLine 16:             break\nLine 17:         if S[i] != S[i + a] and S[i] != S[i + a * 2] and S[i + a] != S[i + a * 2]:\nLine 18:             ans -= 1\nLine 19: print(ans)\n",
        "test_case_id": "1"
    },
    {
        "submission_id": "s447555081",
        "import_statements_removed": [
            "import math"
        ],
        "import_statements_removed_libs": [
            "math"
        ],
        "number_of_imports_removed": 1,
        "number_of_calls": {
            "math": 1
        },
        "lines_affected": {
            "math": [
                13
            ]
        },
        "focc": [
            "Set 1: Statements 1, 2, 3, 8, 9, 10, 11, 12, 13, 14, 18",
            "Set 2: Statements 1, 2, 3, 8, 9, 10, 11, 12, 13, 14, 16, 17, 18",
            "Set 3: Statements 1, 2, 3, 8, 9, 10, 11, 12, 13, 14, 16, 18",
            "Set 4: Statements 1, 2, 3, 8, 9, 10, 11, 12, 13, 18",
            "Set 5: Statements 1, 2, 3, 8, 9, 10, 11, 12, 18"
        ],
        "code": "N = int(input())\nS = list(input())\ndef Word(i, a, b):\n    if S[i] != S[i + a] and S[i] != S[i + a + b] and S[i + a] != S[i + a + b]:\n        return True\n    else:\n        return False\nR = S.count(\"R\")\nG = S.count(\"G\")\nB = S.count(\"B\")\nans = R * G * B\nfor i in range(0, N - 1):\n    for a in range(1, math.ceil(N / 2)):\n        if i + a * 2 >= N:\n            break\n        if S[i] != S[i + a] and S[i] != S[i + a * 2] and S[i + a] != S[i + a * 2]:\n            ans -= 1\nprint(ans)",
        "test_cases": [
            {
                "test_case_id": 1,
                "test_case_inputs": "Test Case Input:\n3\nRGB",
                "crispe_response": "PLAN:\n\nStep 1: Input Processing:\nThe program begins by taking two inputs: an integer `N` and a string `S` that is converted to a list of characters. The test case provides `N = 3` and `S = \"RGB\"`, which translates to `S = ['R', 'G', 'B']`. This indicates that lines 1 and 2 are executed to process this input.\nObservation 1: All sets of code coverage are applicable as they all include lines 1 and 2.\n\nStep 2: Function Definition:\nThe function `Word(i, a, b)` is defined in lines 3 to 6, but it is never called in the main program. This means lines 3, 4, 5, and 6 are never executed.\nObservation 2: All sets of code coverage include line 3, as it is simply the function definition, but lines 4, 5, and 6 do not affect our selection as they aren't covered by any set.\n\nStep 3: Count Color Occurrences:\nVariables `R`, `G`, and `B` are initialized in lines 8, 9, and 10 by counting respective characters in `S`. Given `S = ['R', 'G', 'B']`, all counts will be `1`. These lines are executed.\nObservation 3: All sets of code coverage include lines 8, 9, and 10.\n\nStep 4: Initialize `ans`:\n`ans` is computed as `R * G * B`, which is `1 * 1 * 1 = 1`. This occurs in line 11. Line 11 is executed.\nObservation 4: All sets of code coverage include line 11.\n\nStep 5: Outer Loop Iteration:\nThe outer loop (`for i in range(0, N - 1)`) will iterate with values `i = 0` and `i = 1` since `N = 3`. This corresponds to executing line 12.\nObservation 5: All sets of code coverage include line 12 because the loop is initiated.\n\nStep 6: Inner Loop Iteration:\nThe inner loop (`for a in range(1, math.ceil(N / 2))`) will iterate with `a = 1` for both `i = 0` and `i = 1` since `N = 3` and `math.ceil(N / 2) = 2`. Line 13 is executed each iteration.\nObservation 6: All sets of code coverage include line 13 because the loop is initiated.\n\nStep 7: Conditional Break:\nThe condition `if i + a * 2 >= N` controls whether the loop breaks. For our input, the condition is not satisfied for either iteration (`i = 0, a = 1` results in `2 < 3` and `i = 1, a = 1` results in `3 >= 3`), so the break statement is not executed for `i = 0` but would be executed for the loop with `i = 1`.\nObservation 7: As only Set 3 involves line 16 and no others include it, sets excluding line 16 remain applicable as it never formally executes \"break\" in a true condition.\n\nStep 8: Color Combination Check and Adjustment:\nThe condition at line 17 is checked (`if S[i] != S[i + a] and S[i] != S[i + a * 2] and S[i + a] != S[i + a * 2]`) for the viable iteration `i = 0, a = 1`. Here, `S[0] = 'R'`, `S[1] = 'G'`, and `S[2] = 'B'` satisfy the condition because all are different, thus `ans` is decremented by 1 (`ans = 1 - 1 = 0`), involving line 17. For the second viable condition, `i = 1` the loop condition breaks before reaching this.\nObservation 8: Sets including line 17 are implicated; only Set 2 partakes with it, so the result isn't narrowing.\n\nStep 9: Final Output:\nOnce both loops complete, `ans` is printed, which is captured by line 18.\nObservation 9: All sets include line 18 as it prints \"ans\".\n\nFINAL CODE COVERAGE:\nSet 5: Lines 1, 2, 3, 8, 9, 10, 11, 12, 18\n\nThis reasoning confirms that `Set 5` aligns with how the program processes the specified input, following all viable branches and resulting in operational coverage.",
                "response_time": 10.011682033538818,
                "input_tokens": 772,
                "output_tokens": 640
            },
            {
                "test_case_id": 2,
                "test_case_inputs": "Test Case Input:\n3\nRGB",
                "crispe_response": "PLAN:\n\n**Step 1: Input Processing**  \nThe program starts by capturing two inputs: an integer `N` and a string `S` converted into a list of characters. Given the test case input:\n```\n3\nRGB\n```\nThis means `N` will be 3 and `S` will be the list `['R', 'G', 'B']`.\n- **Observation 1**: Statements 1 and 2 are executed to process these inputs. All sets of code coverage include statements 1 and 2, keeping all options applicable.\n\n**Step 2: Counting Characters**  \nThe program counts the occurrences of 'R', 'G', and 'B' in the list `S`.  \n- `R = 1` (for 1 'R'), `G = 1` (for 1 'G'), `B = 1` (for 1 'B'), since there's one of each character.\n- **Observation 2**: Statements 3, 8, and 9 are executed to perform these counts. All sets of code coverage include these statements.\n\n**Step 3: Initial Answer Calculation**  \nThe variable `ans` is calculated as the product of `R`, `G`, and `B`, which is \\(1 \\times 1 \\times 1 = 1\\).\n- **Observation 3**: Statement 10 is executed. All sets include this statement.\n\n**Step 4: Iterating with Nested Loops**  \nThe program iterates over `i` from 0 to `N-1` (0 to 2 for this test case). Inside this loop, another loop iterates over `a` from 1 to ceil(N/2) (which is 1 to 2, resulting only in a=1 for this iteration as N-1 is 2).\n- For `i = 0`: The inner loop will run when `a = 1`.\n  - **Observation 4**: The condition `i + a * 2 >= N` translates to `0 + 2 >= 3`, which is not satisfied, so the loop proceeds.\n\n**Step 5: Condition Check Inside Loops**  \n- For `i = 0` and `a = 1`, the condition in statement 14:  \n  `S[0] != S[1] and S[0] != S[2] and S[1] != S[2]`, translates to:  \n  `'R' != 'G' and 'R' != 'B' and 'G' != 'B'`, which is `True`. Thus `ans -= 1` executes.\n- **Observation 5**: Statements 13 and 14 are executed, and since the condition is True, statement 16 is also executed where `ans` becomes `0`.\n\n**Step 6: End of Program**  \nFinally, the program prints the result, which is `0` after all iterations have concluded.\n- **Observation 6**: Statement 18 executes to print the final result. All sets of code coverage include statement 18.\n\n**Final Analysis:**\n- The important conditions leading to changes were encountered (i.e., the `if` condition in step 5 executed), confirming the loops processed.\n- **Set 3**: Statements 1, 2, 3, 8, 9, 10, 11, 12, 13, 14, 16, 18 account for this process and are executed. Other sets either miss some conditions or loop iterations which are not possible with the given test case.\n\nFINAL CODE COVERAGE:\nSet 3: Statements 1, 2, 3, 8, 9, 10, 11, 12, 13, 14, 16, 18",
                "response_time": 8.29166555404663,
                "input_tokens": 772,
                "output_tokens": 467
            }
        ],
        "serialized_code": "Line 1: N = int(input())\nLine 2: S = list(input())\nLine 3: def Word(i, a, b):\nLine 4:     if S[i] != S[i + a] and S[i] != S[i + a + b] and S[i + a] != S[i + a + b]:\nLine 5:         return True\nLine 6:     else:\nLine 7:         return False\nLine 8: R = S.count(\"R\")\nLine 9: G = S.count(\"G\")\nLine 10: B = S.count(\"B\")\nLine 11: ans = R * G * B\nLine 12: for i in range(0, N - 1):\nLine 13:     for a in range(1, math.ceil(N / 2)):\nLine 14:         if i + a * 2 >= N:\nLine 15:             break\nLine 16:         if S[i] != S[i + a] and S[i] != S[i + a * 2] and S[i + a] != S[i + a * 2]:\nLine 17:             ans -= 1\nLine 18: print(ans)\n",
        "test_case_id": "2"
    }
]