[
    {
        "submission_id": "s176614012",
        "import_statements_removed": [],
        "import_statements_removed_libs": [],
        "number_of_imports_removed": 0,
        "number_of_calls": {},
        "lines_affected": {},
        "focc": [
            "Set 1: Statements 1, 2, 3, 4, 5, 6, 7, 8, 9, 10, 16, 20, 21, 22",
            "Set 2: Statements 1, 2, 3, 4, 5, 6, 7, 8, 9, 10, 11, 12, 16, 17, 18, 19",
            "Set 3: Statements 1, 2, 3, 4, 5, 6, 7, 8, 9, 10, 11, 14, 16, 17, 18, 19",
            "Set 4: Statements 1, 2, 3, 4, 5, 6, 7, 8, 9, 10, 11, 14, 15, 16, 17, 18, 19",
            "Set 5: Statements 1, 2, 3, 4, 5, 6, 7, 8, 9, 10, 16, 17, 18, 20, 21, 22",
            "Set 6: Statements 1, 2, 3, 4, 5, 8, 9, 10, 16, 20, 21, 22",
            "Set 7: Statements 1, 2, 3, 4, 5, 8, 9, 10, 11, 12, 16, 17, 18, 19",
            "Set 8: Statements 1, 2, 3, 4, 5, 8, 9, 10, 11, 14, 16, 17, 18, 19",
            "Set 9: Statements 1, 2, 3, 4, 5, 8, 9, 10, 11, 14, 15, 16, 17, 18, 19",
            "Set 10: Statements 1, 2, 3, 4, 5, 8, 9, 10, 16, 17, 18, 20, 21, 22"
        ],
        "code": "N, W = map(int, input().split())\nIN = list(list(map(int, input().split())) for _ in range(N))\nsumw = 0\nsumv = 0\nfor w, v in IN:\n    sumw += w\n    sumv += v\nDP = dict()\nDP[sumv] = sumw\ndef minv(i, v):\n    if not DP.get(i):\n        DP[i] = v\n    else:\n        if v < DP[i]:\n            DP[i] = v\nfor w, v in IN:\n    DPpre = DP.copy()\n    for i in DPpre:\n        minv(i-v, DPpre[i]-w)\nfor v in sorted(DP, reverse=True):\n    if DP[v] <= W:\n        print(v)\n        break",
        "test_cases": [
            {
                "test_case_id": 1,
                "test_case_inputs": "Test Case Input:\n3 10\n1 4\n2 3\n3 5",
                "crispe_response": "Given a program and a test case, we will analyze the program's execution based on the provided test case input and gradually filter out the non-applicable sets of statement coverages.\n\n**GIVEN PROGRAM CODE**\n\n```python\nN, W = map(int, input().split())\nIN = list(list(map(int, input().split())) for _ in range(N))\nsumw = 0\nsumv = 0\nfor w, v in IN:\n    sumw += w\n    sumv += v\nDP = dict()\nDP[sumv] = sumw\ndef minv(i, v):\n    if not DP.get(i):\n        DP[i] = v\n    else:\n        if v < DP[i]:\n            DP[i] = v\nfor w, v in IN:\n    DPpre = DP.copy()\n    for i in DPpre:\n        minv(i-v, DPpre[i]-w)\nfor v in sorted(DP, reverse=True):\n    if DP[v] <= W:\n        print(v)\n        break\n```\n\n**TEST CASE INPUT**\n\n```\n3 10\n1 4\n2 3\n3 5\n```\n\n**ANALYSIS AND REASONING**\n\n**Step 1: Input Parsing**\n- The input indicates 3 items and a maximum weight capacity of 10.\n- First input statement parses `N` and `W` (line 1).\n- The next input processing stores item weights and values in `IN` (line 2).\n- Applying this from the test case results in `IN = [(1, 4), (2, 3), (3, 5)]`.\n\n**Observation 1**: All possible sets include lines 1 and 2, so all are still applicable.\n\n**Step 2: Calculate Initial Sum of Weights and Values**\n- The program sums up weights and values of all items and initializes the `DP` dictionary (lines 3, 4, 5, 6, 7).\n- Here, `sumw = 1 + 2 + 3 = 6` and `sumv = 4 + 3 + 5 = 12`, resulting in `DP = {12: 6}`.\n\n**Observation 2**: All sets include lines 3 to 7, so all remain applicable.\n\n**Step 3: Function `minv` Definition**\n- The function `minv` is defined in lines 8-12. This includes a dictionary check and update for minimum value storage.\n\n**Observation 3**: Sets 1, 2, 3, 4, 5, 7, 8, 9, 10 include line 8 and involve the `minv` function, keeping them applicable.\n\n**Step 4: First Iteration over Items for DP Updates**\n- The code iterates over `IN` again with loop starting at line 13.\n- On the first item `(1, 4)`, `DPpre` creates a copy of `DP`, and `minv` is called inside the loop on `i-v` values.\n- Operations here involve lines 13 to 19.\n\n**Observation 4**: Sets 1, 2, 3, 4, 5, 7, 8, 9, 10 fit with the inclusion of line 13 and the changes in `DP`.\n\n**Step 5: Condition and Output Execution**\n- The loop checking conditions and potentially printing an output covers lines 20 to 22.\n- For our case, the sorted keys will process, and for `v = 7, 12`, `DP[v]` check finds `7` fits the `W = 10` rule and triggers a print due to `DP[7] = 3`, breaking the loop.\n\n**Observation 5**: Sets 1, 5, 6, 10 apply since they include lines 20 to 22.\n\n**Step 6: Non-executed Code Paths**\n- The function handles cases for adjusting DP but doesn't involve unnecessary lines if conditions don't hit, and observations help eliminate sets.\n  \n**Final Conclusion**\n\nGiven the output condition that line 21 will execute and print, we examine applicable sets that include this line and correctly manage the weight and the print condition fitting `DP` logic:\n\n`Set 1: Statements 1, 2, 3, 4, 5, 6, 7, 8, 9, 10, 16, 20, 21, 22` fits best due to the confirmation of path execution up to and including line 22. This covers the complete code path executed during this test case, aligning with observed execution flows.",
                "response_time": 18.380845308303833,
                "input_tokens": 853,
                "output_tokens": 579
            },
            {
                "test_case_id": 2,
                "test_case_inputs": "Test Case Input:\n3 10\n1 2\n3 4\n5 6",
                "crispe_response": "PLAN:\n\nStep 1: Input Handling and Initialization:\nThe program initiates by reading the input values, which are \"3 10\" for N and W, and then the subsequent values form the list IN which contains [(1, 2), (3, 4), (5, 6)].\n- Observation 1: This means lines 1, 2, 3, 4, and 5 are executed. All sets of code coverage include these lines.\n\nStep 2: Summation Loop:\nThe loop iterates over each (w, v) pair in IN, updating sumw and sumv accordingly. For the test case, the iteration sequence is:\n- (1, 2) \u2192 sumw = 1, sumv = 2\n- (3, 4) \u2192 sumw = 4, sumv = 6\n- (5, 6) \u2192 sumw = 9, sumv = 12\n\n- Observation 2: Lines 6, 7, and 8 are executed. However, as all sets include these lines, all remain applicable.\n\nStep 3: DP Dictionary Initialization:\nThe DP dictionary is initialized with sumv as the key and sumw as the value.\n- Observation 3: Line 9 and 10 are executed. All sets include these lines, so no elimination occurs yet.\n\nStep 4: minv(i, v) Function Definition:\nThe minv function is defined but will be invoked only if line 19 logic happens, i.e., when there's some DP update logic applied.\n- Observation 4: We keep all sets since the function is defined but not applied until later stages. Sets that do not involve function's internals (11, 12, 14, 15) align with potential execution pathways.\n\nStep 5: Second Loop Over IN:\nFor each (w, v) in IN, the dictionary DPpre is created based on DP's current state. The inner loop and minv function invocation logic are checked here but depend on DP updates:\n- Observation 5: Line 11, 12 may execute, i.e., checking and updating with minv will depend on conditional execution. Given that input consists of multiple N elements, all sets are still in consideration.\n\nStep 6: DP Conditional Update:\nNow, the function minv is pivotal as it potentially updates DP on conditions, especially through line 14-15 (if invoked correctly). Given input characteristics (positive weights and values), line 14 will be significant, ensuring those sets (Set 3, Set 4, Set 8, Set 9) remain while others are initially suspectable.\n- Observation 6: Sets that involve line 14 likely cater to dynamic dictionary updates, thus processing without eliminating others without specific opposite logic, e.g., direct 14 skips.\n\nStep 7: Result Extraction:\nFinally, the sorted DP keys in descending order are checked against W, determining line 20+ relevance if break-with-print logic is correctly satisfied.\n- Observation 7: This ensures Line 20, 21, 22 execution consideration but doesn't favor Set 1, 5, 6, 10 explicitly due to ordered critic requirements.\n\nStep 8: Finalization:\nEliminating based on lack of specific coverage for conditions, e.g., potential absence of direct condition bypass beyond established coverage like lines 14 consistency.\n- Observation 8: Consolidating the accounted dynamics through iterative summary, specific deciding conditions retain Set 3 and Set 4 more effectively as potential priorities considering dictionary update dependencies.\n\nFINAL CODE COVERAGE:\nSet 3: Statements 1, 2, 3, 4, 5, 6, 7, 8, 9, 10, 11, 14, 16, 17, 18, 19",
                "response_time": 14.984401226043701,
                "input_tokens": 853,
                "output_tokens": 520
            }
        ],
        "serialized_code": "Line 1: N, W = map(int, input().split())\nLine 2: IN = list(list(map(int, input().split())) for _ in range(N))\nLine 3: sumw = 0\nLine 4: sumv = 0\nLine 5: for w, v in IN:\nLine 6:     sumw += w\nLine 7:     sumv += v\nLine 8: DP = dict()\nLine 9: DP[sumv] = sumw\nLine 10: def minv(i, v):\nLine 11:     if not DP.get(i):\nLine 12:         DP[i] = v\nLine 13:     else:\nLine 14:         if v < DP[i]:\nLine 15:             DP[i] = v\nLine 16: for w, v in IN:\nLine 17:     DPpre = DP.copy()\nLine 18:     for i in DPpre:\nLine 19:         minv(i-v, DPpre[i]-w)\nLine 20: for v in sorted(DP, reverse=True):\nLine 21:     if DP[v] <= W:\nLine 22:         print(v)\nLine 23:         break\n",
        "test_case_id": "1"
    }
]