[
    {
        "submission_id": "s286931613",
        "import_statements_removed": [],
        "import_statements_removed_libs": [],
        "number_of_imports_removed": 0,
        "number_of_calls": {},
        "lines_affected": {},
        "focc": [
            "Set 1: Statements 1, 2, 3, 4",
            "Set 2: Statements 1, 2, 3, 6",
            "Set 3: Statements 1, 2, 7, 8, 9",
            "Set 4: Statements 1, 2, 7, 8, 11",
            "Set 5: Statements 1, 2, 7, 13, 14",
            "Set 6: Statements 1, 2, 7, 13, 16"
        ],
        "code": "d,n = [int(x) for x in input().split()]\nif d == 0:\n    if n == 100:\n        print(101)\n    else:\n        print(n)\nelif d == 1:\n    if n == 100:\n        print(101 * 100)\n    else:\n        print(n * 100)\nelse:\n    if n == 100:\n        print(101 * 10000)\n    else:\n        print(n * 10000)",
        "test_cases": [
            {
                "test_case_id": 1,
                "test_case_inputs": "Test Case Input:\n0 99",
                "crispe_response": "To determine the appropriate set of code coverage statements for the given Python program based on the test case input \"0 99\", we can follow the step-by-step reasoning process:\n\n### PLAN:\n\n**Step 1: Input Processing**\nThe program begins by processing input, splitting it into two integers `d` and `n`. Given the test case input \"0 99\", `d` will be `0` and `n` will be `99`. \n\n- **Observation 1**: All possible sets of code coverage start with processing the input on line 1, where `d` and `n` are assigned values. Therefore, all sets are still applicable at this point.\n\n**Step 2: First Conditional Check (`if d == 0:`)**\nThe condition `if d == 0:` is evaluated. Here, `d` is `0`, so this condition is satisfied. The code will enter this specific block, starting with line 2.\n\n- **Observation 2**: Only sets that include line 2 remain applicable. This eliminates sets 3, 4, 5, and 6, as they do not involve the execution of line 2.\n\n**Step 3: Nested Conditional Check within `d == 0` block (`if n == 100:`)**\nWithin the `d == 0` block, the nested condition `if n == 100:` is evaluated. Here, `n` is `99`, so this condition is not satisfied. The program will bypass line 3 and instead execute the `else` branch with `print(n)`, which corresponds to line 4.\n\n- **Observation 3**: Only sets that include line 4 remain applicable, which in this case is Set 1 (since no other sets include line 4).\n\n**Step 4: End of Execution**\nAfter printing `n`, the program execution ends for this test case. There are no further evaluations or print statements since the conditions do not require checking additional blocks or lines, such as those for `d == 1` or other values. \n\n- **Observation 4**: The program does not evaluate or pass through conditions for `d == 1` or the `else` block meant for `d` greater than 1.\n\n### FINAL CODE COVERAGE:\nFrom the above analysis, the only applicable set based on the executed lines is:\n\n**Set 1: Statements 1, 2, 3, 4**\n\nThus, the appropriate set of statements covered by executing the given test case \"0 99\" is Set 1.",
                "response_time": 5.521894931793213,
                "input_tokens": 686,
                "output_tokens": 361
            },
            {
                "test_case_id": 2,
                "test_case_inputs": "Test Case Input:\n0 100",
                "crispe_response": "PLAN:\n\n**Step 1: Input Processing**  \nThe program begins by taking input and splitting it into two integers, `d` and `n`. Given the test case input \"0 100\", it directly assigns `d = 0` and `n = 100`. This implies that statement 1 is executed to process the input.\n\n**Observation 1:**  \nAll sets of code coverage are applicable as they all include statement 1 for input processing.\n\n**Step 2: Decision Making with d = 0**  \nThe first condition checked by the program is whether `d == 0`. Since `d` is 0 in this test case, the condition on statement 2 is satisfied. The program then enters the inner condition check for when `d == 0`.\n\n**Observation 2:**  \nAll sets of code coverage remain relevant as they all include statements related to the `d == 0` check (2 and onward).\n\n**Step 3: Inner Condition with n = 100**  \nSince `d == 0`, the program checks the condition `n == 100`. As `n` is indeed 100 in the test case, the condition on statement 3 is satisfied and the program executes statement 4, printing 101.\n\n**Observation 3:**  \nSets that include statements related to handling the case when both `d == 0` and `n == 100` are applicable. This narrows it down to Set 1, which includes statements 2, 3, and 4.\n\n**Step 4: Elimination of Non-Applicable Sets**  \nSince the conditions led directly to the execution of statement 4, and considering that `d` was equal to 0 and `n` was 100, no other branches were taken. This confirms that no other sets are applicable as they would involve different logic paths such as `d == 1` or `d > 1`, which are not part of this execution given the input test case.\n\n**FINAL CODE COVERAGE:**  \nSet 1: Statements 1, 2, 3, 4",
                "response_time": 7.90413498878479,
                "input_tokens": 686,
                "output_tokens": 298
            }
        ],
        "serialized_code": "Line 1: d,n = [int(x) for x in input().split()]\nLine 2: if d == 0:\nLine 3:     if n == 100:\nLine 4:         print(101)\nLine 5:     else:\nLine 6:         print(n)\nLine 7: elif d == 1:\nLine 8:     if n == 100:\nLine 9:         print(101 * 100)\nLine 10:     else:\nLine 11:         print(n * 100)\nLine 12: else:\nLine 13:     if n == 100:\nLine 14:         print(101 * 10000)\nLine 15:     else:\nLine 16:         print(n * 10000)\n",
        "test_case_id": "1"
    }
]