[
    {
        "submission_id": "s603631127",
        "import_statements_removed": [],
        "import_statements_removed_libs": [],
        "number_of_imports_removed": 0,
        "number_of_calls": {},
        "lines_affected": {},
        "focc": [
            "Set 1: Statements 1, 2, 3, 4, 5, 6, 7, 8, 9, 10, 11, 12"
        ],
        "code": "import fractions\ndef lcm(a,b):\n    res = a*b // fractions.gcd(a,b)\n    return res\ndef f(x,y,z):\n    res = x\n    res -= x//y\n    res -= x//z\n    res += x//lcm(y,z)\n    return res\nA, B, C, D = map(int, input().split())\nans1 = f(B,C,D)\nans2 = f(A-1,C,D)\nans = ans1 - ans2\nprint(int(ans))",
        "test_cases": [
            {
                "test_case_id": 1,
                "test_case_inputs": "Test Case Input:\n5 2 3 4",
                "crispe_response": "Let's analyze the given Python program step by step and determine the coverage of statements based on the provided test case.\n\n### GIVEN PYTHON PROGRAM\n```python\nimport fractions\ndef lcm(a,b):\n    res = a*b // fractions.gcd(a,b)\n    return res\ndef f(x,y,z):\n    res = x\n    res -= x//y\n    res -= x//z\n    res += x//lcm(y,z)\n    return res\nA, B, C, D = map(int, input().split())\nans1 = f(B,C,D)\nans2 = f(A-1,C,D)\nans = ans1 - ans2\nprint(int(ans))\n```\n\n### GIVEN TEST CASE\nTest Case Input: `5 2 3 4`\n\n### POSSIBLE SETS OF CODE COVERAGE\nSet 1: Statements 1, 2, 3, 4, 5, 6, 7, 8, 9, 10, 11, 12\n\n### STEP-BY-STEP REASONING AND COVERAGE ANALYSIS\n\n#### Step 1: Import Statement\n- **Line 1**: The program imports the `fractions` module. This line is executed unconditionally as part of the program startup.\n  - Observation 1: Line 1 is covered.\n\n#### Step 2: Function Definitions\n- **Lines 2-3**: The `lcm` function is defined. The function itself runs only when it is called.\n- **Lines 4-8**: The `f` function is defined. Similar to `lcm`, it runs when it is invoked.\n  - Observation 2: Lines 2-8 are potentially covered depending on the calls to these functions.\n\n#### Step 3: Input Parsing and Variables Initialization\n- **Line 9**: `A, B, C, D = map(int, input().split())` - The program parses the input and assigns 5, 2, 3, 4 to `A`, `B`, `C`, `D` respectively.\n  - Observation 3: Line 9 is covered.\n\n#### Step 4: Execution of Function `f(B, C, D)`\n- **Line 10**: `ans1 = f(B, C, D)` - This calls the function `f` with parameters `B=2`, `C=3`, `D=4`.\n  - Inside `f`:\n    - **Line 5**: `res = x` assigns `2` to `res`.\n    - **Line 6**: `res -= x//y` computes and subtracts `2//3` which results in 0, so `res` remains 2.\n    - **Line 7**: `res -= x//z` computes and subtracts `2//4` which results in 0, so `res` remains 2.\n    - **Line 8**: `res += x//lcm(y, z)` calls `lcm(3, 4)`.\n      - **Line 3** (in `lcm` function): Computes `lcm` which requires `fractions.gcd(3, 4)` and returns 12 because LCM of 3 and 4 is 12.\n      - `2//12` results in 0, so `res` remains 2.\n    - **Line 8 (return line)**: `return res` returns 2 to `ans1`.\n  - Observation 4: Lines 5-8 are covered; also, Line 3 in `lcm` is covered.\n\n#### Step 5: Execution of Function `f(A-1, C, D)`\n- **Line 11**: `ans2 = f(A-1, C, D)` - This calls the function `f` with parameters `A-1=4`, `C=3`, `D=4`.\n  - Inside `f`:\n    - **Line 5**: `res = x` assigns 4 to `res`.\n    - **Line 6**: `res -= x//y` computes and subtracts `4//3` which is 1, so `res` becomes 3.\n    - **Line 7**: `res -= x//z` computes and subtracts `4//4` which is 1, so `res` becomes 2.\n    - **Line 8**: `res += x//lcm(y, z)` calls `lcm(3, 4)`.\n      - **Line 3**: Same call to `lcm` as before, returns 12.\n      - `4//12` results in 0, so `res` remains 2.\n    - **Line 8 (return line)**: `return res` returns 2 to `ans2`.\n  - Observation 5: Lines 5-8 are again covered due to the second call to `f`. Additionally, Line 3 is invoked again for `lcm`.\n\n#### Step 6: Calculate final answer and print\n- **Line 12**: `ans = ans1 - ans2` computes `2 - 2` which is 0.\n- **Line 13**: `print(int(ans))` outputs 0.\n  - Observation 6: Lines 12 and 13 are covered.\n\n### FINAL CODE COVERAGE:\nSet 1: Statements 1, 2, 3, 4, 5, 6, 7, 8, 9, 10, 11, 12 are covered based on the execution trace and calls to both `lcm` and `f` functions.",
                "response_time": 29.784823656082153,
                "input_tokens": 663,
                "output_tokens": 595
            },
            {
                "test_case_id": 2,
                "test_case_inputs": "Test Case Input:\n0 0 0 0",
                "crispe_response": "PLAN:\n\nStep 1: Importing Necessary Modules:\nThe program begins by importing the `fractions` module. Since the import is necessary for the program to run, it indicates that line 1 will be executed.\nObservation 1: Set 1 is applicable as it includes the import statement at line 1.\n\nStep 2: Function Definitions:\nThe functions `lcm(a, b)` and `f(x, y, z)` are defined in lines 2 to 7. These definitions are necessary for the functions to be used later in the program.\nObservation 2: Since these function definitions are always executed, set 1 remains applicable as it includes lines 2, 3, 4, 5, 6, and 7.\n\nStep 3: Input Handling:\nThe program reads input using `map(int, input().split())` to assign values to variables `A`, `B`, `C`, and `D` (line 8). In this test case, the input is `0 0 0 0`.\nObservation 3: Line 8 will be executed to read and assign the input values, keeping set 1 applicable.\n\nStep 4: Function Call `f(B, C, D)`:\nThe function `f` is called with arguments `B=0`, `C=0`, and `D=0`. This occurs in line 9, where `ans1 = f(B, C, D)`.\nObservation 4: Line 9 involves calling the function `f`, so set 1 remains applicable as it includes line 9.\n\nStep 5: Inside Function `f` for First Call (f(B, C, D)):\n- The function `f` initializes `res = x`, which gives `res = 0` since `x = B = 0`.\n- Subsequently, the lines involving `res -= x // y`, `res -= x // z`, and `res += x // lcm(y, z)` will not alter `res` as any operation involving 0 results in 0.\nObservation 5: Lines 11 and 12 are not applicable as they don't actually run. Line 12 (`return res`) gets executed, which means set 1 remains the potential solution.\n\nStep 6: Function Call `f(A-1, C, D)`:\nThe function `f` is called with arguments `A-1 = -1`, `C = 0`, and `D = 0` in line 10, where `ans2 = f(A-1, C, D)`.\nObservation 6: Line 10 involves calling the function `f`, and thus, set 1 includes line 10.\n\nStep 7: Inside Function `f` for Second Call (f(A-1, C, D)):\n- In this call, `res = x` results in `res = -1` because `x = A-1 = -1`.\n- Again, operations involving 0 will not change `res`, and with no alteration to `res`, line 12 (`return res`) will execute.\nObservation 7: Similar to before, the intermediate operations don't run in practice due to the zero values, but the return statement 12 ensures set 1's applicability.\n\nStep 8: Calculating the Final Answer:\nFinally, `ans = ans1 - ans2` is computed, followed by printing the result `int(ans)` in line 13. Given `ans1` and `ans2` both evaluate to 0, the result printed is 0.\nObservation 8: Line 13 is executed ensuring that set 1 encapsulates this final evaluation and output statement.\n\nFINAL CODE COVERAGE:\nSet 1: Statements 1, 2, 3, 4, 5, 6, 7, 8, 9, 10, 11, 12",
                "response_time": 14.937372922897339,
                "input_tokens": 663,
                "output_tokens": 492
            }
        ],
        "serialized_code": "Line 1: import fractions\nLine 2: def lcm(a,b):\nLine 3:     res = a*b // fractions.gcd(a,b)\nLine 4:     return res\nLine 5: def f(x,y,z):\nLine 6:     res = x\nLine 7:     res -= x//y\nLine 8:     res -= x//z\nLine 9:     res += x//lcm(y,z)\nLine 10:     return res\nLine 11: A, B, C, D = map(int, input().split())\nLine 12: ans1 = f(B,C,D)\nLine 13: ans2 = f(A-1,C,D)\nLine 14: ans = ans1 - ans2\nLine 15: print(int(ans))\n",
        "test_case_id": "1"
    },
    {
        "submission_id": "s603631127",
        "import_statements_removed": [
            "import fractions"
        ],
        "import_statements_removed_libs": [
            "fractions"
        ],
        "number_of_imports_removed": 1,
        "number_of_calls": {
            "fractions": 1
        },
        "lines_affected": {
            "fractions": [
                2
            ]
        },
        "focc": [
            "Set 1: Statements 1, 2, 3, 4, 5, 6, 7, 8, 9, 10, 11"
        ],
        "code": "def lcm(a,b):\n    res = a*b // fractions.gcd(a,b)\n    return res\ndef f(x,y,z):\n    res = x\n    res -= x//y\n    res -= x//z\n    res += x//lcm(y,z)\n    return res\nA, B, C, D = map(int, input().split())\nans1 = f(B,C,D)\nans2 = f(A-1,C,D)\nans = ans1 - ans2\nprint(int(ans))",
        "test_cases": [
            {
                "test_case_id": 1,
                "test_case_inputs": "Test Case Input:\n5 2 3 4",
                "crispe_response": "To determine the correct set of code coverage for the provided Python program, we will go through the execution of the program step by step using the given test case input and eliminate non-applicable sets based on the reasoning. The provided test case input is \"5 2 3 4\".\n\n### GIVEN PYTHON PROGRAM\n```python\ndef lcm(a, b):\n    res = a*b // fractions.gcd(a, b)\n    return res\n\ndef f(x, y, z):\n    res = x\n    res -= x // y\n    res -= x // z\n    res += x // lcm(y, z)\n    return res\n\nA, B, C, D = map(int, input().split())\nans1 = f(B, C, D)\nans2 = f(A-1, C, D)\nans = ans1 - ans2\nprint(int(ans))\n```\n\n### POSSIBLE SETS OF CODE COVERAGE\n- **Set 1**: Statements 1, 2, 3, 4, 5, 6, 7, 8, 9, 10, 11\n\n### STEP-BY-STEP EXECUTION AND ANALYSIS\n\n**Step 1: Input Processing**\n- **Input**: \"5 2 3 4\"\n- The input line will split this string into integers 5, 2, 3, and 4, and assign them to variables A, B, C, and D respectively.\n- **Observation 1**: All statements up to line 5 (where variables are assigned) are executed.\n\n**Step 2: First Function Call Execution (`f(B, C, D)` \u2192 `f(2, 3, 4)`)**\n- We call `f(2, 3, 4)`. Execution within function `f` proceeds as follows:\n  - **Statement 6 executed**: `f` is called with `x = 2, y = 3, z = 4`.\n  - **Statement 7 executed**: Initialize `res = x = 2`.\n  - **Statement 8 executed**: Modify `res`: `res -= 2 // 3`. No change occurs since 2 // 3 = 0.\n  - **Statement 9 executed**: Modify `res`: `res -= 2 // 4`. No change occurs since 2 // 4 = 0.\n  - **Statement 10 executed**: Calculate `lcm(3, 4)`. Calls lcm:\n    - Inside `lcm()`, calculate `res = (3 * 4) // gcd(3, 4) = 12`. \n    - **Statement 2, 3 executed**: Computes LCM result correctly and returns 12.\n  - **Statement 11 executed**: Modify `res`: `res += 2 // 12`. No change occurs since 2 // 12 = 0.\n  - **Statement 12 executed**: Return `res = 2`.\n- **Observation 2**: All code within `f` and `lcm` has been executed.\n\n**Step 3: Second Function Call Execution (`f(A-1, C, D)` \u2192 `f(4, 3, 4)`)**\n- We call `f(4, 3, 4)`. Execution within function `f` proceeds similarly:\n  - **Statements 6 to 12 executed**: All same steps as above, but with `x = 4`.\n  - Calculation changes are analogous and use `lcm` result for subtraction and addition.\n  - After running through `f`, it calculates and returns `res = 3`.\n\n**Step 4: Result Calculation and Print**\n- **Statement 13 executed**: Calculate `ans = ans1 - ans2`, which is `2 - 3 = -1`.\n- **Statement 14 executed**: Print `ans`, which prints `-1`.\n\n**Final Observation**:\n- Every single line in the provided code segment has been touched and executed based on the test case input including the main function computations.\n- **Final Code Coverage: Set 1** (Statements 1-14)\n\nThus, based on the detailed execution outlined above, the code coverage for this guided step-by-step test case would complete all lines and corresponds to **Set 1**.",
                "response_time": 22.065841674804688,
                "input_tokens": 660,
                "output_tokens": 518
            },
            {
                "test_case_id": 2,
                "test_case_inputs": "Test Case Input:\n0 0 0 0",
                "crispe_response": "To determine which set of statements are covered by the given test case, let's analyze the code step by step using the provided input `0 0 0 0`.\n\n### PLAN:\n\n**Step 1: Understanding Input and Initial Setup**\n- The input is `0 0 0 0`, which maps to `A=0`, `B=0`, `C=0`, and `D=0` due to the `map(int, input().split())` (statement 10).\n- Observation 1: Since there is only one set of code coverage (Set 1), all statements (1 to 11) are potentially applicable.\n\n**Step 2: Execution of Function `f(B, C, D)`**\n- The function call `f(B, C, D)` translates to `f(0, 0, 0)`.\n- Inside the function `f` (starts at statement 4), `res` is initialized to `x` which is 0 (res = 0).\n- The first operation `res -= x//y` results in `0//0`, which is undefined and would cause an error due to division by zero at statement 5.\n- Since a division by zero error occurs, the subsequent operations in function `f` are not executed. This includes statements 6, 7, and 8, where further calculations and the return statement are placed.\n- Observation 2: Due to the error, only statements 4 and 5 are executed in function `f`, but execution is interrupted.\n\n**Step 3: Expectation of Remaining Code Execution**\n- `ans1 = f(B, C, D)` does not complete successfully due to the error, so program execution is halted before reaching statement 11 (`print(int(ans))`).\n- As division by zero is a runtime error, it prevents the program from progressing any further.\n\n**Step 4: Conclusion of Covered Statements**\n- Given that the error occurred at statement 5, the code never reaches statements 9 and 11.\n- The division by zero in statement 5 implies that statements 1, 2, and 3 of `lcm` function are never reached because neither `ans1` nor `ans2` can be computed correctly.\n- No successful calculation for `ans` occurs, leading to no further lines being executed.\n  \n### FINAL CODE COVERAGE:\n- **Set 1 (Error):** Due to the division by zero error, the code coverage is effectively focused on statements up to the point of error (statements 4 and 5), with no successful computation or output.\n\nThe test case demonstrates that runtime errors can significantly limit the coverage of a program by halting execution prematurely.",
                "response_time": 6.279800891876221,
                "input_tokens": 660,
                "output_tokens": 375
            }
        ],
        "serialized_code": "Line 1: def lcm(a,b):\nLine 2:     res = a*b // fractions.gcd(a,b)\nLine 3:     return res\nLine 4: def f(x,y,z):\nLine 5:     res = x\nLine 6:     res -= x//y\nLine 7:     res -= x//z\nLine 8:     res += x//lcm(y,z)\nLine 9:     return res\nLine 10: A, B, C, D = map(int, input().split())\nLine 11: ans1 = f(B,C,D)\nLine 12: ans2 = f(A-1,C,D)\nLine 13: ans = ans1 - ans2\nLine 14: print(int(ans))\n",
        "test_case_id": "2"
    }
]