[
    {
        "submission_id": "s431839362",
        "import_statements_removed": [],
        "import_statements_removed_libs": [],
        "number_of_imports_removed": 0,
        "number_of_calls": {},
        "lines_affected": {},
        "focc": [
            "Set 1: Statements 1, 2, 3, 4, 5, 6, 7, 8, 9, 10, 11",
            "Set 2: Statements 1, 2, 3, 4, 5, 6, 7, 8, 9, 10",
            "Set 3: Statements 1, 2, 3, 4, 5, 6, 7, 8, 10, 11",
            "Set 4: Statements 1, 2, 3, 4, 5, 6, 7, 8, 10"
        ],
        "code": "import sys\nN = int(sys.stdin.readline())\nA = sys.stdin.readline().split(' ')\nA = [int(x) for x in A]\nA.insert(0, 0)\nA.append(0)\ntotal = 0\nfor i in range(N + 1):\n\ttotal += abs(A[i] - A[i+1])\nfor i in range(1, N + 1):\n\tprint(str(total - abs(A[i] - A[i + 1]) - abs(A[i] - A[i - 1]) + abs(A[i -1] - A[i + 1])))",
        "test_cases": [
            {
                "test_case_id": 1,
                "test_case_inputs": "Test Case Input:\n5\n1 2 3 4 5",
                "crispe_response": "PLAN:\n\nStep 1: Input Reading and Initialization:\n- The program begins by importing the `sys` module. Then, it reads an integer `N` from the input using `sys.stdin.readline()`. In this test case, `N` is 5.\n- The program reads a line of integers, splits them by spaces, and converts them into a list `A` of integers. For the test input, `A` becomes `[1, 2, 3, 4, 5]`.\n- `0` is added at the beginning and end of the list `A`, resulting in `A = [0, 1, 2, 3, 4, 5, 0]`.\nObservation 1: This portion confirms that lines 1 through 5 in the program have been executed. Therefore, all code coverage sets (1, 2, 3, 4) are still applicable.\n\nStep 2: First Loop - Calculate Total:\n- The program initializes a variable `total` to 0.\n- It then enters a loop that iterates `i` from 0 to `N`, inclusive (6 iterations: 0 to 5).\n- In each iteration, the program computes the absolute difference between consecutive elements of `A` and adds it to `total`.\n- Given the test input, the total becomes `total = |0-1| + |1-2| + |2-3| + |3-4| + |4-5| + |5-0| = 12`.\nObservation 2: Lines 6 and 7 have been executed, so all sets (1, 2, 3, 4) still remain applicable.\n\nStep 3: Second Loop - Adjust and Print Results:\n- The program enters another loop that iterates `i` from 1 to `N`, inclusive (5 iterations: 1 to 5).\n- In each iteration, it calculates a value by adjusting the `total` based on removing two neighboring differences and adding a cross-gap difference:\n  - Calculation: `total - abs(A[i] - A[i+1]) - abs(A[i] - A[i-1]) + abs(A[i-1] - A[i+1])`\n- The value is then converted to a string and printed. Given the test input, this results in five outputs that reflect this calculation for `i` from 1 to 5.\nObservation 3: Lines 8, 9, and 10 are executed in each iteration. Set 2, 4 which lacks line 11 (assumes end of loop and program execution) becomes irrelevant since line 11 must execute to mark the end of the program after printing.\n\nStep 4: End of Program:\n- With the second loop completed, the program concludes execution without any additional statements beyond line 10.\nObservation 4: Since the program does not utilize any additional logic beyond what is evaluated within the loops, Set 4 is eliminated. This narrows down the applicable sets to those that include all executed code without prematurely ending.\n\nFINAL CODE COVERAGE:\nSet 2: Statements 1, 2, 3, 4, 5, 6, 7, 8, 9, 10",
                "response_time": 9.436598062515259,
                "input_tokens": 713,
                "output_tokens": 429
            },
            {
                "test_case_id": 2,
                "test_case_inputs": "Test Case Input:\n3\n1 2 3",
                "crispe_response": "PLAN:\n\nStep 1: Input Reading and Preparation\n- The program begins by reading an integer `N` (line 2) which in this test case is 3.\n- Then, it reads a line of input (line 3) that contains N integers. The test case input provides \"1 2 3\".\n- The line of input is split into a list `A` and converted to integers (line 4). Currently, `A` becomes [1, 2, 3].\n- An integer 0 is inserted at the beginning and appended to the end of list `A` (lines 5 and 6), making `A` = [0, 1, 2, 3, 0].\n\nObservation 1: Lines 1, 2, 3, 4, 5, and 6 are executed as they handle reading and preparing the input list `A`. All sets of code coverage include these lines, so none are eliminated.\n\nStep 2: Calculate Total Difference\n- A variable `total` is initialized to zero (line 7).\n- A loop is executed from 0 to N (inclusive) to calculate the total sum of absolute differences between consecutive elements in `A` (lines 8 and 9). For the given input, `total` is calculated as follows:\n  - |0 - 1| = 1 (i=0)\n  - |1 - 2| = 1 (i=1)\n  - |2 - 3| = 1 (i=2)\n  - |3 - 0| = 3 (i=3)\n  - Making the `total` = 6\n\nObservation 2: The loop on lines 8 and 9 is executed successfully, so sets of coverage that omit these lines are eliminated. However, all given sets of coverage include these lines, so none are eliminated.\n\nStep 3: Output Calculations\n- Another loop runs from 1 to N (inclusive) for output purposes (line 10), executing:\n  - For i = 1: \\(3\\) is calculated as \\(6 - |1 - 2| - |1 - 0| + |0 - 2| = 3\\)\n  - For i = 2: \\(3\\) is calculated as \\(6 - |2 - 3| - |2 - 1| + |1 - 3| = 3\\)\n  - For i = 3: \\(5\\) is calculated as \\(6 - |3 - 0| - |3 - 2| + |2 - 0| = 5\\)\n- These calculations result in outputs 3, 3, and 5.\n\nObservation 3: The loop on line 10 is executed, so sets of coverage that exclude this line are eliminated. Since all sets of coverage include this loop, none are eliminated at this step.\n\nStep 4: End of Program\n- The program completes its execution after printing the outputs.\n\nObservation 4: All lines up to line 11 are executed, but line 11 is just the end of file or implicit and doesn't impact logic coverage. Any coverage set not including this finalization remains valid. Checking through our previous observations and given sets:\n- Set 2 and Set 4 can be suitable since both have the required lines, but if we focus on complete logic path coverage as shown in the detailed description, Set 4 which includes slightly broader coverage without the explicitly defined line 11 can be chosen for any such logical deduction.\n\nFINAL CODE COVERAGE:  \n**Set 4: Statements 1, 2, 3, 4, 5, 6, 7, 8, 10**",
                "response_time": 10.243679761886597,
                "input_tokens": 711,
                "output_tokens": 511
            }
        ],
        "serialized_code": "Line 1: import sys\nLine 2: N = int(sys.stdin.readline())\nLine 3: A = sys.stdin.readline().split(' ')\nLine 4: A = [int(x) for x in A]\nLine 5: A.insert(0, 0)\nLine 6: A.append(0)\nLine 7: total = 0\nLine 8: for i in range(N + 1):\nLine 9: \ttotal += abs(A[i] - A[i+1])\nLine 10: for i in range(1, N + 1):\nLine 11: \tprint(str(total - abs(A[i] - A[i + 1]) - abs(A[i] - A[i - 1]) + abs(A[i -1] - A[i + 1])))\n",
        "test_case_id": "1"
    },
    {
        "submission_id": "s431839362",
        "import_statements_removed": [
            "import sys"
        ],
        "import_statements_removed_libs": [
            "sys"
        ],
        "number_of_imports_removed": 1,
        "number_of_calls": {
            "sys": 2
        },
        "lines_affected": {
            "sys": [
                1,
                2
            ]
        },
        "focc": [
            "Set 1: Statements 1, 2, 3, 4, 5, 6, 7, 8, 9, 10",
            "Set 2: Statements 1, 2, 3, 4, 5, 6, 7, 8, 9",
            "Set 3: Statements 1, 2, 3, 4, 5, 6, 7, 9, 10",
            "Set 4: Statements 1, 2, 3, 4, 5, 6, 7, 9"
        ],
        "code": "N = int(sys.stdin.readline())\nA = sys.stdin.readline().split(' ')\nA = [int(x) for x in A]\nA.insert(0, 0)\nA.append(0)\ntotal = 0\nfor i in range(N + 1):\n\ttotal += abs(A[i] - A[i+1])\nfor i in range(1, N + 1):\n\tprint(str(total - abs(A[i] - A[i + 1]) - abs(A[i] - A[i - 1]) + abs(A[i -1] - A[i + 1])))",
        "test_cases": [
            {
                "test_case_id": 1,
                "test_case_inputs": "Test Case Input:\n5\n1 2 3 4 5",
                "crispe_response": "To determine the set of statements covered by the given test case in the provided Python program, follow the same step-by-step analysis approach:\n\n### PLAN:\n\n**Step 1: Reading Input:**\n\n- The first statement reads an integer `N` from input using `sys.stdin.readline()`.\n- The second statement reads a line of input, splits it into strings, and converts them into integers stored in list `A`.\n- The provided test case input is:\n  ```\n  5\n  1 2 3 4 5\n  ```\n- This means line 1 and line 2 must be executed to handle the input.\n\n**Observation 1:**\n\nAll sets include statements 1 and 2, so all are applicable at this stage.\n\n**Step 2: Pre-Processing List A:**\n\n- Line 3: Modifies list `A` by inserting a 0 at the beginning.\n- Line 4: Appends a 0 to the end of list `A`.\n- These operations ensure that `A` becomes `[0, 1, 2, 3, 4, 5, 0]` for the test case.\n\n**Observation 2:**\n\nAll sets include lines 3 and 4, remaining applicable.\n\n**Step 3: Calculating Total:**\n\n- Line 5: Initializes `total` to 0.\n- Line 6: A loop runs from `i = 0` to `i = N`, calculating the sum of absolute differences between consecutive elements in `A`.\n- For `N = 5`, this means iterating from `0` to `5` (inclusive).\n- This loop effectively covers all supposed values and contributes to the total.\n\n**Observation 3:**\n\nAll sets include lines 5 and 6, continuing to apply.\n\n**Step 4: Correct Output:**\n\n- Line 8 is significant. It goes from 1 to `N` and prints a specific calculation involving `total` and differences between elements in `A`.\n- With `N = 5`, this loop iterates from 1 to 5, printing calculated values based on the currently held formula.\n\n**Observation 4:**\n\nAt this point, all sets (1, 2, 3, 4) include line 8, so they are complete for consideration.\n\n**Step 6: Finalizing the Output:**\n\n- The point of observation is that within the defined sets, there are slight variations in terms of the presence of the last steps.\n  \n**Final Conclusion:**\n\n- Set 1 and Set 4 include a non-existent statement (10) or omit statements outrightly necessary.\n- Sets 2 and 3 have accurate statement coverage, similar to the pathways presented.\n  \n**FINAL CODE COVERAGE:**\n\n- Set 2: Covers lines 1 through 9. \n- The comparison has successfully managed to account for noted executions without assumed excess.",
                "response_time": 11.205929040908813,
                "input_tokens": 707,
                "output_tokens": 397
            },
            {
                "test_case_id": 2,
                "test_case_inputs": "Test Case Input:\n3\n1 2 3",
                "crispe_response": "To determine which set of statements will be executed given the test case input and the possible sets of code coverage, let's go through the code step by step, eliminating sets based on the executed lines.\n\n### PLAN:\n\n**Step 1: Input Reading**\n- The program reads an integer `N = 3` and an array `A = [1, 2, 3]` from input. The lines executed are:\n\n  - Line 1: `N = int(sys.stdin.readline())` - This line reads the number `N`.\n  - Line 2: `A = sys.stdin.readline().split(' ')` - This reads the input numbers as a string and splits them into a list of strings.\n\n**Observation 1:**\n- All sets include lines 1 and 2, so none can be eliminated based only on this step.\n\n**Step 2: Conversion and Modification of List `A`**\n- Convert elements of `A` to integers, prepend 0, and append 0:\n\n  - Line 3: `A = [int(x) for x in A]` - Converts string elements to integers.\n  - Line 4: `A.insert(0, 0)` - Inserts `0` at the start of `A`.\n  - Line 5: `A.append(0)` - Appends `0` at the end of `A`.\n  \nNow, `A = [0, 1, 2, 3, 0]`.\n\n**Observation 2:**\n- All sets include lines 3, 4, and 5. They remain applicable.\n\n**Step 3: Calculate Initial Total**\n- Iterate through `A` from index `0` to `N` to calculate the `total` by summing the absolute differences between consecutive elements:\n  \n  - Line 6: `for i in range(N + 1)` - Iterates through `i = 0 to 3`.\n  - Line 7: `total += abs(A[i] - A[i+1])` - Calculates the total change.\n  \nCalculations:\n  - `i = 0`: `abs(0 - 1) = 1`\n  - `i = 1`: `abs(1 - 2) = 1`\n  - `i = 2`: `abs(2 - 3) = 1`\n  - `i = 3`: `abs(3 - 0) = 3`\n\nTotal = 6\n\n**Observation 3:**\n- All sets account for lines 6 and 7 being executed, so they all remain applicable.\n\n**Step 4: Iterative Calculation of Result for Each Element from 1 to N**\n- Calculate and print result for each element `A[i]` from `i = 1` to `N`:\n\n  - Line 8: `for i in range(1, N + 1)` - Iterates through `i = 1 to 3`.\n  - Line 9: `print(...)` - Executes the print statement for each element.\n\nFor each `i`, the print statement results in:\n  - `i = 1`: `total - abs(1 - 2) - abs(1 - 0) + abs(0 - 2) = 6 - 1 - 1 + 2 = 6`\n  - `i = 2`: `total - abs(2 - 3) - abs(2 - 1) + abs(1 - 3) = 6 - 1 - 1 + 2 = 6`\n  - `i = 3`: `total - abs(3 - 0) - abs(3 - 2) + abs(2 - 0) = 6 - 3 - 1 + 2 = 4`\n\n**Observation 4:**\n- Since all lines, including line 9, are executed, the only applicable sets must include this line. So, Set 3, which has line 8 but does not include line 10, remains plausible.\n\n**Step 5: Ending the Loop**\n- Line 10 is not a standalone statement; it's for loop's closure.\n\nConsidering the code's execution throughout the test case, **Set 4** best describes the executed lines in this scenario as it represents covering up to line 9 and does not rely on additional statements placed after this loop or any termination statement.\n\n### FINAL CODE COVERAGE:\nSet 4: Statements 1, 2, 3, 4, 5, 6, 7, 9",
                "response_time": 12.826566457748413,
                "input_tokens": 705,
                "output_tokens": 573
            }
        ],
        "serialized_code": "Line 1: N = int(sys.stdin.readline())\nLine 2: A = sys.stdin.readline().split(' ')\nLine 3: A = [int(x) for x in A]\nLine 4: A.insert(0, 0)\nLine 5: A.append(0)\nLine 6: total = 0\nLine 7: for i in range(N + 1):\nLine 8: \ttotal += abs(A[i] - A[i+1])\nLine 9: for i in range(1, N + 1):\nLine 10: \tprint(str(total - abs(A[i] - A[i + 1]) - abs(A[i] - A[i - 1]) + abs(A[i -1] - A[i + 1])))\n",
        "test_case_id": "2"
    }
]