[
    {
        "submission_id": "s129749658",
        "import_statements_removed": [],
        "import_statements_removed_libs": [],
        "number_of_imports_removed": 0,
        "number_of_calls": {},
        "lines_affected": {},
        "focc": [
            "Set 1: Statements 1, 11, 12, 13, 20, 21, 22, 23",
            "Set 2: Statements 1, 11, 12, 13, 20, 21, 23",
            "Set 3: Statements 1, 11, 12, 13, 19, 20, 21, 22, 23",
            "Set 4: Statements 1, 11, 12, 13, 19, 20, 21, 23",
            "Set 5: Statements 1, 11, 12, 13, 18, 19, 20, 21, 22, 23",
            "Set 6: Statements 1, 11, 12, 13, 18, 19, 20, 21, 23",
            "Set 7: Statements 1, 11, 12, 13, 14, 15, 16, 17, 20, 21, 22, 23, 24",
            "Set 8: Statements 1, 11, 12, 13, 14, 15, 16, 17, 20, 21, 23, 24",
            "Set 9: Statements 1, 11, 12, 13, 14, 15, 16, 17, 18, 21, 22, 23, 24",
            "Set 10: Statements 1, 11, 12, 13, 14, 15, 16, 17, 18, 21, 23, 24",
            "Set 11: Statements 1, 11, 12, 13, 18, 21, 22, 23",
            "Set 12: Statements 1, 11, 12, 13, 18, 21, 23"
        ],
        "code": "def elimrow(lst):\n    lst_after = []\n    gset = []\n    H1 = len(lst)\n    for i in range(H1):\n        gset = list(set(lst[i]))\n        gset.sort()\n        if gset[0] != '.':\n            lst_after.append(lst[i])\n    return lst_after\ndef trans(lst):\n    return list(zip(*lst))\ndef main():\n    H,W = map(int,input().split())\n    grid = [list(str(input())) for _ in range(H)]\n    grid_after = []\n    grid_after = elimrow(grid)\n    gridT = trans(grid_after)\n    grid_after2 = elimrow(gridT)\n    gridT2 = trans(grid_after2)\n    for i in gridT2:\n        print(*i,sep='')\nif __name__ == \"__main__\":\n    main()",
        "test_cases": [
            {
                "test_case_id": 1,
                "test_case_inputs": "Test Case Input:\n3 3\n...\n...\n...",
                "crispe_response": "PLAN:\n\nStep 1: Initialization and Input Processing:\nThe program begins by reading input dimensions H and W and the grid data. The test case input \"3 3 ... ... ...\" suggests grid dimensions of 3x3 with all elements as '.'.\nObservation 1: Lines 1 (def elimrow), 11 (def main), 12 (H, W = map(...)), and 13 (grid = [...]) are executed. All code coverage sets include these lines, so they are all still applicable.\n\nStep 2: Initial Call to elimrow:\nThe function elimrow is called with the grid (3 rows of ['.', '.', '.']). Inside elimrow, line 14 initiates a loop iterating over each row of the grid.\nObservation 2: All applicable sets include line 14, keeping them valid.\n\nStep 3: Iterating in elimrow:\nThe loop in line 15 processes each row. For each row, line 15 creates a set of elements, and line 16 sorts this set. All rows have the same sorted set, ['.'], leading to the condition in line 17 being false (since gset[0] == '.').\nObservation 3: Since no rows are appended to lst_after, lines 16 and 17 are executed, but line 18 (appending to lst_after) is not executed. Thus, Sets 5, 6, 9, 10, 11, and 12 which require Line 18, are eliminated.\n\nStep 4: Return from elimrow:\nThe function returns an empty list (line 19). Lines 19 (return empty lst_after), 20 (tranpose call), and 21 (grid_after2) are executed. Remaining applicable sets include these lines.\n\nStep 5: Transpose and Second elimrow Call:\nThe trans function is called with an empty list (gridT) in line 20, resulting in an immediate return of an empty list. The empty grid_after2 (line 21) is passed again to elimrow in line 22, which, due to being empty, results in an immediate return from elimrow.\nObservation 4: Lines 22 and 23 are executed, as remaining sets account for these statements.\n\nStep 6: Final Output:\nIn line 20, trans is called with an empty list, leading to a return of an empty list again. The for loop in line 20 checks each item in gridT2, which is empty, so the loop doesn\u2019t execute any prints.\nObservation 5: Set 1 and Set 2 do not include line 23. Line 23 being executed removes these sets. Sets 3 and 4 remain as they include line 23.\n\nStep 7: Further Refinement:\nThe test case with all elements '.' ensures that no row is appended, verifying the absence of line 18 in final coverage.\nObservation 6: Sets 3 and 4 have not included line 18, confirming their applicability so far.\n\nFINAL CODE COVERAGE: Set 3 or Set 4: Statements 1, 11, 12, 13, 19, 20, 21, 22, 23",
                "response_time": 8.307991743087769,
                "input_tokens": 811,
                "output_tokens": 442
            },
            {
                "test_case_id": 2,
                "test_case_inputs": "Test Case Input:\n2 2\nAB\nCD",
                "crispe_response": "To determine the set of statements likely covered by the given test case in the provided Python program, we'll go through the code execution process step-by-step with reasoning:\n\n### PLAN:\n\n**Step 1: Function Calls and Initial Input Processing**\n1. The program execution starts with the `main()` function, which reads input values for `H` and `W`. The test case input provides `H = 2` and `W = 2`.\n   \n   **Observation 1**: Since this step involves the `main()` function, lines corresponding to reading inputs (which are part of statements 11 and 12) are executed. Thus, all sets are valid at this point as they all start with the initial steps.\n\n**Step 2: Reading Grid Input**\n2. The program then reads the grid as a list of strings with a loop running `H` times to read `H` lines. The grid becomes `[['A', 'B'], ['C', 'D']]`.\n\n   **Observation 2**: Lines corresponding to reading the grid (statements in the `main()` function before `grid_after` assignment) are executed, keeping all sets as applicable because this is part of the program's normal flow in all sets.\n\n**Step 3: Calling `elimrow` Function**\n3. The grid list is then passed to the `elimrow` function. Inside `elimrow`, it iterates over each row (`['A', 'B']` and `['C', 'D']`), calculates a sorted set of each row, checks if the first element is not a dot (`.`), and appends the row to `lst_after` as `[['A', 'B'], ['C', 'D']]`.\n\n   **Observation 3**: This process involves lines corresponding to the `elimrow` function, including calculations and checking conditions. Here, statements that account for processing each row (including the `if` check) are applicable. Sets that do not include processing conditions will get excluded (e.g., sets that do not call `elimrow`).\n\n**Step 4: Transpose and Re-Invoke `elimrow`**\n4. The list is transposed, making it `[('A', 'C'), ('B', 'D')]`. The transposed list is again processed by `elimrow`, but since there are no dots, it becomes the same after processing.\n\n   **Observation 4**: Statements related to the `trans()` function and another `elimrow` call are executed. Consequently, all sets including these statements remain plausible (all logic in `elimrow` and `trans()` must be valid in the remaining sets).\n\n**Step 5: Final Transpose and Print**\n5. The transposed list is once again transposed back to original form, and each list element is printed row by row.\n\n   **Observation 5**: As line 24 involves printing outputs, only statements that progess to this part will be valid coverage candidates.\n\n**Step 6: Exclude Erroneous or Incomplete Executions**\n6. The process excludes sets where conditions or function usages are unrealistic based on the sequential flow and successful completion without dots.\n\n   **Observation 6**: Sets omitting parts of the code executed above, or containing erroneous assumptions (e.g., dots affecting execution) are eliminated. Statements related to dot checks don't execute as no dots are in the input.\n\n**Final Decision**:\n- The function calls for `elimrow` finish without reach into condition-based alterations (e.g., no rows removed).\n- The program prints output successfully.\n\n### FINAL CODE COVERAGE:\nBased on steps above, set that correctly follows all steps in practical order including all primary operations and output successfully is:\n\nSet **7**: Statements 1, 11, 12, 13, 14, 15, 16, 17, 20, 21, 22, 23, 24",
                "response_time": 20.815009117126465,
                "input_tokens": 810,
                "output_tokens": 526
            }
        ],
        "serialized_code": "Line 1: def elimrow(lst):\nLine 2:     lst_after = []\nLine 3:     gset = []\nLine 4:     H1 = len(lst)\nLine 5:     for i in range(H1):\nLine 6:         gset = list(set(lst[i]))\nLine 7:         gset.sort()\nLine 8:         if gset[0] != '.':\nLine 9:             lst_after.append(lst[i])\nLine 10:     return lst_after\nLine 11: def trans(lst):\nLine 12:     return list(zip(*lst))\nLine 13: def main():\nLine 14:     H,W = map(int,input().split())\nLine 15:     grid = [list(str(input())) for _ in range(H)]\nLine 16:     grid_after = []\nLine 17:     grid_after = elimrow(grid)\nLine 18:     gridT = trans(grid_after)\nLine 19:     grid_after2 = elimrow(gridT)\nLine 20:     gridT2 = trans(grid_after2)\nLine 21:     for i in gridT2:\nLine 22:         print(*i,sep='')\nLine 23: if __name__ == \"__main__\":\nLine 24:     main()\n",
        "test_case_id": "1"
    }
]