[
    {
        "submission_id": "s104744266",
        "import_statements_removed": [],
        "import_statements_removed_libs": [],
        "number_of_imports_removed": 0,
        "number_of_calls": {},
        "lines_affected": {},
        "focc": [
            "Set 1: Statements 1, 2, 3, 4, 5, 6, 7, 8, 9, 10, 11, 12, 13, 14, 15, 16, 17",
            "Set 2: Statements 1, 2, 3, 4, 5, 6, 7, 8, 9, 10, 11, 12, 13, 14, 15, 17",
            "Set 3: Statements 1, 2, 3, 4, 5, 6, 7, 8, 14, 15, 16, 17",
            "Set 4: Statements 1, 2, 3, 4, 5, 6, 7, 8, 14, 15, 17"
        ],
        "code": "from collections import defaultdict\nd = defaultdict(int)\nS=input()\nS=S[::-1]\ni=1\nx=0\nMOD=2019\nfor s in S:\n  x+=(int(s)*i)%MOD\n  x%=MOD\n  d[x]+=1\n  i*=10\n  i%=MOD\nans=0\nfor k in d.values():\n  ans=ans+k*(k-1)//2\nprint(ans+d[0])",
        "test_cases": [
            {
                "test_case_id": 1,
                "test_case_inputs": "Test Case Input:\n123",
                "crispe_response": "**PLAN:**\n\n**Step 1: Initial Steps and Input Reversal:**\n\n- The program begins by importing `defaultdict` from the `collections` module and initializes a `defaultdict(int)` called `d`.\n- The program reads the input, which in this test case is \"123\". It then reverses this string. \n- Line 1 initializes the defaultdict `d`, which will store integer counts. Line 2 reads the input. Line 3 reverses the input.\n  \n**Observation 1:** All possible sets include lines 1, 2, and 3 since they are executed irrespective of the input content.\n\n**Step 2: Variable Initialization:**\n\n- The integer variables `i` and `x` are initialized to 1 and 0, respectively. A constant `MOD` is set to 2019.\n- Lines 4 and 5 handle these initializations.\n\n**Observation 2:** All sets include lines 4 and 5 because these are fundamental initializations necessary for the calculations that follow. \n\n**Step 3: Processing Each Character:**\n\n- The program enters a loop (starting at line 6) that iterates over each character in the reversed string \"321\".\n- The loop expressions, including calculations and updates to `x`, `i`, and `d[x]`, are executed as follows:\n  - For `'3'`: \n    - Updates x as `x += (3*1) % 2019` \u2192 `x = 3`\n    - Updates `x` as `x %= 2019` \u2192 `x = 3`\n    - Updates `d[3]` as `d[3] += 1` \u2192 `d[3] = 1`\n    - Updates `i` as `i *= 10` \u2192 `i = 10`\n    - Updates `i` as `i %= 2019` \u2192 `i = 10`\n    \n  - For `'2'`: \n    - Updates x as `x += (2*10) % 2019` \u2192 `x = 23`\n    - Updates `x` as `x %= 2019` \u2192 `x = 23`\n    - Updates `d[23]` as `d[23] += 1` \u2192 `d[23] = 1`\n    - Updates `i` as `i *= 10` \u2192 `i = 100`\n    - Updates `i` as `i %= 2019` \u2192 `i = 100`\n\n  - For `'1'`: \n    - Updates x as `x += (1*100) % 2019` \u2192 `x = 123`\n    - Updates `x` as `x %= 2019` \u2192 `x = 123`\n    - Updates `d[123]` as `d[123] += 1` \u2192 `d[123] = 1`\n    - Updates `i` as `i *= 10` \u2192 `i = 1000`\n    - Updates `i` as `i %= 2019` \u2192 `i = 1000`\n  \n- Lines 6 to 13 are involved in these calculations.\n\n**Observation 3:** All sets that include lines 6 to 13 are possible, but the exact statements verified will depend on further calculations involving these steps.\n\n**Step 4: Calculating Result:**\n\n- After processing all characters, the program initializes an `ans` variable to zero (line 14).\n- It then iterates over the values of `d` to calculate combinations that add to `ans` (line 15 and 16).\n  \n**Observation 4:** This establishes line 14 as applicable due to `ans` initialization and confirms line 15 is employed in the answer calculation.\n\n**Step 5: Final Output:**\n\n- The final result `ans` plus `d[0]` is printed, assuming that `'321'`'s iterations do not necessitate altering `d[0]`.\n- This uses line 17, the program concluding with a print statement.\n\n**Observation 5:** Since the program executes line 17 without altering `d[0]`, any sets including line 17 remain applicable.\n\n**Conclusion:**\n\n- Lines 9, 10, 11, 12, 13 involve updates and calculations for `x`, but for this input, no increment changes rely on distinct subsets of `d`.\n- Sets 1 and 3 execute line 13 completely during loops; however, line 10 isn't within covered sets, undergoing revisions only for this case iteration.\n  \n**FINAL CODE COVERAGE:**\n\nSet 4: Statements 1, 2, 3, 4, 5, 6, 7, 8, 14, 15, 17",
                "response_time": 14.263103723526001,
                "input_tokens": 692,
                "output_tokens": 577
            },
            {
                "test_case_id": 2,
                "test_case_inputs": "Test Case Input:\n\"123456789\"",
                "crispe_response": "PLAN:\nStep 1: Importing and Initialization\nThe program starts by importing the `defaultdict` from the `collections` module and initializes a defaultdict `d` with `int` as its default factory. This corresponds to statements 1 and 2.\nObservation 1: All sets of code coverage include statements 1 and 2, hence they are all still applicable.\n\nStep 2: Input Processing\nThe next step is to read an input string `S`. In this test case, the input string is \"123456789\". Statement 3 will be executed to store this input.\nObservation 2: All sets of code coverage remain applicable as they include statement 3.\n\nStep 3: String Reversal\nThe string `S` is reversed using slicing (`S[::-1]`), and then stored back in `S`. This operation corresponds to statement 4.\nObservation 3: All sets include statement 4 so they are all applicable.\n\nStep 4: Loop for Calculating x\nThe program enters a loop iterating over each character `s` in the reversed string `S`. This corresponds to statement 5, initializing the loop. \n- Statement 6 increments `x` by `(int(s)*i)%MOD`, and statement 7 applies modulo `MOD` to `x`.\n- After updating `x`, statement 8 updates the defaultdict `d` with the new value of `x`.\n- Statement 9 updates the variable `i` as `i*=10` followed by statement 10 applying modulo `MOD` to `i`.\n\nObservation 4: All sets include statements from 5 to 10. As the loop will execute multiple times for each digit in \"987654321\", all these statements will execute each time.\n\nStep 5: Calculating Answer\nAfter processing the loop, the program calculates the answer using the values in `d`. This corresponds to statement 11 where `ans` is initialized to 0. \n- Statement 12 iterates over `d.values()` for a calculation, updating `ans` according to statement 13.\nObservation 5: Sets 1, 2, 3, and 4 all include statements from 11 to 13.\n\nStep 6: Final Output\nFinally, the program prints `ans + d[0]` as the result, which is statement 15.\nObservation 6: All sets except set 3 include statement 15, as set 3 only includes up to statement 14. This rules out set 3.\n\nStep 7: Reassessing Conditions on Modulus Value\nWhile loop and calculation changes happen for each character in S, statement 14 doesn't execute any condition directly within the current loop or final calculation as a conditional check, which is why Set 3's exclusion of this step results in its removal.\nObservation 7: Sets 1, 2, and 4 include statement 15 and consider all necessary calculations for the final answer. However, since set 3 doesn't align with calculated checks, it's not considered.\n\nFINAL CODE COVERAGE:\nSet 2: Statements 1, 2, 3, 4, 5, 6, 7, 8, 9, 10, 11, 12, 13, 14, 15, 17",
                "response_time": 8.194571733474731,
                "input_tokens": 692,
                "output_tokens": 445
            }
        ],
        "serialized_code": "Line 1: from collections import defaultdict\nLine 2: d = defaultdict(int)\nLine 3: S=input()\nLine 4: S=S[::-1]\nLine 5: i=1\nLine 6: x=0\nLine 7: MOD=2019\nLine 8: for s in S:\nLine 9:   x+=(int(s)*i)%MOD\nLine 10:   x%=MOD\nLine 11:   d[x]+=1\nLine 12:   i*=10\nLine 13:   i%=MOD\nLine 14: ans=0\nLine 15: for k in d.values():\nLine 16:   ans=ans+k*(k-1)//2\nLine 17: print(ans+d[0])\n",
        "test_case_id": "1"
    },
    {
        "submission_id": "s104744266",
        "import_statements_removed": [
            "from collections import defaultdict"
        ],
        "import_statements_removed_libs": [
            "collections"
        ],
        "number_of_imports_removed": 1,
        "number_of_calls": {
            "collections": 0
        },
        "lines_affected": {
            "collections": []
        },
        "focc": [
            "Set 1: Statements 1, 2, 3, 4, 5, 6, 7, 8, 9, 10, 11, 12, 13, 14, 15, 16",
            "Set 2: Statements 1, 2, 3, 4, 5, 6, 7, 8, 9, 10, 11, 12, 13, 14, 16",
            "Set 3: Statements 1, 2, 3, 4, 5, 6, 7, 13, 14, 15, 16",
            "Set 4: Statements 1, 2, 3, 4, 5, 6, 7, 13, 14, 16"
        ],
        "code": "d = defaultdict(int)\nS=input()\nS=S[::-1]\ni=1\nx=0\nMOD=2019\nfor s in S:\n  x+=(int(s)*i)%MOD\n  x%=MOD\n  d[x]+=1\n  i*=10\n  i%=MOD\nans=0\nfor k in d.values():\n  ans=ans+k*(k-1)//2\nprint(ans+d[0])",
        "test_cases": [
            {
                "test_case_id": 1,
                "test_case_inputs": "Test Case Input:\n123",
                "crispe_response": "**PLAN:**\n\n**Step 1: Input Processing and Initial Setup:**\n- The program begins with creating a `defaultdict` named `d` initialized to zero for integer keys.\n- The input `S` is received and then reversed using `S=S[::-1]`. The provided test input is \"123\", which when reversed becomes \"321\".\n- Observation 1: All sets of code coverage start with these initial steps: statements 1, 2, and 3. Therefore, all sets are initially applicable.\n\n**Step 2: Setting Initial Values:**\n- Variables `i` and `x` are initialized with values 1 and 0 respectively, and `MOD` is set to 2019.\n- Observation 2: Execution of statement 4 ensures that all sets still remain valid as it corresponds to setting initial values: statements 4, 5, and 6.\n\n**Step 3: Loop Processing Through the Reversed String:**\n- The program starts the loop to process each character in the reversed input string \"321\". It will iterate three times, once for each character: '3', '2', and '1'.\n- Observation 3: Statement 7 initiates the loop execution and is common to all possible sets.\n\n**Step 4: First Loop Iteration with Character '3':**\n- For the first character '3', compute `x`, update `d[x]`, and adjust `i`.\n  - Statement 8 (`x+=(int(s)*i)%MOD`) and statement 9 (`x%=MOD`) are executed.\n  - Statement 10 updates the count in `defaultdict` for the current `x`.\n  - Modify `i` by multiplying by 10 and taking modulo 2019 using statements 11 and 12.\n- Observation 4: The execution of statements 8 through 12 ensures that sets 1 and 2 remain probable, as sets 3 and 4 don't cover statements 8 through 12.\n\n**Step 5: Second Loop Iteration with Character '2':**\n- For character '2', repeat the same steps: update `x`, record in `d`, and adjust `i`.\n  - Statements 8 through 12 are executed again.\n- Observation 5: The continuous execution of statements 8 through 12 maintains the probability of sets 1 and 2.\n\n**Step 6: Third Loop Iteration with Character '1':**\n- For character '1', follow the same pattern of computations, recording, and adjustments.\n  - Statements 8 through 12 execute once more.\n- Observation 6: The repeated execution reaffirms sets 1 and 2 as plausible, as sets 3 and 4 do not include this combination of statements.\n\n**Step 7: Calculating the Final Answer:**\n- After processing all characters, calculate the result using statement 14 (`print(ans+d[0])`).\n  - Final computation using statements 13, 14, and if statement 16 helps in forming `ans`.\n- Observation 7: Only sets 1 and 2 encompass statement 14, verifying calculations from `d` and adding `d[0]`. However, statement 15 iterates through `d.values()` contributing to `ans`.\n\n**Step 8: Final Decision:**\n- Since we have executed all statements continually through the loop and processed each reversed character, it confirms execution paths via statements 1-16.\n- Statement 15 (if condition contributes to ans calculation loop) inclusion guarantees set 1 as the best fit since it includes all possible steps of computation, whereas set 2 misses this detail.\n\n**FINAL CODE COVERAGE:**\nSet 1: Statements 1, 2, 3, 4, 5, 6, 7, 8, 9, 10, 11, 12, 13, 14, 15, 16",
                "response_time": 8.419785976409912,
                "input_tokens": 684,
                "output_tokens": 507
            },
            {
                "test_case_id": 2,
                "test_case_inputs": "Test Case Input:\n\"123456789\"",
                "crispe_response": "PLAN:\n\nStep 1: Initialization and Input:\n- The program starts by initializing a defaultdict `d` with integer defaults. Then it takes the input string `S`.\n- In this test case, the given input is \"123456789\".\n- Observation 1: All sets of code coverage include statements 1 and 2, so they all apply at this step.\n\nStep 2: Reverse Input String:\n- The string `S` is reversed using `S[::-1]`.\n- Reversed string `S` becomes \"987654321\".\n- Observation 2: All sets of code coverage assume the string reversal operation in statement 3. So they remain applicable.\n\nStep 3: Loop through Reversed String:\n- A for loop (starting at statement 7) iterates over each character in the reversed string.\n- This loop will execute 9 times, once for each character in the reversed string \"987654321\".\n- Observation 3: All sets of code coverage account for the execution of the loop (statements 4 through 9). Therefore, they all remain applicable.\n\nStep 4: Calculation within Loop:\n- For each character `s` in the reversed string, several operations are performed involving variables `x`, `i`, and defaultdict `d`.\n- Each digit of the input string affects the change in `x` and the update to `d[x]`.\n- Observation 4: All sets of code coverage involve computations and dictionary updates within the loop (statements 4 to 8). Thus, they all remain applicable at this stage.\n\nStep 5: Final Calculation:\n- After the loop, a secondary loop calculates `ans` using values stored in `d`. This is done in statements 13 to 15.\n- Observation 5: Sets 1 and 2 include these statements in their coverage, so they remain applicable. Sets 3 and 4 omit one or more of these statements, so they are not applicable.\n\nStep 6: Print Result:\n- The final print statement outputs the calculation result in statement 16.\n- Observation 6: All sets include statement 16. Therefore, any exclusions have already been handled in the previous step.\n\nFINAL CODE COVERAGE:\n- Based on the above reasoning, only Set 1: Statements 1, 2, 3, 4, 5, 6, 7, 8, 9, 10, 11, 12, 13, 14, 15, 16, correctly captures all the statements involved in this test case execution.",
                "response_time": 6.188094139099121,
                "input_tokens": 684,
                "output_tokens": 360
            }
        ],
        "serialized_code": "Line 1: d = defaultdict(int)\nLine 2: S=input()\nLine 3: S=S[::-1]\nLine 4: i=1\nLine 5: x=0\nLine 6: MOD=2019\nLine 7: for s in S:\nLine 8:   x+=(int(s)*i)%MOD\nLine 9:   x%=MOD\nLine 10:   d[x]+=1\nLine 11:   i*=10\nLine 12:   i%=MOD\nLine 13: ans=0\nLine 14: for k in d.values():\nLine 15:   ans=ans+k*(k-1)//2\nLine 16: print(ans+d[0])\n",
        "test_case_id": "2"
    }
]