[
    {
        "submission_id": "s240919061",
        "import_statements_removed": [],
        "import_statements_removed_libs": [],
        "number_of_imports_removed": 0,
        "number_of_calls": {},
        "lines_affected": {},
        "focc": [
            "Set 1: Statements 1, 2, 3, 4, 5, 6, 7, 8, 10",
            "Set 2: Statements 1, 2, 3, 4, 5, 6, 7, 14, 15, 16, 17, 18",
            "Set 3: Statements 1, 2, 3, 4, 5, 6, 7, 14, 15, 18"
        ],
        "code": "N,M=[int(i) for i in input().split(\" \")]\nA=[int(i) for i in input().split(\" \")]\n_A=[0]\nsum=0\nd={0:1}\nkey=[0]\nfor i in range(N):\n    sum=(sum+A[i])%M\n    try:\n        d[sum]+=1\n    except KeyError:\n        d[sum]=1\n        key.append(sum)\ncount=0\nfor i in key:\n    _count=d[i]\n    count+=(_count-1)*_count/2\nprint(int(count))",
        "test_cases": [
            {
                "test_case_id": 1,
                "test_case_inputs": "Test Case Input:\n5 3\n1 2 3 4 5",
                "crispe_response": "To determine the correct set of code coverage for the given program and test case, let's walk through each step of the program's execution.\n\n### Step-by-Step Code Execution:\n\n#### Step 1: Input Processing\n- **Program Execution:**\n  - The program begins by taking two integers `N` and `M` as input, followed by an array `A` of integers.\n- **Test Case:**\n  - Input provided is `5 3` followed by `1 2 3 4 5`.\n- **Code Executed:**\n  - Line 1: `N, M = [int(i) for i in input().split(\" \")]` processes the first input line.\n  - Line 2: `A = [int(i) for i in input().split(\" \")]` processes the second input line.\n\n**Observation 1:** Both lines 1 and 2 are accounted for in all provided code coverage sets.\n\n#### Step 2: Initialization\n- **Program Execution:**\n  - The variables `_A`, `sum`, `d`, and `key` are initialized.\n- **Code Executed:**\n  - Line 3: `_A = [0]`\n  - Line 4: `sum = 0`\n  - Line 5: `d = {0: 1}`\n  - Line 6: `key = [0]`\n\n**Observation 2:** Lines 3, 4, 5, and 6 are executed, which are included in all three sets of code coverage.\n\n#### Step 3: Loop through Array `A` (Calculating Sums)\n- **Program Execution:**\n  - Iterate over each element in array `A` and update the `sum` and dictionary `d`.\n- **Details:**\n  - Here are the calculations for each element in `A`:\n    - For `A[0] = 1`: `sum = (0 + 1) % 3 = 1`. As 1 is not in `d`, it is added with a count of 1.\n    - For `A[1] = 2`: `sum = (1 + 2) % 3 = 0`. Update `d[0]` to 2.\n    - For `A[2] = 3`: `sum = (0 + 3) % 3 = 0`. Update `d[0]` to 3.\n    - For `A[3] = 4`: `sum = (0 + 4) % 3 = 1`. Update `d[1]` to 2.\n    - For `A[4] = 5`: `sum = (1 + 5) % 3 = 0`. Update `d[0]` to 4.\n- **Code Executed:**\n  - Lines 7 through 13 achieve this through the loop and try-except block.\n\n**Observation 3:** Since all sets contain the components of this loop, they remain viable. However, given the use of the `try-except` block, the loop will conditionally execute the exception block.\n\n#### Step 4: Calculating the Count\n- **Program Execution:**\n  - Calculate pairs from counts in the dictionary `d`.\n- **Code Executed:**\n  - Line 14: Initialize count to 0.\n  - Line 15-17: For each key in `key`, calculate and increment `count` using the counts in `d`.\n\n**Observation 4:** Lines 14 to 17 are executed. Set 1 does not include these statements, making it inapplicable.\n\n#### Step 5: Final Output\n- **Program Execution:**\n  - Output the integer value of `count`.\n- **Code Executed:**\n  - Line 18: `print(int(count))` executes as the final output step.\n\n**Observation 5:** Both Sets 2 and 3 include the final print execution.\n\n### Conclusion:\n- **Elimination:**\n  - Set 1 is eliminated early due to lack of key block statements for calculation and output leading to mismatch.\n- **Distinct Features:**\n  - Set 2 covers all scenarios for the loop and includes handling the print statement.\n  - Set 3 specifically omits parts of computation logic, making it incomplete regarding calculations.\n\n**Final Selection:**\n- **Set 2** is the most comprehensive set of coverage statements for this test case as it includes all necessary computations, conditions, and output logic.",
                "response_time": 12.26400375366211,
                "input_tokens": 678,
                "output_tokens": 560
            },
            {
                "test_case_id": 2,
                "test_case_inputs": "Test Case Input:\n0 0",
                "crispe_response": "To determine the code coverage based on the provided Python program and test case, let's follow a step-by-step reasoning similar to the example given.\n\n### GIVEN PYTHON PROGRAM ANALYSIS:\n\n1. **Line 1:** `N,M=[int(i) for i in input().split(\" \")]`  \n   Takes two integers from input; specifically `N` and `M`.\n\n2. **Line 2:** `A=[int(i) for i in input().split(\" \")]`  \n   Takes a list of integers `A` from input.\n\n3. **Line 3:** `_A=[0]`  \n   Initializes a list `_A` with a single element 0.\n\n4. **Line 4:** `sum=0`  \n   Initializes `sum` variable to 0.\n\n5. **Line 5:** `d={0:1}`  \n   Initializes dictionary `d` mapping 0 to 1.\n\n6. **Line 6:** `key=[0]`  \n   Initializes list `key` with a single element 0.\n\n7. **Line 7:** `for i in range(N):`  \n   A loop that iterates `N` times.\n\n8. **Lines 8-10:** \n   - `sum=(sum+A[i])%M`  \n     Updates `sum` using the modulo M operation.\n   - `try:`  \n     Attempts to execute the following block.\n   - `d[sum]+=1`  \n     Increments the value of `d[sum]` by 1.\n\n9. **Lines 11-13:**\n   - `except KeyError:`  \n     Catches KeyError in case `sum` is not a key in `d`.\n   - `d[sum]=1`  \n     Initializes `d[sum]` to 1.\n   - `key.append(sum)`  \n     Appends `sum` to the key list.\n\n10. **Line 14:** `count=0`  \n    Initializes `count` to 0.\n\n11. **Line 15:** `for i in key:`  \n    Iterates over each element in the `key` list.\n\n12. **Lines 16-17:** \n    - `_count=d[i]`  \n      Sets `_count` to the value of `d[i]`.\n    - `count+=(_count-1)*_count/2`  \n      Updates the `count` using the formula.\n\n13. **Line 18:** `print(int(count))`  \n    Prints the integer value of `count`.\n\n### GIVEN TEST CASE:\n\n- **Test Case Input:**  \n  `0 0`\n\n### STEP BY STEP REASONING:\n\n**Step 1: Input Processing:**  \n- The first input line means `N=0` and `M=0` are parsed, matching `Lines 1` processing.  \n- The second input line for `A` does not matter since `N=0`, indicating `Lines 2` has little impact.  \n- Observation: All sets of code coverage have these preliminary lines (`1, 2`).\n\n**Step 2: Looping through Range(N):**  \n- Since `N=0`, the loop from `Line 7` will not execute, meaning lines `8-13` involving operations inside this loop will be bypassed.\n- Observation: This affects sets; all sets with `Lines 8-13` will not be fully executed.\n\n**Step 3: Computation using Keys:**  \n- Proceeding directly to line `14` onward due to the empty loop range.  \n- Lines `15-18` execute:\n  - Line 15 To iterate on `key`, which is `[0]`.\n  - The loop iterates with `i=0`.  \n  - Line 16 sets `_count=1` since `d[0]=1`.\n  - Line 17 calculates `count+=(1-1)*1/2` which is 0.\n  - Line 18 prints `0`.\n- Observation: Only lines `15, 16, 17, 18` are executed making sets `2 and 3` valid.\n\n**Step 4: Final Code Coverage:**\n\n- Observation confirms that `Line 8-10` is never accessed in any useful computation because the loop does not run.\n- Eliminating all operations dependent on non-executed lines.\n- With no dynamic updates outside of the initializing and final computation, only set where lines `1, 2, 3, 4, 5, 6, 7, 14, 15, 18` are used.\n\n**FINAL CODE COVERAGE:**\n\n- **Set 3:** Statements 1, 2, 3, 4, 5, 6, 7, 14, 15, 18 are executed given the test case inputs (`0 0`).",
                "response_time": 24.541762828826904,
                "input_tokens": 673,
                "output_tokens": 502
            }
        ],
        "serialized_code": "Line 1: N,M=[int(i) for i in input().split(\" \")]\nLine 2: A=[int(i) for i in input().split(\" \")]\nLine 3: _A=[0]\nLine 4: sum=0\nLine 5: d={0:1}\nLine 6: key=[0]\nLine 7: for i in range(N):\nLine 8:     sum=(sum+A[i])%M\nLine 9:     try:\nLine 10:         d[sum]+=1\nLine 11:     except KeyError:\nLine 12:         d[sum]=1\nLine 13:         key.append(sum)\nLine 14: count=0\nLine 15: for i in key:\nLine 16:     _count=d[i]\nLine 17:     count+=(_count-1)*_count/2\nLine 18: print(int(count))\n",
        "test_case_id": "1"
    }
]