[
    {
        "submission_id": "s426523622",
        "import_statements_removed": [],
        "import_statements_removed_libs": [],
        "number_of_imports_removed": 0,
        "number_of_calls": {},
        "lines_affected": {},
        "focc": [
            "Set 1: Statements 1, 2, 3, 4, 5, 6, 7, 8, 9, 10, 11, 12, 13, 14",
            "Set 2: Statements 1, 2, 3, 4, 5, 6, 7, 8, 9, 10, 11, 12, 14",
            "Set 3: Statements 1, 2, 3, 4, 5, 6, 7, 8, 9, 10, 14",
            "Set 4: Statements 1, 2, 3, 4, 5, 6, 7, 8, 9, 14",
            "Set 5: Statements 1, 2, 3, 4, 5, 6, 8, 9, 10, 11, 12, 13, 14",
            "Set 6: Statements 1, 2, 3, 4, 5, 6, 8, 9, 10, 11, 12, 14",
            "Set 7: Statements 1, 2, 3, 4, 5, 6, 8, 9, 10, 14",
            "Set 8: Statements 1, 2, 3, 4, 5, 6, 8, 9, 14",
            "Set 9: Statements 1, 2, 3, 5, 6, 7, 8, 9, 10, 11, 12, 13, 14",
            "Set 10: Statements 1, 2, 3, 5, 6, 7, 8, 9, 10, 11, 12, 14",
            "Set 11: Statements 1, 2, 3, 5, 6, 7, 8, 9, 10, 14",
            "Set 12: Statements 1, 2, 3, 5, 6, 7, 8, 9, 14"
        ],
        "code": "L, R = map(int, input().split())\nmod_n = 2019\nif (mod_n) < (R - L + 1):\n    R = L + mod_n\nv = []\nfor i in range(L,R+1):\n    v.append(i % mod_n)\nans = 2020\nfor i in range(len(v)-1):\n    for j in range(i+1,len(v)):\n        mul_v = v[i] * v[j] % mod_n\n        if mul_v < ans:\n            ans = mul_v\nprint(ans)",
        "test_cases": [
            {
                "test_case_id": 1,
                "test_case_inputs": "Test Case Input:\n0\n2020",
                "crispe_response": "To determine which set of statements will be covered by the test case for the given Python program, let's analyze the program step by step:\n\n**GIVEN PYTHON PROGRAM**:\n```python\nL, R = map(int, input().split())\nmod_n = 2019\nif (mod_n) < (R - L + 1):\n    R = L + mod_n\nv = []\nfor i in range(L, R + 1):\n    v.append(i % mod_n)\nans = 2020\nfor i in range(len(v) - 1):\n    for j in range(i + 1, len(v)):\n        mul_v = v[i] * v[j] % mod_n\n        if mul_v < ans:\n            ans = mul_v\nprint(ans)\n```\n\n**TEST CASE INPUT:**\n```\n0\n2020\n```\n\n**PLAN:**\n\n**Step 1: Input Processing:**\n- The program reads two integers, L and R, from the input. In this test case, L = 0 and R = 2020.\n- Observation 1: Lines 1 and 2 are executed since they involve reading and parsing the input. All sets of code coverage include these statements, so they are all initially applicable.\n\n**Step 2: Conditional Adjustment of R:**\n- The condition `(mod_n) < (R - L + 1)` needs to be evaluated. Here, `mod_n` is 2019 and `R - L + 1 = 2021`.\n- Since 2019 < 2021 is true, the block is executed, setting `R = L + mod_n = 0 + 2019 = 2019`.\n- Observation 2: Lines 3 and 4 are executed due to the true condition, so Sets 9 to 12 are eliminated because they don't include line 4.\n\n**Step 3: Constructing List v:**\n- A list `v` is constructed with elements `i % mod_n` for `i` from 0 to 2019.\n- This involves running the loop from line 6, appending results in line 7.\n- Observation 3: Involves Lines 5, 6, 7, and 8 (for appending), so sets covering these statements remain applicable. Sets 4 and 8 are eliminated because they don\u2019t include line 7.\n\n**Step 4: Nested Loop for Finding Minimum Product Modulo:**\n- The program enters a nested loop starting with lines 9 and 10 for reading indices `i` and `j` and computes the product modulo operation. All iterations happen due to the initialized length of list `v`.\n- Observation 4: Lines 9 through 13 are executed as they govern the nested loop and the conditional test `if mul_v < ans:` is evaluated multiple times and ans could be updated. Only Set 3 is eliminated because it doesn't include enough coverage on this logic.\n\n**Step 5: Printing the Final Answer:**\n- After processing, the final result, `ans`, which holds the smallest product mod value, is printed.\n- Observation 5: Line 14 is executed to print `ans`. With previous logic all other sets apart from Set 11 and 12 are eliminated because they cover only the devoted computation steps entirely.\n\n**FINAL OBSERVATION:**\n- Based on the above reasoning, the lines 1-14 are executed corresponding with Set 5. However, Set 12 stays consistently relevant in these logic steps but completing it without the true conditional adjustments leading to no inclusion of lines 9-13 entirely/static which makes Set 12 most accurate set of statements covered.\n\n**FINAL CODE COVERAGE:**\nSet 12: Statements 1, 2, 3, 5, 6, 7, 8, 9, 14",
                "response_time": 9.448790311813354,
                "input_tokens": 818,
                "output_tokens": 524
            },
            {
                "test_case_id": 2,
                "test_case_inputs": "Test Case Input:\n1000000000 999999999",
                "crispe_response": "To determine which set of statements is covered by the given test case input, let's go through the program step by step, applying the input values and progressively narrowing down the possible sets:\n\n### GIVEN TEST CASE \n- **Input:** `1000000000 999999999`\n\n### PLAN:\n\n**Step 1: Input Parsing and Initial Setup**\n- The program reads two integers `L` and `R`, which, based on the test case input, are `L = 1000000000` and `R = 999999999`.\n- **Observation 1:** Statement 1 is executed in all sets because it covers input reading.\n\n**Step 2: Modulo Adjustment Check**\n- The next condition `if (mod_n) < (R - L + 1):` evaluates, where `mod_n = 2019`, `R - L + 1 = -1000000000 + 999999999 + 1` which simplifies to `0`. So `2019 < 0` is False.\n- Thus, the if statement condition is false, and `R = L + mod_n` is not executed.\n- **Observation 2:** The condition is false, so statement 3 is not executed for set 9 onwards, eliminating sets that involve statement 3 modification to `R`.\n\n**Step 3: Populating List `v`**\n- A list `v` is populated with values from `L` to `R` using the modulo operation `v.append(i % mod_n)`.\n- Since `L > R`, this loop does not execute, meaning `v` remains empty.\n- **Observation 3:** Since the loop from statement 6 to 8 never executes due to the initial condition of `L > R`, sets that involve statement 8 cannot be applied here, narrowing to sets that don't require v to be populated.\n\n**Step 4: Processing Minimum Product Calculation**\n- The nested loop starting at statement 9 to calculate the minimum product does not execute since `v` is empty (no elements to iterate).\n- **Observation 4:** Neither loops for statements 9 to 12 execute. Therefore, sets that include these lines are further narrowed as the loops aren't processed.\n\n**Step 5: Output**\n- Finally, the program executes `print(ans)`, where `ans` remains its initial value of `2020`.\n- **Observation 5:** This ensures that sets without statement 14 are not viable, confirming execution up to the final print statement.\n\n**FINAL CODE COVERAGE:**\nConsidering the observations, sets that follow these conditions include statements processed without entering loops or modifications due to the initial setup discrepancy `L > R` are relevant. Hence, the most accurate set is:\n\n**Set 8:** Statements 1, 2, 3, 4, 5, 6, 8, 9, 14\n\nThis set covers the input reading and initial checks without entering further computational loops due to the input configuration.",
                "response_time": 6.3981053829193115,
                "input_tokens": 818,
                "output_tokens": 414
            }
        ],
        "serialized_code": "Line 1: L, R = map(int, input().split())\nLine 2: mod_n = 2019\nLine 3: if (mod_n) < (R - L + 1):\nLine 4:     R = L + mod_n\nLine 5: v = []\nLine 6: for i in range(L,R+1):\nLine 7:     v.append(i % mod_n)\nLine 8: ans = 2020\nLine 9: for i in range(len(v)-1):\nLine 10:     for j in range(i+1,len(v)):\nLine 11:         mul_v = v[i] * v[j] % mod_n\nLine 12:         if mul_v < ans:\nLine 13:             ans = mul_v\nLine 14: print(ans)\n",
        "test_case_id": "1"
    }
]