[
    {
        "submission_id": "s151195941",
        "import_statements_removed": [],
        "import_statements_removed_libs": [],
        "number_of_imports_removed": 0,
        "number_of_calls": {},
        "lines_affected": {},
        "focc": [
            "Set 1: Statements 1, 2, 3, 4, 5, 6, 7, 17",
            "Set 2: Statements 1, 2, 3, 4, 5, 6, 8, 10, 17",
            "Set 3: Statements 1, 2, 3, 4, 5, 6, 8, 13, 14, 17",
            "Set 4: Statements 1, 2, 3, 4, 5, 6, 8, 13, 15, 16, 17",
            "Set 5: Statements 1, 2, 3, 4, 5, 6, 8, 13, 15, 17",
            "Set 6: Statements 1, 2, 3, 4, 17"
        ],
        "code": "import collections\nq = collections.deque()\nn = int(input())\nfor i in range(n):\n    com = input().split()\n    if com[0] == 'insert':\n        q.appendleft(int(com[1]))\n    elif com[0] == 'delete':\n        try:\n            q.remove(int(com[1]))\n        except:\n            pass\n    elif com[0] == 'deleteFirst':\n        q.popleft()\n    elif com[0] == 'deleteLast':\n        q.pop()\nprint(*q)",
        "test_cases": [
            {
                "test_case_id": 1,
                "test_case_inputs": "Test Case Input:\n4\ninsert 1\ndelete 1\ndeleteFirst\ndeleteLast",
                "crispe_response": "PLAN:\n\nStep 1: Import and Deque Initialization:\nThe program starts with importing the collections module and initializing a deque named q. These steps are considered as statements 1 and 2.\nObservation 1: All sets of code coverage are applicable as they all include statements 1 and 2.\n\nStep 2: Input Handling:\nThe program reads an integer n, which represents the number of commands to be processed. The input value provided is 4. This is statement 3 in the program.\nObservation 2: All sets of code coverage are still applicable as they all include statement 3.\n\nStep 3: First Iteration with command \"insert 1\":\nFor the first command \"insert 1\", the program checks if the command matches \"insert\" (statement 5). Since it does, statement 6 is executed, which appends 1 to the left of the deque.\nObservation 3: Sets 1, 2, 3, 4, and 5 are applicable as they include statements 5 and 6.\n\nStep 4: Second Iteration with command \"delete 1\":\nIn the second iteration, the command \"delete 1\" is processed. The program checks for \"delete\" (statement 5), and statement 8 is executed to remove 1 from the deque. Consequently, the try block (statements 8 to 10) handles this removal as there is no exception.\nObservation 4: Sets 2, 3, 4, and 5 are applicable as they include statements 8 and 10.\n\nStep 5: Third Iteration with command \"deleteFirst\":\nThe third operation is \"deleteFirst\", which is matched with statement 12. Consequently, statement 13 is executed to remove the first element from the deque using q.popleft().\nObservation 5: Sets 3, 4, and 5 remain applicable as they include statements 13 and onwards.\n\nStep 6: Fourth Iteration with command \"deleteLast\":\nIn the fourth iteration, the command \"deleteLast\" matches with the elif condition in statement 14, resulting in statement 15's execution to remove the last element from the deque using q.pop().\nObservation 6: Sets 4 and 5 are applicable because they include statements 15.\n\nStep 7: Print Deque:\nSince all commands have been processed, statement 17 is executed to print the elements of the deque, which at this point should be empty.\nObservation 7: Both sets 4 and 5 account for the print statement 17.\n\nStep 8: Exception Handling:\nDuring the \"delete\" command, there is no exception raised, hence the except block (statement 9) does not execute. This rules out set 5 as it mentions statement 9.\nObservation 8: Only set 4 remains applicable as it excludes statement 9 and covers execution without additional commands or exceptions being thrown.\n\nFINAL CODE COVERAGE:\nSet 4: Statements 1, 2, 3, 4, 5, 6, 8, 13, 15, 16, 17",
                "response_time": 7.660926342010498,
                "input_tokens": 710,
                "output_tokens": 433
            },
            {
                "test_case_id": 2,
                "test_case_inputs": "Test Case Input:\ndelete 5",
                "crispe_response": "PLAN:\n\nStep 1: Program Initialization:\nThe program imports the collections module and initializes an empty deque, `q` (lines 1 and 2). Then, it reads an integer `n` from input, which determines how many commands will be processed in the subsequent loop (line 3). In this test case, the initial input `n` should specify how many commands follow (not provided in the test case, assumed to be 1 for this analysis).\nObservation 1: All sets of code coverage include lines 1, 2, 3, and 4, so they all remain applicable.\n\nStep 2: Processing Commands:\nThe for-loop iterates `n` times (line 5). In this test case, since we assume `n = 1`, the loop will execute once, processing the command \"delete 5\" (line 6).\nObservation 2: All sets of code coverage include the execution of the loop setup and the start of the loop body (lines 5 and 6), so they are all still applicable.\n\nStep 3: Command Execution - \"delete\":\nThe input command is \"delete 5\". The command starts with 'delete', so it enters the corresponding `elif` block (lines 8-10), and the program will attempt to remove `5` from the deque `q`. Since `q` is initially empty, the `try` block attempts to remove an element that does not exist, which raises an exception. The `except` block handles this exception by passing control without any operation (line 10).\nObservation 3: Sets 1, 2, 3, 4, and 5 include statements in the delete command (`if`, `try`, and `except`) corresponding to lines 8, 10, and handling of the exception, maintaining their applicability. Set 6 is eliminated because it only considers the input processing and ends with the printing statement but removes lines 8 and 10.\n\nStep 4: Conclusion of the Program:\nAfter processing all commands, the program prints the elements of the deque `q` (line 17). Since no elements were added or successfully removed (as `q` was empty), the output is just an empty line.\nObservation 4: All remaining sets (1, 2, 3, 4, and 5) account for the execution of line 17, which concludes the program, so they remain viable after this step.\n\nStep 5: Consideration of Insertions and Other Commands:\nThe test case does not cover commands like \"insert\", \"deleteFirst\", or \"deleteLast\", meaning its coverage does not involve statements corresponding to these functionalities.\nObservation 5: Set 1 can be eliminated as it includes specific behaviors only related to the 'deleteFirst' command not relevant to the test case. As commands related to specific operations in the deque were not issued (other than the 'delete' command which does not modify in this case), we narrow down to the sets that handle the coverage related specifically to executed commands and their non-coverage of other actions.\n\nFINAL CODE COVERAGE:\nSet 2: Statements 1, 2, 3, 4, 5, 6, 8, 10, 17",
                "response_time": 9.834388971328735,
                "input_tokens": 705,
                "output_tokens": 465
            }
        ],
        "serialized_code": "Line 1: import collections\nLine 2: q = collections.deque()\nLine 3: n = int(input())\nLine 4: for i in range(n):\nLine 5:     com = input().split()\nLine 6:     if com[0] == 'insert':\nLine 7:         q.appendleft(int(com[1]))\nLine 8:     elif com[0] == 'delete':\nLine 9:         try:\nLine 10:             q.remove(int(com[1]))\nLine 11:         except:\nLine 12:             pass\nLine 13:     elif com[0] == 'deleteFirst':\nLine 14:         q.popleft()\nLine 15:     elif com[0] == 'deleteLast':\nLine 16:         q.pop()\nLine 17: print(*q)\n",
        "test_case_id": "1"
    },
    {
        "submission_id": "s151195941",
        "import_statements_removed": [
            "import collections"
        ],
        "import_statements_removed_libs": [
            "collections"
        ],
        "number_of_imports_removed": 1,
        "number_of_calls": {
            "collections": 1
        },
        "lines_affected": {
            "collections": [
                1
            ]
        },
        "focc": [
            "Set 1: Statements 1, 2, 3, 4, 5, 6, 16",
            "Set 2: Statements 1, 2, 3, 4, 5, 7, 9, 16",
            "Set 3: Statements 1, 2, 3, 4, 5, 7, 12, 13, 16",
            "Set 4: Statements 1, 2, 3, 4, 5, 7, 12, 14, 15, 16",
            "Set 5: Statements 1, 2, 3, 4, 5, 7, 12, 14, 16",
            "Set 6: Statements 1, 2, 3, 16"
        ],
        "code": "q = collections.deque()\nn = int(input())\nfor i in range(n):\n    com = input().split()\n    if com[0] == 'insert':\n        q.appendleft(int(com[1]))\n    elif com[0] == 'delete':\n        try:\n            q.remove(int(com[1]))\n        except:\n            pass\n    elif com[0] == 'deleteFirst':\n        q.popleft()\n    elif com[0] == 'deleteLast':\n        q.pop()\nprint(*q)",
        "test_cases": [
            {
                "test_case_id": 1,
                "test_case_inputs": "Test Case Input:\n4\ninsert 1\ndelete 1\ndeleteFirst\ndeleteLast",
                "crispe_response": "To determine the code coverage based on the given program and test case, let's analyze each step in the program execution:\n\n### PLAN:\n\n#### Step 1: Initialization and Input Processing\n- The program initializes a deque `q` (statement 1) and reads an integer `n` from the input (statement 2). In this case, `n = 4`.\n- **Observation 1:** All possible code coverage sets include statements 1 and 2. Therefore, all sets are initially applicable.\n\n#### Step 2: Iteration through Commands\n- The program has a loop running `n` times. Given `n = 4`, the loop (statements 3 and onwards) will iterate four times.\n- **Observation 2:** All sets include the loop execution at statement 3. Thus, all sets remain applicable.\n\n#### Step 3: First Iteration (Command: \"insert 1\")\n- The first command is `\"insert 1\"`. The `if` condition at statement 4 is satisfied, which leads to the execution of statement 5, where `1` is appended to the left of the deque.\n- **Observation 3:** Sets 1, 2, 3, 4, and 5, which include statements 4 and 5, remain applicable.\n\n#### Step 4: Second Iteration (Command: \"delete 1\")\n- The second command is `\"delete 1\"`. The `elif` condition at statement 6 is satisfied. The program attempts to remove `1` from the deque at statement 7. Since `1` is present, the removal is successful; hence no exception is raised.\n- **Observation 4:** Sets 2, 3, 4, and 5, which include statements 6 and 7, remain applicable.\n\n#### Step 5: Third Iteration (Command: \"deleteFirst\")\n- The third command is `\"deleteFirst\"`. The `elif` condition at statement 9 is satisfied, executing statement 12 to remove the first element of the deque.\n- **Observation 5:** Sets 3, 4, and 5, which include statements 9 and 12, remain applicable.\n\n#### Step 6: Fourth Iteration (Command: \"deleteLast\")\n- The fourth command is `\"deleteLast\"`. The `elif` condition at statement 14 is satisfied, executing statement 15 to remove the last element of the deque.\n- **Observation 6:** Sets 4 and 5, which include statements 14 and 15, remain applicable.\n\n#### Step 7: Print Final State of Deque\n- After the loop, statement 16 is executed to print the contents of the deque.\n- **Observation 7:** Both sets 4 and 5 include statement 16.\n\n#### FINAL CONCLUSION:\n- Throughout the steps, sets 4 and 5 have remained applicable, covering all executed statements. Since the test case did not trigger the error-handling path or contain commands not aligned with the test case, we look at coverage including all operations and final outputs.\n\n**FINAL CODE COVERAGE:**\n- Set 4: Statements 1, 2, 3, 4, 5, 7, 12, 14, 15, 16",
                "response_time": 8.499296426773071,
                "input_tokens": 702,
                "output_tokens": 437
            },
            {
                "test_case_id": 2,
                "test_case_inputs": "Test Case Input:\ndelete 5",
                "crispe_response": "### PLAN:\n\n**Step 1: Initialization and Input Processing:**\n\nThe program starts by initializing a deque `q` and reading an integer `n` (line 2), which represents the number of commands to be processed. The test case provides the command `delete 5`. Since there's only one command, this implies that `n` is `1`. Lines 1 and 2 will be executed to initialize the deque and read the integer input.\n\n**Observation 1:** All sets of code coverage include lines 1 and 2, so they are still applicable. At this point, Sets 1, 2, 3, 4, 5, and 6 are all applicable.\n\n**Step 2: Processing Commands via Loop:**\n\nThe loop in line 3 iterates based on `n`, which is `1`, so it will iterate once. The command `delete 5` is read as input within the loop in line 4.\n\n**Observation 2:** All sets of code coverage include lines 3 and 4, so they remain applicable. Sets 1, 2, 3, 4, 5, and 6 continue to be applicable.\n\n**Step 3: Handling the Command 'delete 5':**\n\nFor the command `delete 5`, line 5 checks the first part of the command, `com[0] == 'insert'`, which does not match. This skips line 6. \n\nThe program then checks the second part, `com[0] == 'delete'`, which matches. Consequently, line 7 is executed, and the program attempts to remove `5` from the deque `q`. Since `q` is initially empty, this results in an exception, and the program moves to the `except` block, which is line 9. Since the exception is handled, the flow goes to the next iteration step after line 9.\n\n**Observation 3:** \n- Lines 6 and 16 are not executed, so any set containing line 6 can be eliminated. That removes Set 1.\n- Lines 8 and 9 are executed, leaving Sets 2, 3, 4, and 5 applicable. \n- Line 7 is also executed, keeping only Sets 2, 3, 4, and 5.\n\n**Step 4: End of Program Execution:**\n\nSince `n` was 1, the loop has no more iterations. Finally, line 16 is executed to print the contents of `q`, which remains empty.\n\n**Observation 4:** All remaining applicable sets \u2013 Set 2, 3, 4, and 5 \u2013 include line 16.\n\n**Step 5: Handling the Remaining Cases:**\n\nNo `deleteFirst` or `deleteLast` commands were provided, removing the possibility of executing lines 12, 13, 14, and 15. This helps us eliminate Sets 3, 4, and 5 which include either line 12 or 14.\n\n**Observation 5:** Set 2 is the only set remaining, which includes all the lines executed (`1, 2, 3, 4, 5, 7, 9, 16`).\n\n### FINAL CODE COVERAGE:\nSet 2: Lines 1, 2, 3, 4, 5, 7, 9, 16",
                "response_time": 8.579862833023071,
                "input_tokens": 697,
                "output_tokens": 438
            }
        ],
        "serialized_code": "Line 1: q = collections.deque()\nLine 2: n = int(input())\nLine 3: for i in range(n):\nLine 4:     com = input().split()\nLine 5:     if com[0] == 'insert':\nLine 6:         q.appendleft(int(com[1]))\nLine 7:     elif com[0] == 'delete':\nLine 8:         try:\nLine 9:             q.remove(int(com[1]))\nLine 10:         except:\nLine 11:             pass\nLine 12:     elif com[0] == 'deleteFirst':\nLine 13:         q.popleft()\nLine 14:     elif com[0] == 'deleteLast':\nLine 15:         q.pop()\nLine 16: print(*q)\n",
        "test_case_id": "2"
    }
]