[
    {
        "submission_id": "s387306320",
        "import_statements_removed": [],
        "import_statements_removed_libs": [],
        "number_of_imports_removed": 0,
        "number_of_calls": {},
        "lines_affected": {},
        "focc": [
            "Set 1: Statements 1, 2, 3, 4, 5, 6, 7, 8, 9, 10, 11, 12, 13",
            "Set 2: Statements 1, 2, 3, 4, 5, 6, 7, 8, 9, 12, 13",
            "Set 3: Statements 1, 2, 3, 4, 5, 6, 7, 9, 10, 11, 12, 13",
            "Set 4: Statements 1, 2, 3, 4, 5, 6, 7, 9, 12, 13",
            "Set 5: Statements 1, 2, 3, 4, 5, 6, 9, 10, 11, 12, 13",
            "Set 6: Statements 1, 2, 3, 4, 5, 6, 9, 12, 13",
            "Set 7: Statements 1, 2, 3, 4, 12, 13"
        ],
        "code": "n = int(input())\na = list(map(int,input().split()))\ncount = 0\nfor i in range(n):\n    minij =i\n    for j in range(i,n):\n        if a[j] < a[minij]:\n            minij = j\n    if a[i] > a[minij]:\n        count+=1\n        a[i],a[minij] = a[minij],a[i]\nprint(' '.join(map(str,a)))\nprint(count)",
        "test_cases": [
            {
                "test_case_id": 1,
                "test_case_inputs": "Test Case Input:\n5\n3 1 4 2 5",
                "crispe_response": "To determine the code coverage for the given Python program and test case using a step-by-step reasoning, let's first understand the structure of the program:\n\nThe program reads an integer `n` that specifies the number of elements in an array `a`. Then, it performs a selection sort on `a` while counting the number of swaps. Finally, it prints the sorted array and the swap count.\n\nNow, let's go through the process step by step:\n\n**Test Case Input:**\n```\n5\n3 1 4 2 5\n```\n\n**PLAN:**\n\n**Step 1: Input Processing:**\n- The program first reads an integer input `n` (which is `5`) and then reads a list of integers `a` (which is `[3, 1, 4, 2, 5]`).\n- Lines that are executed: 1, 2.\n- Observation 1: All sets include lines 1 and 2, so no sets can be eliminated at this stage.\n\n**Step 2: Outer Loop Execution:**\n- The outer loop iterates from `0` to `4` (since `range(n)` means `range(5)`).\n- Each iteration potentially involves lines 3, 4, and 9.\n- Observation 2: All sets account for the execution of lines 3, 4, and 9, so no sets can be eliminated yet.\n\n**Step 3: Inner Loop Execution (Finding Minimum Index):**\n- In each iteration of the outer loop, the inner loop iterates to find the minimum element from the unsorted part of the array.\n- This involves executing lines 5, 6, and 7. Line 7 checks if a swap is needed and increments `count` if true.\n- Observation 3: Sets that include lines 5, 6, and 7 remain viable at this stage. Sets 7 is eliminated because it doesn't include these lines.\n\n**Step 4: Swap Condition (and Counting):**\n- If the condition in line 8 is true, a swap occurs, and the count is incremented. Specifically, swaps occur for this input at indices (3,1), (4,2).\n- Sets without line 8 can be eliminated.\n- Observation 4: Sets 6 and 7 are eliminated because they don't include line 8, leaving sets 1, 2, 3, 4, 5.\n\n**Step 5: Printing the Results:**\n- Regardless of the swaps, the program prints the sorted array and the swap count.\n- These actions are captured in lines 12 and 13.\n- Observation 5: All remaining sets include these final lines.\n\n**Step 6: Final Elimination:**\n- Accurate code execution involves detection of the exact swaps that occurred. For the given test case, relevant lines (10 and 11) are needed where swaps happen, excluding sets that don't capture this.\n- Observation 6: Set 3 captures both print statements after swap checks, accurately representing the given test case scenario.\n\n**FINAL CODE COVERAGE:**\n\nSet 3: Statements 1, 2, 3, 4, 5, 6, 7, 9, 10, 11, 12, 13",
                "response_time": 11.173403978347778,
                "input_tokens": 728,
                "output_tokens": 450
            },
            {
                "test_case_id": 2,
                "test_case_inputs": "Test Case Input:\n3\n2 1 3",
                "crispe_response": "## PLAN:\n\n### Step 1: Input Processing\nThe test case starts with the inputs '3' and a list '2 1 3'. This means line 1 will process the integer input `n=3` and line 2 will process the list input `a = [2, 1, 3]`.\n\n#### Observation 1: \nAll sets of code coverage are applicable as they all include lines 1 and 2.\n\n### Step 2: Outer Loop Iteration\nThe loop on line 3 iterates `n` times, meaning it will iterate 3 times in this scenario because `n=3`.\n\n#### Observation 2:\nAll sets of code coverage remain applicable as they all account for the loop execution (line 3).\n\n### Step 3: First Iteration (`i=0`)\n- Line 5 sets `minij = 0`.\n- The inner loop (line 6) starts with `j=0` and checks `a[0] < a[0]`, which is false.\n- For `j=1`, it checks `a[1] < a[0]` (i.e., `1 < 2`), which is true, so `minij` becomes 1.\n- For `j=2`, it checks `a[2] < a[1]` (i.e., `3 < 1`), which is false.\n- Line 9 checks `a[0] > a[1]` (i.e., `2 > 1`), which is true, leading to a swap on line 11: `a = [1, 2, 3]` and `count = 1`.\n\n#### Observation 3:\nSets that do not account for line 10 (which includes the swap) get eliminated. Sets 1, 3, and 5 remain.\n\n### Step 4: Second Iteration (`i=1`)\n- Line 5 sets `minij = 1`.\n- The inner loop (line 6) starts with `j=1` and checks `a[1] < a[1]`, which is false.\n- For `j=2`, it checks `a[2] < a[1]` (i.e., `3 < 2`), which is false.\n- Line 9 checks `a[1] > a[1]`, which is false, so no swap happens.\n\n#### Observation 4:\nSets that do not account for line 11 (as it was not executed) remain valid: Sets 1, 3, and 5.\n\n### Step 5: Third Iteration (`i=2`)\n- Line 5 sets `minij = 2`.\n- The inner loop (line 6) only runs for `j=2`, checking `a[2] < a[2]`, which is false.\n- Line 9 checks `a[2] > a[2]`, which is false, so no swap happens.\n\n#### Observation 5:\nThe lack of activity in lines 10 and 11 does not affect which sets are eliminated. Sets 1, 3, and 5 remain.\n\n### Step 6: End of Program\nAfter all iterations, line 12 prints the sorted list, `1 2 3`, and line 13 prints the count of swaps, `1`.\n\n#### Observation 6:\nAll remaining sets account for lines 12 and 13 being executed. \n\n### Final Code Coverage\nGiven all the observations:\n\n- Set 1: Matches all conditions perfectly because it includes all paths and accounts for a successful run with swaps.\n\n**FINAL CODE COVERAGE:**\nSet 1: Statements 1, 2, 3, 4, 5, 6, 7, 8, 9, 10, 11, 12, 13",
                "response_time": 11.557968378067017,
                "input_tokens": 726,
                "output_tokens": 463
            }
        ],
        "serialized_code": "Line 1: n = int(input())\nLine 2: a = list(map(int,input().split()))\nLine 3: count = 0\nLine 4: for i in range(n):\nLine 5:     minij =i\nLine 6:     for j in range(i,n):\nLine 7:         if a[j] < a[minij]:\nLine 8:             minij = j\nLine 9:     if a[i] > a[minij]:\nLine 10:         count+=1\nLine 11:         a[i],a[minij] = a[minij],a[i]\nLine 12: print(' '.join(map(str,a)))\nLine 13: print(count)\n",
        "test_case_id": "1"
    }
]