[
    {
        "submission_id": "s153296939",
        "import_statements_removed": [],
        "import_statements_removed_libs": [],
        "number_of_imports_removed": 0,
        "number_of_calls": {},
        "lines_affected": {},
        "focc": [
            "Set 1: Statements 1, 2, 3, 4, 6, 7, 10",
            "Set 2: Statements 1, 2, 3, 4, 10"
        ],
        "code": "o = input()\ne = input()\na = []\nfor i in range(max(len(o),len(e))):\n    try:\n        a.append(o[i])\n        a.append(e[i])\n    except:\n        pass\nprint(\"\".join(a))",
        "test_cases": [
            {
                "test_case_id": 1,
                "test_case_inputs": "Test Case Input:\no = \"abc\"e = \"def\"",
                "crispe_response": "## PLAN:\n\n### Step 1: Input Processing\n- **Analysis:** The program begins by taking two inputs, `o` and `e`. For the given test case, the inputs are `o = \"abc\"` and `e = \"def\"`.\n- **Relevant Lines:** Statements 1 (`o = input()`) and 2 (`e = input()`) are responsible for accepting these inputs.\n\n**Observation 1:** Both Set 1 and Set 2 include these lines, so both sets remain applicable.\n\n### Step 2: Initialize the List\n- **Analysis:** An empty list `a` is initialized to store the merged characters from `o` and `e`.\n- **Relevant Line:** Statement 3 (`a = []`) executes to create an empty list.\n\n**Observation 2:** Both Set 1 and Set 2 include this line, so both sets remain applicable.\n\n### Step 3: Loop through Characters\n- **Analysis:** The program uses a for loop that iterates over a range defined by the maximum length of `o` and `e`. Since both `o` and `e` have a length of 3, the loop iterates three times (for indices 0, 1, and 2).\n- **Relevant Lines:** Statement 4 (`for i in range(max(len(o),len(e))):`) initiates the loop. Statement 10 (`print(\"\".join(a))`) is executed after the loop completes, as part of the printing step.\n\n**Observation 3:** Both Set 1 and Set 2 include Statement 4, so both sets remain applicable.\n\n### Step 4: Try-Except Block Execution\n- **Analysis:** During each iteration of the loop, a try-except block attempts to append characters from `o` and `e` at the current index `i` to the list `a`.\n  - For `i = 0`: The characters \"a\" from `o` and \"d\" from `e` are appended.\n  - For `i = 1`: The characters \"b\" from `o` and \"e\" from `e` are appended.\n  - For `i = 2`: The characters \"c\" from `o` and \"f\" from `e` are appended.\n  \n- **Relevant Lines:** Statements 6 (`a.append(o[i])`) and 7 (`a.append(e[i])`) are executed without any exceptions, so the except block (which would execute Statement 10 in some contexts) is never triggered.\n\n**Observation 4:** \n- Set 1 covers Statements 6 and 7, as these lines are executed successfully during the try block.\n- Set 2 does not explicitly cover these lines, indicating the absence of actions inside the try block in the representation.\n\n### Step 5: Final Print Statement Execution\n- **Analysis:** After exiting the loop, Statement 10 executes to print the merged string, `\"adbecf\"`.\n- **Relevant Line:** Statement 10 (`print(\"\".join(a))`) is responsible for printing the final output.\n\n**Observation 5:** Both Set 1 and Set 2 include Statement 10 as part of their coverage, confirming their consideration of the printing step.\n\n### Final Decision:\n- **Based on Observations:** Since the except block is never reached, Set 2 lacks the inclusion of the try block actions that successfully append elements to the list. Set 1, however, covers all actions, including appending each character to the list `a` within the try-except block. Thus, Set 1 is the most accurate for the given test case.\n\n## FINAL CODE COVERAGE:\n**Set 1: Statements 1, 2, 3, 4, 6, 7, 10**",
                "response_time": 12.748349905014038,
                "input_tokens": 639,
                "output_tokens": 499
            },
            {
                "test_case_id": 2,
                "test_case_inputs": "Test Case Input:\nInput 1: \"abc\"Input 2: \"def\"",
                "crispe_response": "To determine the applicable set of code coverage for the given program and test case, we will go through the code execution step by step similar to the provided example.\n\n**GIVEN PYTHON PROGRAM**:\n```python\no = input()\ne = input()\na = []\nfor i in range(max(len(o),len(e))):\n    try:\n        a.append(o[i])\n        a.append(e[i])\n    except:\n        pass\nprint(\"\".join(a))\n```\n\n**GIVEN TEST CASE**:\n- Input 1: \"abc\"\n- Input 2: \"def\"\n\n**GIVEN POSSIBLE SETS OF CODE COVERAGE**:\n- Set 1: Statements 1, 2, 3, 4, 6, 7, 10\n- Set 2: Statements 1, 2, 3, 4, 10\n\n**PLAN**:\n\n**Step 1: Input Handling**:\n- The first two lines of the program input values for `o` and `e`.\n- For the provided test case, `o` becomes \"abc\" and `e` becomes \"def\".\n- **Observation 1**: Both Set 1 and Set 2 include the input statements, so both sets remain applicable.\n\n**Step 2: Initialization**:\n- Line 3 initializes an empty list `a`.\n- **Observation 2**: Both sets continue to remain applicable as they both include line 3.\n\n**Step 3: Loop Execution**:\n- The `for` loop on line 4 calculates the range using `max(len(o), len(e))`, which is `max(3, 3) = 3`.\n- Thus, the loop will iterate 3 times.\n- **Observation 3**: Both sets are still applicable as they include line 4, indicating that the loop is considered.\n\n**Step 4: First Iteration**:\n- In the first iteration (`i = 0`), both `o[0]` ('a') and `e[0]` ('d') are within bounds.\n- Both characters are appended to list `a`, resulting in `a = ['a', 'd']`.\n- Since both characters are appended successfully, no exception occurs, and lines 6 and 7 are executed.\n- **Observation 4**: Set 1 remains applicable because it includes lines 6 and 7, which handle the try block actions. Set 2 excludes these specific lines, which makes it less precise for this scenario.\n\n**Step 5: Second Iteration**:\n- In the second iteration (`i = 1`), both `o[1]` ('b') and `e[1]` ('e') are within bounds.\n- Both characters are appended to `a`, resulting in `a = ['a', 'd', 'b', 'e']`.\n- As before, no exception is encountered, and lines 6 and 7 are executed again.\n- **Observation 5**: The scenario continues to validate Set 1, as it accounts for the try block lines (6 and 7) being executed multiple times across iterations.\n\n**Step 6: Third Iteration**:\n- In the third iteration (`i = 2`), both `o[2]` ('c') and `e[2]` ('f') are within bounds.\n- Both characters are appended, resulting in `a = ['a', 'd', 'b', 'e', 'c', 'f']`.\n- Again, there are no exceptions, so lines 6 and 7 are executed.\n- **Observation 6**: Once again, Set 1 captures the full scope of execution with lines 6 and 7 during all relevant iterations within the loop.\n\n**Step 7: End of Program**:\n- After exiting the loop, line 10 is executed, which prints the concatenated characters, yielding the output \"adbecf\".\n- **Observation 7**: Both Set 1 and Set 2 account for the final print statement (line 10), but given the previous observation of lines 6 and 7 being significant, Set 1, which includes these lines, is the more suitable choice.\n\n**FINAL CODE COVERAGE**:\n- **Set 1**: Statements 1, 2, 3, 4, 6, 7, 10\n\n**Conclusion**:\nSet 1 provides the most accurate coverage for the test case because it includes all relevant operations within the try-except block across each iteration, ensuring precise reflection of executed statements.",
                "response_time": 12.30382490158081,
                "input_tokens": 639,
                "output_tokens": 563
            }
        ],
        "serialized_code": "Line 1: o = input()\nLine 2: e = input()\nLine 3: a = []\nLine 4: for i in range(max(len(o),len(e))):\nLine 5:     try:\nLine 6:         a.append(o[i])\nLine 7:         a.append(e[i])\nLine 8:     except:\nLine 9:         pass\nLine 10: print(\"\".join(a))\n",
        "test_case_id": "1"
    }
]