[
    {
        "submission_id": "s037102187",
        "import_statements_removed": [],
        "import_statements_removed_libs": [],
        "number_of_imports_removed": 0,
        "number_of_calls": {},
        "lines_affected": {},
        "focc": [
            "Set 1: Statements 1, 2, 3, 4, 6, 7, 11, 12, 13, 15, 17",
            "Set 2: Statements 1, 2, 3, 4, 6, 7, 11, 12, 13, 15, 17, 18",
            "Set 3: Statements 1, 2, 3, 4, 6, 8, 9, 11, 12, 13, 15, 17",
            "Set 4: Statements 1, 2, 3, 4, 6, 8, 9, 11, 12, 13, 15, 17, 18",
            "Set 5: Statements 1, 2, 3, 4, 6, 7, 8, 10, 11, 12, 13, 15, 17",
            "Set 6: Statements 1, 2, 3, 4, 6, 7, 8, 10, 11, 12, 13, 15, 17, 18",
            "Set 7: Statements 1, 2, 3, 4, 6, 8, 9, 10, 11, 12, 13, 15, 17",
            "Set 8: Statements 1, 2, 3, 4, 6, 8, 9, 10, 11, 12, 13, 15, 17, 18",
            "Set 9: Statements 1, 2, 3, 4, 5, 6, 7, 8, 10, 11, 12, 13, 15, 17",
            "Set 10: Statements 1, 2, 3, 4, 5, 6, 7, 8, 10, 11, 12, 13, 15, 17, 18",
            "Set 11: Statements 1, 2, 3, 4, 5, 6, 8, 9, 10, 11, 12, 13, 15, 17",
            "Set 12: Statements 1, 2, 3, 4, 5, 6, 8, 9, 10, 11, 12, 13, 15, 17, 18"
        ],
        "code": "n = int(input())\nv = [int(i) for i in input().split()]\ndef gcd(x, y):\n    if y > x:\n        x, y = y, x\n    if y == 0:\n        return x\n    if x % y == 0:\n        return y\n    return gcd(y, x % y)\nl = [0 for i in range(n)]\nr = [0 for i in range(n)]\nfor i in range(1, n):\n    l[i] = gcd(l[i - 1], v[i - 1])\nfor i in range(n - 1)[::-1]:\n    r[i] = gcd(r[i+1], v[i+1])\nm = [gcd(l[i], r[i]) for i in range(n)]\nprint(max(m))",
        "test_cases": [
            {
                "test_case_id": 1,
                "test_case_inputs": "Test Case Input:\n3\n9 12 18",
                "crispe_response": "To determine the code coverage for the given Python program and test case, let's go through each step of the program and evaluate how it interacts with the test case:\n\n**Test Case Input:**\n```\nn = 3\nv = [9, 12, 18]\n```\n\n### Step-by-Step Analysis:\n\n**Step 1: Input Processing**\n- **Statement 1:** `n = int(input())` reads an integer input, which is `3`. This line will be executed.\n- **Statement 2:** `v = [int(i) for i in input().split()]` processes the list `v` from input. This line will also be executed with input `9 12 18`.\n- **Observation 1:** All sets of code coverage include statements 1 and 2, so all sets are still applicable.\n\n**Step 2: Function Definition**\n- **Statement 3:** Defines the function `gcd(x, y)`. This definition is necessary for subsequent calculations. This line is part of all sets.\n- **Observation 2:** All coverage sets include statement 3 as the function must be defined.\n\n**Step 3: Function Execution**\n- **Statement 4:** The function `gcd` is likely to be called multiple times.\n- **Statement 5:** (if `y > x`) is checked in the `gcd` function during execution. Given test values, this conditional might be triggered when comparing two numbers.\n- **Statement 6:** The swap operation `x, y = y, x` occurs if `y > x`.\n- **Observation 3:** Sets 1 through 12 still include statements 4 and 6. Statement 5 might or might not be triggered depending on the values. Therefore, sets are not immediately eliminated without further details.\n\n**Step 4: Loop Initialization**\n- **Statement 11:** Initializes arrays `l` and `r` with size `n`, filled with zeros. This line is executed as per the size of `n`.\n- **Observation 4:** All sets include statement 11, so all remain applicable.\n\n**Step 5: Left Array Calculation**\n- **Statement 12:** For loop iterating from 1 to `n-1`. The loop will run since `n = 3`.\n- **Statement 13:** Calls `gcd` within the loop. This means statement 4 is directly executed as part of this call.\n- **Observation 5:** Including statements involved in the loop, statements 12 and 13 will be executed, keeping all sets applicable.\n\n**Step 6: Right Array Calculation**\n- **Statement 15:** Loop iterating backward, from `n-2` to `0`.\n- **Statement 17:** Calls `gcd` within this loop, which will be executed (invokes statement 4).\n- **Observation 6:** Since these loops execute for `n = 3`, they align with all sets.\n\n**Step 7: Maximum GCD Calculation**\n- **Statement 18:** Computation to find `max` value from array `m`.\n- **Observation 7:** Since all sets include statement 18 due to the final calculation, this still retains the potential for multiple sets.\n\n**Step 8: Evaluating Conditions in GCD Function**\n- **Condition Checks:** Review each conditional in the `gcd` function. Given `v = [9, 12, 18]`, look into whether:\n  - **Statement 5 (y > x):** This can be triggered since gcd calls will swap 12, 9 to 9, 12 and handle remainders.\n  - **Statement 6 (x % y == 0):** Is checked but might not be the only exit point.\n  - **Statement 8 & 9 (Else/recursive call):** Likely executed given multiple swaps and remainders (12 and 9; 18 and smaller).  \n- **Observation 8:** Consider how gcd simplification occurs and which checks finalize. The recursive path (line 9) is consistent if swapping and remainders do not clean divisions at early checks. Sets with statements 9 hint at paths taken. \n\n### Final Code Coverage\n\n- **Finalizing Coverage:** Since recursive statements (statements 8-9 or further repetitions) are possible for gcd actions (9, 12, becomes 3 when simplified via remainders fully), validate coverage beyond trivial swaps.\n\n- **Conclusion:** Considering provided inputs and conditions flowing through gcd, comprehensive checks include these statement interactions: primarily line 8 and 10 (recursive/end paths). Logical choice for expressions/features as set 10.\n\n**FINAL CODE COVERAGE:**\nSet 10: Statements 1, 2, 3, 4, 5, 6, 7, 8, 10, 11, 12, 13, 15, 17, 18",
                "response_time": 17.953041553497314,
                "input_tokens": 874,
                "output_tokens": 646
            },
            {
                "test_case_id": 2,
                "test_case_inputs": "Test Case Input:\n0\n4 2 6 8\n\nThis test case input will raise an error in the program because the value of n is 0, which will cause an IndexError when trying to access elements in the list v.",
                "crispe_response": "PLAN:\n\nStep 1: Input Gathering and Processing:\nThe program starts by taking an integer input `n` and a list of integers `v`. In the test case, `n` is 0, which means no elements should be processed or computed beyond this point due to the zero size for arrays `l`, `r`, and `m`.\nObservation 1: All sets account for the input lines 1 and 2 being executed. Therefore, at this point, all possible coverage sets remain applicable.\n\nStep 2: Initialization of Arrays:\nThe program initializes lists `l` and `r` of size `n`. However, since `n` is 0, attempts to access indices beyond the empty lists will cause an `IndexError`.\nObservation 2: As `n` is 0, any attempt to set or access elements in these lists (`l` and `r`) will result in an error before reaching lines 11 and beyond. Therefore, it's important to identify sets that do not assume successful execution of lines beyond 10.\n\nStep 3: Error Identification:\nGiven `n = 0`, accessing elements of lists `v`, `l`, or `r` beyond initialization is incorrect, leading to an immediate program crash. This interrupts execution before any loops or list manipulations can occur.\nObservation 3: The error occurs before the loops starting at lines 11 and 12 (and all subsequent logical statements referencing indices), which means appropriate coverage must include the handling of this error situation.\n\nStep 4: Elimination Based on Error Coverage:\nSets that assume successful execution beyond data initialization are not appropriate as an error is guaranteed. Specifically, any set assuming calculation using loops or output must be removed from consideration since they cover unreachable zones due to the IndexError.\nObservation 4: Only Set 1 accounts up to the potential lines that are relevant before processing would fail due to a size 0 allocation, as it does not include subsequent calculation and printing outputs.\n\nFINAL CODE COVERAGE:\nSet 1: Statements 1, 2, 3, 4, 6, 7, 11, 12, 13, 15, 17\n\nThis set represents the code paths reached before the program encounters its error due to the zero size of `n`.",
                "response_time": 9.493847846984863,
                "input_tokens": 907,
                "output_tokens": 341
            }
        ],
        "serialized_code": "Line 1: n = int(input())\nLine 2: v = [int(i) for i in input().split()]\nLine 3: def gcd(x, y):\nLine 4:     if y > x:\nLine 5:         x, y = y, x\nLine 6:     if y == 0:\nLine 7:         return x\nLine 8:     if x % y == 0:\nLine 9:         return y\nLine 10:     return gcd(y, x % y)\nLine 11: l = [0 for i in range(n)]\nLine 12: r = [0 for i in range(n)]\nLine 13: for i in range(1, n):\nLine 14:     l[i] = gcd(l[i - 1], v[i - 1])\nLine 15: for i in range(n - 1)[::-1]:\nLine 16:     r[i] = gcd(r[i+1], v[i+1])\nLine 17: m = [gcd(l[i], r[i]) for i in range(n)]\nLine 18: print(max(m))\n",
        "test_case_id": "1"
    }
]