[
    {
        "submission_id": "s821344898",
        "import_statements_removed": [],
        "import_statements_removed_libs": [],
        "number_of_imports_removed": 0,
        "number_of_calls": {},
        "lines_affected": {},
        "focc": [
            "Set 1: Statements 1, 2, 4, 5, 6, 7",
            "Set 2: Statements 1, 2, 4, 5, 6, 9"
        ],
        "code": "from sys import stdin,\nfrom sys import stdin, stdout\ndef rint():\n   return map(int, stdin.readline().split())\na = input()\nb = input()\nif a[0] == b[2] and a[1] == b[1] and a[2] == b[0]:\n   print(\"YES\")\nelse:\n   print(\"NO\")",
        "test_cases": [
            {
                "test_case_id": 1,
                "test_case_inputs": "Test Case Input:\n123\n321",
                "crispe_response": "To determine the code coverage for the given test case, we need to analyze the program step-by-step using the supplied input. The provided Python program allows user input and checks a specific condition before printing a result. Here's the reasoning for determining the coverage:\n\n### PLAN:\n\n**Step 1: Import Statements**\n- The program starts with import statements: `from sys import stdin, stdout`. However, they are not utilized in the provided code, implying these lines don't affect execution flow for the given test case.\n- **Observation 1:** This doesn't influence our analysis concerning the sets provided because no import lines are included in any set.\n\n**Step 2: Function Definition**\n- The `rint()` function is defined, but it isn't called in this program, so its existence doesn't affect the current execution or coverage.\n- **Observation 2:** Like the imports, this function doesn't impact our set determination as it's not relevant to the execution.\n\n**Step 3: Input Processing**\n- Two separate input commands: `a = input()` and `b = input()` are used to capture user data. Our test input provides \"123\" for `a` and \"321\" for `b`.\n- **Observation 3:** Sets 1 and 2 both include statements 4 and 5 which represent these inputs, meaning both sets presently remain applicable.\n\n**Step 4: Condition Evaluation**\n- The `if` statement checks if each digit in string `a` maps to a specific digit in string `b` in reverse order (`a[0] == b[2]`, `a[1] == b[1]`, and `a[2] == b[0]`).\n- For `a = \"123\"` and `b = \"321\"`, this condition (`a[0] == b[2]` evaluates to `1 == 1`) does not hold true for `a[1] == b[1]` (which is `2 == 2`) and `a[2] == b[0]` (which is `3 == 3`), so the condition is false, moving execution to the `else` block.\n- **Observation 4:** Since the condition is false, the program will execute the `else` block which includes statement 9. Consequently, Set 2 is applicable here, as it includes the else statement's execution.\n\n**Step 5: Output Execution**\n- Executing the `else` block results in printing \"NO\". Here, line 9 is involved.\n- **Observation 5:** Statements covered are similar to those in the previous step, but the presence of the else block execution in Set 2 confirms it's the correct set.\n\n### FINAL CODE COVERAGE:\n- **Set 2**: Statements 1, 2, 4, 5, 6, 9\n\nThus, using the given test case, the appropriate set of code covered is Set 2, as the program navigates through the inputs and fails the condition check, leading to the execution of the else block that prints \"NO\".",
                "response_time": 8.21953535079956,
                "input_tokens": 652,
                "output_tokens": 426
            },
            {
                "test_case_id": 2,
                "test_case_inputs": "Test Case Input:\n123\n321",
                "crispe_response": "PLAN:\n\nStep 1: Input Reading:\n\n- The program begins by reading two inputs using the `input()` function, which are assigned to variables `a` and `b`.\n- The provided test case input consists of two separate strings, \"123\" and \"321\".\n  \nObservation 1: Both possible sets of code coverage include reading of two inputs (Statements 1 and 2). Therefore, both sets are applicable.\n\nStep 2: Condition Evaluation:\n\n- The program then checks the condition using an if statement:\n  ```python\n  if a[0] == b[2] and a[1] == b[1] and a[2] == b[0]:\n  ```\n- For the provided inputs: `a = \"123\"` and `b = \"321\"`, the condition evaluates as follows:\n  - `a[0]` is \"1\" and `b[2]` is \"1\": True\n  - `a[1]` is \"2\" and `b[1]` is \"2\": True\n  - `a[2]` is \"3\" and `b[0]` is \"3\": True\n- Since all parts of the condition are true, the overall if condition evaluates to True.\n\nObservation 2: For the condition being true, the program will execute the print statement in line 7: `print(\"YES\")`. Therefore, only Set 1 is applicable as it includes the execution of line 7.\n\nStep 3: Else Statement Consideration:\n\n- If the if condition were false, the program would execute the else block, which contains the print statement in line 9: `print(\"NO\")`.\n- However, in this test case, the condition is true, so the else block is not executed.\n\nObservation 3: The else block (Statement 9) is not executed, which means Set 2 is not applicable.\n\nFINAL CODE COVERAGE:\n\nSet 1: Statements 1, 2, 4, 5, 6, 7\n\nThis accurately reflects the code paths taken by the program when executed with the provided test case inputs.",
                "response_time": 5.11246919631958,
                "input_tokens": 652,
                "output_tokens": 274
            }
        ],
        "serialized_code": "Line 1: from sys import stdin,\nLine 2: from sys import stdin, stdout\nLine 3: def rint():\nLine 4:    return map(int, stdin.readline().split())\nLine 5: a = input()\nLine 6: b = input()\nLine 7: if a[0] == b[2] and a[1] == b[1] and a[2] == b[0]:\nLine 8:    print(\"YES\")\nLine 9: else:\nLine 10:    print(\"NO\")\n",
        "test_case_id": "1"
    },
    {
        "submission_id": "s821344898",
        "import_statements_removed": [
            "from sys import stdin,"
        ],
        "import_statements_removed_libs": [
            "sys"
        ],
        "number_of_imports_removed": 1,
        "number_of_calls": {
            "sys": 1
        },
        "lines_affected": {
            "sys": [
                1
            ]
        },
        "focc": [
            "Set 1: Statements 1, 2, 4, 5, 6, 7",
            "Set 2: Statements 1, 2, 4, 5, 6, 9"
        ],
        "code": "from sys import stdin, stdout\ndef rint():\n   return map(int, stdin.readline().split())\na = input()\nb = input()\nif a[0] == b[2] and a[1] == b[1] and a[2] == b[0]:\n   print(\"YES\")\nelse:\n   print(\"NO\")",
        "test_cases": [
            {
                "test_case_id": 1,
                "test_case_inputs": "Test Case Input:\n123\n321",
                "crispe_response": "PLAN:\n\n**Step 1: Import and Function Definitions**\n- The program begins by importing functions `stdin` and `stdout` from the `sys` module and defining a helper function `rint`.\n- Observation: Both sets 1 and 2 include the import and function definition steps because they start with statement 1.\n\n**Step 2: Taking Input**\n- The program takes two inputs using `input()`, which are assigned to variables `a` and `b`.\n- For the test case input of `123` and `321`, both inputs are read successfully, executing lines 2 and 4.\n- Observation: Both sets 1 and 2 remain applicable as they include statements 2 and 4 for input handling.\n\n**Step 3: Condition Check**\n- The program checks the condition `if a[0] == b[2] and a[1] == b[1] and a[2] == b[0]:`.\n- For the input values:\n  - `a[0]` is `1` and `b[2]` is `1` (they match),\n  - `a[1]` is `2` and `b[1]` is `2` (they match),\n  - `a[2]` is `3` and `b[0]` is `3` (they match).\n- Since all parts of the condition evaluate to `True`, the condition is satisfied.\n- Observation: This execution includes statement 6 where \"YES\" is printed. Hence, set 1, which includes statement 6, is applicable while set 2 is not.\n\n**Step 4: Executing the Consequent Block**\n- Given the condition is true, the consequent block (`print(\"YES\")`) is executed.\n- Line 7 executes to print \"YES\".\n- Observation: Since this is accounted for in set 1, set 1 remains applicable while set 2 is eliminated because set 2 includes a printed \"NO\" which is not executed.\n\n**FINAL CODE COVERAGE:**\nSet 1: Statements 1, 2, 4, 5, 6, 7",
                "response_time": 9.280412912368774,
                "input_tokens": 648,
                "output_tokens": 269
            },
            {
                "test_case_id": 2,
                "test_case_inputs": "Test Case Input:\n123\n321",
                "crispe_response": "PLAN:\n\nStep 1: Input Processing:\nThe program starts by importing the `stdin` and `stdout`, and defining a function `rint()` which isn't used in this test case. The test case provides input strings '123' and '321' directly. Therefore, we consider that lines 2 and 3 are executed to process this input. Note that line 1 is executed for importing modules.\n\nObservation 1: Both sets of code coverage are still applicable after importing modules and processing inputs as they both include lines 1, 2, and 4 for `input()` function usage.\n\nStep 2: Condition Check:\nThe program checks the condition in the `if` statement (line 5): if `a[0] == b[2]`, `a[1] == b[1]`, and `a[2] == b[0]`. Here, if we evaluate this statement with the provided test case inputs:\n- `a[0] = '1'` and `b[2] = '1'`, so `a[0] == b[2]` is True.\n- `a[1] = '2'` and `b[1] = '2'`, so `a[1] == b[1]` is True.\n- `a[2] = '3'` and `b[0] = '3'`, so `a[2] == b[0]` is True.\n\nAll parts of the condition are satisfied, resulting in the entire conditional statement evaluating as True.\n\nObservation 2: Since the condition is satisfied, line 6 is executed to print \"YES\".\n\nStep 3: Final Code Execution:\nSince the condition is satisfied, the `else` block (line 8) will not be executed. However, line 9 will definitely be executed irrespective of the `if-else` conditions.\n\nObservation 3: After evaluating the condition, only Set 1 matches, because Set 2 includes line 9 (\"NO\") which contradicts the outcome as \"YES\" is printed. Therefore, Set 2 is not applicable here.\n\nFINAL CODE COVERAGE:\nSet 1: Statements 1, 2, 4, 5, 6, 7",
                "response_time": 5.746715307235718,
                "input_tokens": 648,
                "output_tokens": 273
            }
        ],
        "serialized_code": "Line 1: from sys import stdin, stdout\nLine 2: def rint():\nLine 3:    return map(int, stdin.readline().split())\nLine 4: a = input()\nLine 5: b = input()\nLine 6: if a[0] == b[2] and a[1] == b[1] and a[2] == b[0]:\nLine 7:    print(\"YES\")\nLine 8: else:\nLine 9:    print(\"NO\")\n",
        "test_case_id": "2"
    }
]