[
    {
        "submission_id": "s693412039",
        "import_statements_removed": [],
        "import_statements_removed_libs": [],
        "number_of_imports_removed": 0,
        "number_of_calls": {},
        "lines_affected": {},
        "focc": [
            "Set 1: Statements 1, 2, 3, 4, 5, 6, 7, 8, 9, 10, 11, 12, 13, 14, 15, 16, 17, 18, 19, 20, 21, 23, 24",
            "Set 2: Statements 1, 2, 3, 4, 5, 6, 7, 8, 9, 10, 11, 12, 13, 14, 15, 16, 17, 18, 19, 20, 21, 23, 28",
            "Set 3: Statements 1, 2, 3, 4, 5, 6, 7, 8, 9, 10, 11, 12, 13, 14, 15, 16, 17, 18, 19, 23, 24",
            "Set 4: Statements 1, 2, 3, 4, 5, 6, 7, 8, 9, 10, 11, 12, 13, 14, 15, 16, 17, 18, 19, 23, 28",
            "Set 5: Statements 1, 2, 3, 4, 5, 6, 7, 8, 9, 10, 11, 12, 13, 14, 15, 18, 19, 20, 21, 23, 24",
            "Set 6: Statements 1, 2, 3, 4, 5, 6, 7, 8, 9, 10, 11, 12, 13, 14, 15, 18, 19, 20, 21, 23, 28",
            "Set 7: Statements 1, 2, 3, 4, 5, 6, 7, 8, 9, 10, 11, 12, 13, 14, 15, 18, 19, 23, 24",
            "Set 8: Statements 1, 2, 3, 4, 5, 6, 7, 8, 9, 10, 11, 12, 13, 14, 15, 18, 19, 23, 28",
            "Set 9: Statements 1, 2, 3, 4, 5, 6, 7, 8, 11, 12, 13, 14, 15, 16, 17, 18, 19, 20, 21, 23, 24",
            "Set 10: Statements 1, 2, 3, 4, 5, 6, 7, 8, 11, 12, 13, 14, 15, 16, 17, 18, 19, 20, 21, 23, 28",
            "Set 11: Statements 1, 2, 3, 4, 5, 6, 7, 8, 11, 12, 13, 14, 15, 16, 17, 18, 19, 23, 24",
            "Set 12: Statements 1, 2, 3, 4, 5, 6, 7, 8, 11, 12, 13, 14, 15, 16, 17, 18, 19, 23, 28"
        ],
        "code": "n,m=map(int,input().split())\nX=sorted(list(map(int,input().split())))\ninit=[]\ntmp=0\ni=1\nif m<n:\n  n=m\nwhile i<len(X):\n  init.append([X[i]-X[i-1],i])\n  i+=1\ninit.sort(reverse=True,key=lambda x:x[0])\ninit=list(map(lambda x:x[1],init))\nans=0\ninit=sorted(init[:n-1])\nif len(init)==0:\n  print(X[-1]-X[0])\n  exit()\ntmp=0\nfor i in init:\n  ans+=(X[i-1]-X[tmp])\n  tmp=i\ntry:\n  if i!=len(X)-1:\n    ans+=X[-1]-X[i]\nexcept IndexError:\n  print(0)\n  exit()\nprint(ans)",
        "test_cases": [
            {
                "test_case_id": 1,
                "test_case_inputs": "Test Case Input:\n3 5\n1 2 3 4 5",
                "crispe_response": "Let's determine the code coverage given the specified test case input and the possible sets of code coverage for the provided program.\n\n**GIVEN PROGRAM**:\n\n```python\nn, m = map(int, input().split())\nX = sorted(list(map(int, input().split())))\ninit = []\ntmp = 0\ni = 1\nif m < n:\n    n = m\nwhile i < len(X):\n    init.append([X[i] - X[i - 1], i])\n    i += 1\ninit.sort(reverse=True, key=lambda x: x[0])\ninit = list(map(lambda x: x[1], init))\nans = 0\ninit = sorted(init[:n - 1])\nif len(init) == 0:\n    print(X[-1] - X[0])\n    exit()\ntmp = 0\nfor i in init:\n    ans += (X[i - 1] - X[tmp])\n    tmp = i\ntry:\n    if i != len(X) - 1:\n        ans += X[-1] - X[i]\nexcept IndexError:\n    print(0)\n    exit()\nprint(ans)\n```\n\n**GIVEN TEST CASE**:\n```plaintext\n3 5\n1 2 3 4 5\n```\n\n**POSSIBLE SETS OF CODE COVERAGE**:\n1. Set 1: Statements 1, 2, 3, 4, 5, 6, 7, 8, 9, 10, 11, 12, 13, 14, 15, 16, 17, 18, 19, 20, 21, 23, 24\n2. Set 2: Statements 1, 2, 3, 4, 5, 6, 7, 8, 9, 10, 11, 12, 13, 14, 15, 16, 17, 18, 19, 20, 21, 23, 28\n3. Set 3: Statements 1, 2, 3, 4, 5, 6, 7, 8, 9, 10, 11, 12, 13, 14, 15, 16, 17, 18, 19, 23, 24\n4. Set 4: Statements 1, 2, 3, 4, 5, 6, 7, 8, 9, 10, 11, 12, 13, 14, 15, 16, 17, 18, 19, 23, 28\n5. Set 5: Statements 1, 2, 3, 4, 5, 6, 7, 8, 9, 10, 11, 12, 13, 14, 15, 18, 19, 20, 21, 23, 24\n6. Set 6: Statements 1, 2, 3, 4, 5, 6, 7, 8, 9, 10, 11, 12, 13, 14, 15, 18, 19, 20, 21, 23, 28\n7. Set 7: Statements 1, 2, 3, 4, 5, 6, 7, 8, 9, 10, 11, 12, 13, 14, 15, 18, 19, 23, 24\n8. Set 8: Statements 1, 2, 3, 4, 5, 6, 7, 8, 9, 10, 11, 12, 13, 14, 15, 18, 19, 23, 28\n9. Set 9: Statements 1, 2, 3, 4, 5, 6, 7, 8, 11, 12, 13, 14, 15, 16, 17, 18, 19, 20, 21, 23, 24\n10. Set 10: Statements 1, 2, 3, 4, 5, 6, 7, 8, 11, 12, 13, 14, 15, 16, 17, 18, 19, 20, 21, 23, 28\n11. Set 11: Statements 1, 2, 3, 4, 5, 6, 7, 8, 11, 12, 13, 14, 15, 16, 17, 18, 19, 23, 24\n12. Set 12: Statements 1, 2, 3, 4, 5, 6, 7, 8, 11, 12, 13, 14, 15, 16, 17, 18, 19, 23, 28\n\nLet's break down the code execution step by step.\n\n**PLAN**:\n\n**Step 1: Initial Input and Setup**:\n- The input provided is \"3 5\\n1 2 3 4 5\".\n- Line 1: `n, m = map(int, input().split())` sets `n = 3` and `m = 5`.\n- Line 2: `X = sorted(list(map(int, input().split())))` results in `X = [1, 2, 3, 4, 5]`.\n\n**Step 2: Adjustment of n**:\n- Line 6: Check `if m < n`. Since `m = 5` and `n = 3`, this condition is false, so `n` remains `3`.\n\n**Step 3: Create the `init` list**:\n- Line 8: Enters the `while` loop since `i = 1` is less than `len(X) = 5`. It appends `[X[1] - X[0], 1] = [1, 1]` to `init`.\n- Lines 8-10: Iterate until `i = 5`, appending `[1, 2]`, `[1, 3]`, `[1, 4]` to `init`. After line 10, `init = [[1, 1], [1, 2], [1, 3], [1, 4]]`.\n\n**Step 4: Sort and Trim `init`**:\n- Line 11: Sorts `init` in decreasing order based on the first element; however, it remains `[[1, 1], [1, 2], [1, 3], [1, 4]]` because all differences are equal.\n- Line 12: Maps each sublist to only include the second element, transforming `init` to `[1, 2, 3, 4]`.\n- Line 15: Trims `init` to the first `n - 1 = 2` elements, resulting in `init = [1, 2]`.\n\n**Step 5: Sum the largest segments**:\n- Line 18: Enters the `for` loop that iterates over `init`, which contains `[1, 2]`.\n- First iteration (`i = 1`): Calculates `ans += (X[1 - 1] - X[0]) = (1 - 1) = 0`. `tmp` is set to `1`.\n- Second iteration (`i = 2`): Calculates `ans += (X[2 - 1] - X[1]) = (2 - 2) = 0`. `tmp` is set to `2`.\n\n**Step 6: Final Adjustment**:\n- Line 20: `i` in the try block is `2`, not equal to `len(X) - 1 = 4`.\n- Line 21: Adds `ans += X[-1] - X[2] = 5 - 3 = 2`.\n\n**Final Output**:\n- Line 24: Prints `ans`, which is `2`.\n\n**Observations**:\n- The loop from step 5 computes partial sums, but the final addition in step 6 contributes.\n- No `IndexError` occurs in the `try-except` block.\n\n**Final Set Selection**:\n- Observations lead to evaluating coverage sets:\n    - All possible paths for `for` loop and `try-except` block are executed.\n    - The loop never leaves any prior condition because of the given input. \n    \n- Applying the reasoning:\n   - The excluded lines due to `if` condition (`len(init) == 0` never true) and `IndexError` never triggered exclude certain sets.\n\nIn the final analysis, the set of code coverage that matches all executed lines is:\n\n**FINAL CODE COVERAGE**:\nSet 6: Statements 1, 2, 3, 4, 5, 6, 7, 8, 9, 10, 11, 13, 14, 15, 18, 19, 20, 21, 23, 28.",
                "response_time": 43.78554606437683,
                "input_tokens": 916,
                "output_tokens": 907
            },
            {
                "test_case_id": 2,
                "test_case_inputs": "Test Case Input:\n1 1",
                "crispe_response": "To predict the code coverage for the given test case, let's analyze the provided Python program step by step in relation to the specified input and possible sets of code coverage.\n\n**GIVEN TEST CASE -**\nTest Case Input: `1 1`\n\n**PLAN:**\n\n**Step 1: Initial Input Processing**\n\n- The program starts by taking input in the form of two numbers: `n` and `m`. For the test case, `n = 1` and `m = 1`.\n- The execution of this step implies that Statement 1 is covered. \n- Observation 1: Given the values \"1 1\" for `n` and `m`, Statements 1 is indeed executed in all sets of code coverage.\n\n**Step 2: Adjusting n Based on m**\n\n- Since `m < n` is false (both are equal to 1), the condition in the `if` statement at Statement 5 is not met, so the block inside it is not executed.\n- Observation 2: This concludes that sets involving the execution of Statements 6 to 8, which lie inside this conditional block, can be eliminated.\n\n**Step 3: Initializing the List and Loop**\n\n- After input processing, a list `X` would typically be populated with numbers from additional input. However, based on the test input provided (`1 1`), `X` likely remains empty, although more context is required.\n- The attempt to iterate over the list `X` using a loop starting at Statement 9 will not occur due to the lack of elements. Therefore, the subsequent lines involving looping-dependent operations (Statements 10 to 18) are also bypassed.\n- Observation 3: This step implies that sets that include these looping operations are not viable. Since loop starting at Statement 9 is not executed, we eliminate any set that requires Statements 9 to 18.\n\n**Step 4: Handling Edge Cases and Exiting**\n\n- When `init` is processed, the subsequent conditional checks begin at Statement 19. Given `init` is not populated, the block at Statement 19 is bypassed, leading to Statement 23.\n- This directly moves execution to printing the result (output) directly at Statement 23, as no operations are performed on `ans`.\n- Observation 4: Statements 23 and succeeding possible exit Statements 24 and 28 are triggered depending on the condition, differentiating viable sets further. We narrow down applicable sets that include Statement 23.\n\n**Step 5: Output and Conclusion of Remaining Execution**\n\n- Given no additional data manipulation occurred (because operations depended on `X` content and non-zero `init` length), the code reaches its simplest execution point directly proceeding to exit after triggering outputs potentially from Statement 24 or 28.\n- Observation 5: Conclusion dictates viable code paths only consist of input processing, potential exits via Statements 24 or 28, given no content pushed through computational operations in an empty context. This leaves us with true minimal execution paths.\n\n**FINAL CODE COVERAGE:**\n\nConsidering the steps and observations, especially the non-execution of loops and conditional blocks, the viable set of statement executions are consistent with minimal pathways that satisfy base requirements for simple input and prompt exits handled intelligently by the program. A careful examination aligns best with:\n\n**Set 8: Statements 1, 2, 3, 4, 5, 6, 7, 8, 9, 10, 11, 12, 13, 14, 15, 18, 19, 23, 28**\n\nThe rationale being all pre-processing occurs, and the program efficiently exits while accomplishing necessary checks with minimal operations adherently reflective, postulated in the test case adherence.",
                "response_time": 9.635635375976562,
                "input_tokens": 911,
                "output_tokens": 555
            }
        ],
        "serialized_code": "Line 1: n,m=map(int,input().split())\nLine 2: X=sorted(list(map(int,input().split())))\nLine 3: init=[]\nLine 4: tmp=0\nLine 5: i=1\nLine 6: if m<n:\nLine 7:   n=m\nLine 8: while i<len(X):\nLine 9:   init.append([X[i]-X[i-1],i])\nLine 10:   i+=1\nLine 11: init.sort(reverse=True,key=lambda x:x[0])\nLine 12: init=list(map(lambda x:x[1],init))\nLine 13: ans=0\nLine 14: init=sorted(init[:n-1])\nLine 15: if len(init)==0:\nLine 16:   print(X[-1]-X[0])\nLine 17:   exit()\nLine 18: tmp=0\nLine 19: for i in init:\nLine 20:   ans+=(X[i-1]-X[tmp])\nLine 21:   tmp=i\nLine 22: try:\nLine 23:   if i!=len(X)-1:\nLine 24:     ans+=X[-1]-X[i]\nLine 25: except IndexError:\nLine 26:   print(0)\nLine 27:   exit()\nLine 28: print(ans)\n",
        "test_case_id": "1"
    }
]