[
    {
        "submission_id": "s868655434",
        "import_statements_removed": [],
        "import_statements_removed_libs": [],
        "number_of_imports_removed": 0,
        "number_of_calls": {},
        "lines_affected": {},
        "focc": [
            "Set 1: Statements 1, 2, 3, 4, 5, 6, 9, 10, 11, 12, 13, 14, 15, 16, 23, 24, 25",
            "Set 2: Statements 1, 2, 3, 4, 5, 6, 9, 10, 11, 12, 13, 14, 18, 19, 20, 21, 22, 23, 24, 25",
            "Set 3: Statements 1, 2, 3, 4, 5, 6, 9, 10, 11, 12, 13, 23, 24, 25",
            "Set 4: Statements 1, 2, 3, 4, 5, 6, 7, 8, 9, 10, 11, 12, 13, 14, 15, 16, 23, 24, 25",
            "Set 5: Statements 1, 2, 3, 4, 5, 6, 7, 8, 9, 10, 11, 12, 13, 14, 18, 19, 20, 21, 22, 23, 24, 25",
            "Set 6: Statements 1, 2, 3, 4, 5, 6, 7, 8, 9, 10, 11, 12, 13, 23, 24, 25"
        ],
        "code": "import sys\nread = sys.stdin.read\nreadlines = sys.stdin.readlines\ndef main():\n    k = int(input())\n    if k % 2 == 0 or k % 5 == 0:\n        print(-1)\n        sys.exit()\n    p = 7\n    plus = 7\n    amari = set()\n    r = 1\n    while (p % k) != 0:\n        if p in amari:\n            print(r, -1, p)\n            sys.exit()\n        else:\n            amari.add(p)\n            plus = (plus * 10) % k\n            p += plus\n            p = p % k\n            r += 1\n    print(r)\nif __name__ == '__main__':\n    main()",
        "test_cases": [
            {
                "test_case_id": 1,
                "test_case_inputs": "Test Case Input:\n10",
                "crispe_response": "PLAN:\n\nStep 1: Import Statements:\nThe program begins with import and function definitions. Given no issues with imports or reads, it is assumed that lines related to them (1 and 2) are executed without direct observable output.\nObservation 1: All sets of code coverage are applicable as they include the imports and function definitions.\n\nStep 2: Input Reading:\nThe input for the test case is '10', which means the program successfully reads this input and assigns it to `k`.\nObservation 2: Due to successful input assignment, lines responsible for reading (4 and 5) are executed, applicable to all sets.\n\nStep 3: Check Divisibility by 2 or 5:\nThe code checks whether `k` is divisible by 2 or 5 (line 7). In this case, `k = 10`, which is divisible by both. The condition is satisfied, leading to the execution of line 8, which prints -1 and calls `sys.exit()` to terminate the program.\nObservation 3: Program ends with divisibility check satisfied, executing lines 7 and 8. Applicable sets must include these lines. Therefore, applicable sets are narrowed down to sets that have lines 7 and 8.\n\nStep 4: Execution Stops:\nSince `sys.exit()` is executed, none of the lines beyond this point in the main function will be reached. Any coverage sets including lines beyond this immediate point are eliminated.\nObservation 4: Sets that cover statements beyond line 8 (loop and any further iterations) are eliminated, leaving only sets that account for immediate program termination.\n\nFINAL CODE COVERAGE:\n\nSet 4: Statements 1, 2, 3, 4, 5, 6, 7, 8, 23, 24, 25",
                "response_time": 3.7302024364471436,
                "input_tokens": 799,
                "output_tokens": 260
            },
            {
                "test_case_id": 2,
                "test_case_inputs": "Test Case Input:\n2\n2\n2",
                "crispe_response": "To determine the code coverage for the given program and test case, follow these steps:\n\nPLAN:\n\n**Step 1: Input Processing:**\n- The program starts by taking an integer input `k`, which is the first number in the input sequence. From the test case, `k = 2`.\n- Observation 1: All sets of code coverage will include the execution of the input related statements (lines 1, 2, 3, 4, 5, 6, 23, 24, 25).\n\n**Step 2: Check Divisibility Conditions:**\n- The program checks if `k` is divisible by either 2 or 5 through the condition `if k % 2 == 0 or k % 5 == 0`. Since `k = 2`, it satisfies the condition `k % 2 == 0`.\n- The program will execute the `print(-1)` statement and then call `sys.exit()`, terminating the program early.\n- Observation 2: The program execution will not go beyond the divisibility check, meaning lines 7 through 22 are not reachable in this scenario. Therefore, the applicable sets need to include the early exit point (lines 6 and 7).\n\n**Step 3: Identify Applicable Code Sets:**\n- Since the test case results in an early exit due to the conditions of `k` being a multiple of 2, we need to identify sets that include the execution path up to the early exit.\n- Applicable sets of code coverage must include: lines for input (1, 2, 3, 4, 5, 6), the condition check (9), the print statement (10), and the early exit (11, 12).\n\n**Step 4: Eliminate Non-Applicable Sets:**\n- Sets that include statements beyond line 12 (loop and arithmetic operations) cannot be applicable because the program execution will exit before reaching those lines.\n\n**Final Code Coverage:**\n- The only set that matches the coverage for early termination due to divisibility by 2 is:\n  \n  **Set 3: Statements 1, 2, 3, 4, 5, 6, 9, 10, 11, 12, 13, 23, 24, 25**\n\nThis reasoning follows the step-by-step process, considering each part of the program that will be executed based on the test case input and gradually filtering down to the applicable set.",
                "response_time": 6.730771780014038,
                "input_tokens": 801,
                "output_tokens": 344
            }
        ],
        "serialized_code": "Line 1: import sys\nLine 2: read = sys.stdin.read\nLine 3: readlines = sys.stdin.readlines\nLine 4: def main():\nLine 5:     k = int(input())\nLine 6:     if k % 2 == 0 or k % 5 == 0:\nLine 7:         print(-1)\nLine 8:         sys.exit()\nLine 9:     p = 7\nLine 10:     plus = 7\nLine 11:     amari = set()\nLine 12:     r = 1\nLine 13:     while (p % k) != 0:\nLine 14:         if p in amari:\nLine 15:             print(r, -1, p)\nLine 16:             sys.exit()\nLine 17:         else:\nLine 18:             amari.add(p)\nLine 19:             plus = (plus * 10) % k\nLine 20:             p += plus\nLine 21:             p = p % k\nLine 22:             r += 1\nLine 23:     print(r)\nLine 24: if __name__ == '__main__':\nLine 25:     main()\n",
        "test_case_id": "1"
    },
    {
        "submission_id": "s868655434",
        "import_statements_removed": [
            "import sys"
        ],
        "import_statements_removed_libs": [
            "sys"
        ],
        "number_of_imports_removed": 1,
        "number_of_calls": {
            "sys": 4
        },
        "lines_affected": {
            "sys": [
                1,
                2,
                7,
                15
            ]
        },
        "focc": [
            "Set 1: Statements 1, 2, 3, 4, 5, 8, 9, 10, 11, 12, 13, 14, 15, 22, 23, 24",
            "Set 2: Statements 1, 2, 3, 4, 5, 8, 9, 10, 11, 12, 13, 17, 18, 19, 20, 21, 22, 23, 24",
            "Set 3: Statements 1, 2, 3, 4, 5, 8, 9, 10, 11, 12, 22, 23, 24",
            "Set 4: Statements 1, 2, 3, 4, 5, 6, 7, 8, 9, 10, 11, 12, 13, 14, 15, 22, 23, 24",
            "Set 5: Statements 1, 2, 3, 4, 5, 6, 7, 8, 9, 10, 11, 12, 13, 17, 18, 19, 20, 21, 22, 23, 24",
            "Set 6: Statements 1, 2, 3, 4, 5, 6, 7, 8, 9, 10, 11, 12, 22, 23, 24"
        ],
        "code": "read = sys.stdin.read\nreadlines = sys.stdin.readlines\ndef main():\n    k = int(input())\n    if k % 2 == 0 or k % 5 == 0:\n        print(-1)\n        sys.exit()\n    p = 7\n    plus = 7\n    amari = set()\n    r = 1\n    while (p % k) != 0:\n        if p in amari:\n            print(r, -1, p)\n            sys.exit()\n        else:\n            amari.add(p)\n            plus = (plus * 10) % k\n            p += plus\n            p = p % k\n            r += 1\n    print(r)\nif __name__ == '__main__':\n    main()",
        "test_cases": [
            {
                "test_case_id": 1,
                "test_case_inputs": "Test Case Input:\n10",
                "crispe_response": "PLAN:\n\nStep 1: Input Processing:\nThe program begins by reading an integer input for 'k'. In this test case, the input is 10.\nObservation 1: All sets of code coverage are applicable as they all involve input processing, corresponding to statements 1 and 2.\n\nStep 2: Initial Condition Check:\nThe program checks if 'k' is divisible by 2 or 5, as seen in the condition `if k % 2 == 0 or k % 5 == 0:` on line 5. Since the test case input is 10, which is divisible by both 2 and 5, this condition is satisfied.\nObservation 2: All sets of code coverage still remain applicable as they all involve the execution up to statement 5.\n\nStep 3: Early Exit due to Divisibility:\nBecause the input value 10 satisfies the condition in line 5 (divisible by 2 or 5), the program executes the code within this block, specifically `print(-1)` on line 6 and `sys.exit()` on line 7, causing the program to exit prematurely.\nObservation 3: This eliminates any sets involving further execution past this point. Sets 4, 5, and 6 are eliminated because they include lines beyond this early exit, suggesting more complex logic execution that does not occur when k is 10.\n\nStep 4: Analyze Remaining Sets:\nConsidering the previous observations, only sets where the program exits early after printing -1 will remain. This logically leaves us with the possibility where only the early exit due to the divisibility condition is met and the program ends.\n\nFINAL CODE COVERAGE:\nSet 3: Statements 1, 2, 3, 4, 5, 8, 9, 10, 11, 12, 22, 23, 24\n\nThis set indicates that the program executes the initial input and condition check and exits early due to the divisibility of the input number 10.",
                "response_time": 7.976645469665527,
                "input_tokens": 791,
                "output_tokens": 294
            },
            {
                "test_case_id": 2,
                "test_case_inputs": "Test Case Input:\n2\n2\n2",
                "crispe_response": "Let's follow a step-by-step reasoning process to determine the code coverage for the given program and test case:\n\n### PLAN:\n**Step 1: Input Processing:**  \n- The program begins execution with reading input and initializing variables.\n- The input provided is `2`, based on this, `k` is assigned the value `2` (line 4).\n- Observation 1: All possible sets of code coverage include the execution of lines 1 to 4.\n\n**Step 2: Initial Condition Check:**  \n- The program checks if `k` is divisible by `2` or `5` using the condition `if k % 2 == 0 or k % 5 == 0:` (line 5).\n- Since `k` is `2`, `k % 2 == 0` is satisfied and the program executes the branch starting with `print(-1)` (line 6).\n- The program then calls `sys.exit()`, terminating its execution (line 7).\n- Observation 2: The sets that include lines 1 to 7 are Set 4, Set 5, and Set 6.\n\n**Step 3: Loop and Additional Calculations:**  \n- The loop starting at line 13 and the additional calculations beginning at line 14 are skipped due to the `sys.exit()` call in line 7.\n- This means lines 8 to 24 are not executed for the given input and the given program.\n- Observation 3: Only Set 4, Set 5, and Set 6 acknowledge the program termination due to the `sys.exit()` call at line 7. Thus, other sets involving lines beyond 8 are inapplicable in this scenario.\n\n**FINAL CODE COVERAGE:**  \n- The program execution ends after the initial divisibility check and the `sys.exit()` call.\n- Considering the above reasoning and tracking that the `sys.exit()` results in program termination, Set 4 includes lines 1-7, consistent with our observations from the raw input to the execution termination.\n  \nHence, the most accurate code coverage set is:\n\n**Set 4: Statements 1, 2, 3, 4, 5, 6, 7, 8, 9, 10, 11, 12, 13, 14, 15, 22, 23, 24**",
                "response_time": 5.579048156738281,
                "input_tokens": 793,
                "output_tokens": 317
            }
        ],
        "serialized_code": "Line 1: read = sys.stdin.read\nLine 2: readlines = sys.stdin.readlines\nLine 3: def main():\nLine 4:     k = int(input())\nLine 5:     if k % 2 == 0 or k % 5 == 0:\nLine 6:         print(-1)\nLine 7:         sys.exit()\nLine 8:     p = 7\nLine 9:     plus = 7\nLine 10:     amari = set()\nLine 11:     r = 1\nLine 12:     while (p % k) != 0:\nLine 13:         if p in amari:\nLine 14:             print(r, -1, p)\nLine 15:             sys.exit()\nLine 16:         else:\nLine 17:             amari.add(p)\nLine 18:             plus = (plus * 10) % k\nLine 19:             p += plus\nLine 20:             p = p % k\nLine 21:             r += 1\nLine 22:     print(r)\nLine 23: if __name__ == '__main__':\nLine 24:     main()\n",
        "test_case_id": "2"
    }
]