[
    {
        "submission_id": "s303111842",
        "import_statements_removed": [],
        "import_statements_removed_libs": [],
        "number_of_imports_removed": 0,
        "number_of_calls": {},
        "lines_affected": {},
        "focc": [
            "Set 1: Statements 1, 2, 3, 4, 5, 6, 7, 8, 12, 13, 20, 22",
            "Set 2: Statements 1, 2, 3, 4, 5, 6, 7, 8, 12, 13, 20, 21, 22",
            "Set 3: Statements 1, 2, 3, 4, 5, 6, 7, 8, 12, 13, 14, 15, 16, 17, 18, 19, 20, 22",
            "Set 4: Statements 1, 2, 3, 4, 5, 6, 7, 8, 12, 13, 14, 15, 16, 17, 18, 19, 20, 21, 22",
            "Set 5: Statements 1, 2, 3, 4, 5, 6, 7, 8, 12, 13, 14, 15, 16, 17, 19, 20, 22",
            "Set 6: Statements 1, 2, 3, 4, 5, 6, 7, 8, 12, 13, 14, 15, 16, 17, 19, 20, 21, 22",
            "Set 7: Statements 1, 2, 3, 4, 5, 6, 7, 8, 12, 13, 14, 17, 18, 19, 20, 22",
            "Set 8: Statements 1, 2, 3, 4, 5, 6, 7, 8, 12, 13, 14, 17, 18, 19, 20, 21, 22",
            "Set 9: Statements 1, 2, 3, 4, 5, 6, 7, 8, 12, 13, 14, 17, 19, 20, 22",
            "Set 10: Statements 1, 2, 3, 4, 5, 6, 7, 8, 12, 13, 14, 17, 19, 20, 21, 22",
            "Set 11: Statements 1, 2, 3, 4, 5, 6, 7, 8, 9, 10, 12, 13, 20, 22",
            "Set 12: Statements 1, 2, 3, 4, 5, 6, 7, 8, 9, 10, 12, 13, 20, 21, 22"
        ],
        "code": "A, B = map(int, input().split())\ndef gcd(m, n) :\n    while n :\n        m, n = n, m % n\n    return m\nret = 0\nx = gcd(A, B)\nif x % 2 == 0 :\n    ret += 1\n    while x % 2 == 0 :\n        x //= 2\ni = 3\nwhile i * i <= x :\n    if x % i == 0 :\n        ret += 1\n        x //= i\n    while x % i == 0 :\n        x //= i\n    i += 2\nif x != 1 :\n    ret += 1\nprint(ret + 1)",
        "test_cases": [
            {
                "test_case_id": 1,
                "test_case_inputs": "Test Case Input:\n2 4",
                "crispe_response": "PLAN:\n\nStep 1: Input Processing:  \nThe program starts by taking two integers A and B as input and parsing them from a string. Since the test case provides \"2 4,\" we consider that statement 1 processes this input.  \nObservation 1: All sets of code coverage are applicable since they all include statement 1.\n\nStep 2: Function Execution for GCD Calculation:  \nThe `gcd` function is called, which uses a while loop to compute the GCD of 2 and 4.  \n- Initial call `gcd(2, 4)`:  \n  - First iteration: `m=4, n=2` (swap m and n)  \n  - Second iteration: `m=2, n=0` (m updated to n, and n to m % n)  \nAfter the second iteration, `n` becomes 0, the loop ends, and it returns `m=2`. This corresponds to statement 3 and 4 being executed in the loop multiple times.  \nObservation 2: All sets are still applicable since they include statements related to the gcd function (statements 2 through 5).  \n\nStep 3: Checking GCD Result:  \nThe computed GCD `x=2` is checked in statement 6. Since `x % 2 == 0` is true, ret is incremented by 1, and a while loop is entered to divide x by 2 until x is no longer divisible by 2. This corresponds to statements 7 and 8.  \n- Loop execution for x=2:  \n  - First iteration: `x=1` (x //= 2) exits loop.  \nObservation 3: Only sets that include statement 6, 7, and 8 are applicable. This lines up with all current sets, leaving all applicable still.\n\nStep 4: Prime Factorization Loop:  \nThe program checks for further prime factors starting with i = 3 using a while loop in statement 12. However, since `i*i = 9` is not less than or equal to `x=1`, the loop doesn\u2019t execute.  \nObservation 4: Only sets including statement 12 but not 14 to 19 for this loop are applicable. Sets 1, 2, 11, and 12 are still in the run as they don't have statements 14-19.\n\nStep 5: Final Check and Print Statement:  \nFinally, since `x != 1` is false (as x already equals 1), statement 20 is executed directly following up with 22 to print the result which is `ret + 1 = 1 + 1 = 2`.  \nObservation 5: All current applicable sets still include statements 20 and 22. However, those having statements related to non-executed conditions get eliminated. Sets 1, 2, 11, and 12 are eliminated.  \n\nFINAL CODE COVERAGE:  \nSet 1: Statements 1, 2, 3, 4, 5, 6, 7, 8, 12, 13, 20, 22\n\nThe correct final set is Set 1, as it precisely covers the executed statements without any extra non-executed conditional statements.",
                "response_time": 7.830603837966919,
                "input_tokens": 910,
                "output_tokens": 432
            }
        ],
        "serialized_code": "Line 1: A, B = map(int, input().split())\nLine 2: def gcd(m, n) :\nLine 3:     while n :\nLine 4:         m, n = n, m % n\nLine 5:     return m\nLine 6: ret = 0\nLine 7: x = gcd(A, B)\nLine 8: if x % 2 == 0 :\nLine 9:     ret += 1\nLine 10:     while x % 2 == 0 :\nLine 11:         x //= 2\nLine 12: i = 3\nLine 13: while i * i <= x :\nLine 14:     if x % i == 0 :\nLine 15:         ret += 1\nLine 16:         x //= i\nLine 17:     while x % i == 0 :\nLine 18:         x //= i\nLine 19:     i += 2\nLine 20: if x != 1 :\nLine 21:     ret += 1\nLine 22: print(ret + 1)\n",
        "test_case_id": "1"
    }
]