[
    {
        "submission_id": "s511142054",
        "import_statements_removed": [],
        "import_statements_removed_libs": [],
        "number_of_imports_removed": 0,
        "number_of_calls": {},
        "lines_affected": {},
        "focc": [
            "Set 1: Statements 1, 2, 3, 4, 5, 6, 7, 8, 9, 10, 11, 12, 13, 14, 15",
            "Set 2: Statements 1, 2, 3, 4, 5, 6, 7, 8, 9, 10, 11, 12, 13, 15",
            "Set 3: Statements 1, 2, 3, 4, 5, 6, 7, 8, 9, 10, 11, 13, 14, 15",
            "Set 4: Statements 1, 2, 3, 4, 5, 6, 7, 8, 9, 10, 11, 13, 15",
            "Set 5: Statements 1, 2, 3, 4, 5, 6, 7, 8, 9, 10, 15",
            "Set 6: Statements 1, 2, 3, 4, 5, 6, 7, 8, 9, 15",
            "Set 7: Statements 1, 2, 4, 5, 6, 7, 8, 9, 10, 11, 12, 13, 14, 15",
            "Set 8: Statements 1, 2, 4, 5, 6, 7, 8, 9, 10, 11, 12, 13, 15",
            "Set 9: Statements 1, 2, 4, 5, 6, 7, 8, 9, 10, 11, 13, 14, 15",
            "Set 10: Statements 1, 2, 4, 5, 6, 7, 8, 9, 10, 11, 13, 15",
            "Set 11: Statements 1, 2, 4, 5, 6, 7, 8, 9, 10, 15",
            "Set 12: Statements 1, 2, 4, 5, 6, 7, 8, 9, 15"
        ],
        "code": "import sys\nif sys.platform == 'ios':\n\tsys.stdin = open('input_file.txt')\nn,m = map(int,input().split())\na = [str(input()) for i in range(n)]\nb = [str(input()) for i in range(m)]\ns = [ [0]*m for i in range(m) ]\nans = 0\nfor i in range(n-m+1):\n\tfor j in range(n-m+1):\n\t\tfor k in range(m):\n\t\t\ts[k] = a[i+k][j:j+m]\n\t\tif s == b :\n\t\t\tans = ans +1\nprint('Yes' if ans >= 1 else 'No')",
        "test_cases": [
            {
                "test_case_id": 1,
                "test_case_inputs": "Test Case Input:\n5 3\nabc\ndef\nghi\njkl\nmno\nabc\ndef\nghi",
                "crispe_response": "PLAN:\n\n**Step 1: Platform Check:**\nThe program first checks the system platform. Since the test case does not simulate the 'ios' platform, line 3, which opens 'input_file.txt', is not executed.\n- **Observation 1:** This eliminates sets 1 through 6, as they include line 3.\n\n**Step 2: Input Reading:**\nFor the given test case input \"5 3\", the `n` and `m` values are read from input using `map(int, input().split())`.\n- **Observation 2:** Only sets that do not depend on line 3 still apply: sets 7 through 12.\n\n**Step 3: Array Input:**\nTwo lists, `a` and `b`, are created. `a` consists of the first 5 lines (\"abc\", \"def\", \"ghi\", \"jkl\", \"mno\") and `b` of the following 3 lines (\"abc\", \"def\", \"ghi\").\n- **Observation 3:** All remaining sets, 7 through 12, include lines 4 and 5, so they are still applicable.\n\n**Step 4: Initialize `s` and `ans`:**\nArray `s` is initialized as a list of 3 zero vectors, and variable `ans` is initialized to zero. These steps are executed as lines 6 and 7, respectively.\n- **Observation 4:** Sets 7 through 12 all contain lines 6 and 7, so they remain applicable.\n\n**Step 5: Nested Loops and Pattern Matching:**\nThe program enters a triple-nested loop governed by the indices i, j, and k:\n- The range for `i` and `j` is `(n-m+1) = 3`, iterating over \"abc\", \"def\", and \"ghi\" sections.\n- For each section, `s` is updated with slices of `a` and checked against `b`. For `abc`, `def`, and `ghi` at `(i, j) = (0, 0)`, `s` matches `b`, increasing `ans` by 1.\n- **Observation 5:** The loop includes line 11, and since there is at least one match, line 13 with the conditional check is executed. Sets 11 and 12 are eliminated as they do not include line 13.\n\n**Step 6: Print Result:**\nWith `ans = 1` after the match, the condition `ans >= 1` is true, and \"Yes\" is printed (line 15).\n- **Observation 6:** Only sets 9 and 10, which conclude with line 15 and have traversed all other steps, are possible.\n\n**Step 7: Comprehensive Path Check:**\n- Line 14, which increments `ans`, is part of the execution. This eliminates set 10, which does not include line 14.\n\n**FINAL CODE COVERAGE:**\n- **Set 9:** Statements 1, 2, 4, 5, 6, 7, 8, 9, 10, 11, 13, 14, 15.",
                "response_time": 11.435580253601074,
                "input_tokens": 850,
                "output_tokens": 389
            },
            {
                "test_case_id": 2,
                "test_case_inputs": "Test Case Input:\n5 3\nabc\ndef\nghi\njkl\nmno\nxyz\npqr\nstu",
                "crispe_response": "PLAN:\n\nStep 1: Platform Check:\nThe program begins with a check for the platform `sys.platform == 'ios'`. Since the execution environment of the test case is not specified as iOS, we assume that line 2 (redirecting stdin) does not execute.\nObservation 1: Eliminate sets 1 through 6 that include statement 3 (which only executes if the platform is iOS).\n\nStep 2: Process Input Dimensions:\nThe input \"5 3\" is read and processed by the `map(int, input().split())` function call in statement 4, setting `n = 5` and `m = 3`.\nObservation 2: All remaining sets (7 through 12) include the execution of statement 4.\n\nStep 3: Reading Two Arrays:\nTwo lists `a` and `b` are constructed by reading subsequent inputs for values of `n` and `m`, with statements 5 and 6 executing loops to populate these arrays.\n- List `a` gets `['abc', 'def', 'ghi', 'jkl', 'mno']`.\n- List `b` gets `['xyz', 'pqr', 'stu']`.\nObservation 3: All remaining sets include statements 5, 6, 8, and 9, covering list initialization and population.\n\nStep 4: Initialize List `s`:\nThe list `s` is initialized as a 2D array of zeros with dimensions `[m][m]`.\nObservation 4: Line 7 executes and is included in all remaining sets.\n\nStep 5: Grid Search:\nThis step involves multiple nested loops (statements 10, 11, and 12) over the 2D grid spanning dimensions `(n-m+1)x(n-m+1)` which evaluates to `3x3`. Statements inside these loops will set portions of list `s` according to slices from list `a`.\n- For each grid position `(i, j)`, matrices from `a` are constructed to compare against `b`.\n- The condition `if s == b` is checked but is never true for the provided test case, so no increment in `ans` occurs.\nObservation 5: The process involves iterating through loops indicated by lines 10 and 11, which are present in all remaining sets.\n- Eliminate sets where editorial conditional assignments (line 13 or 14) occur, since the sub-grid from `a` never matches `b`. Keeps sets 10 and 12 safe.\n\nStep 6: Concluding with Result:\nFinal step examines the value of `ans` to determine whether to print \"Yes\" or \"No\". Since `ans` remains `0`, \"No\" is printed as indicated by statement 15.\nObservation 6: Maintain sets where statement 15 (print statement providing output) is present.\n\nFINAL CODE COVERAGE:\nSet 12: Statements 1, 2, 4, 5, 6, 7, 8, 9, 15",
                "response_time": 6.917152404785156,
                "input_tokens": 850,
                "output_tokens": 389
            }
        ],
        "serialized_code": "Line 1: import sys\nLine 2: if sys.platform == 'ios':\nLine 3: \tsys.stdin = open('input_file.txt')\nLine 4: n,m = map(int,input().split())\nLine 5: a = [str(input()) for i in range(n)]\nLine 6: b = [str(input()) for i in range(m)]\nLine 7: s = [ [0]*m for i in range(m) ]\nLine 8: ans = 0\nLine 9: for i in range(n-m+1):\nLine 10: \tfor j in range(n-m+1):\nLine 11: \t\tfor k in range(m):\nLine 12: \t\t\ts[k] = a[i+k][j:j+m]\nLine 13: \t\tif s == b :\nLine 14: \t\t\tans = ans +1\nLine 15: print('Yes' if ans >= 1 else 'No')\n",
        "test_case_id": "1"
    },
    {
        "submission_id": "s511142054",
        "import_statements_removed": [
            "import sys"
        ],
        "import_statements_removed_libs": [
            "sys"
        ],
        "number_of_imports_removed": 1,
        "number_of_calls": {
            "sys": 2
        },
        "lines_affected": {
            "sys": [
                1,
                2
            ]
        },
        "focc": [
            "Set 1: Statements 1, 2, 3, 4, 5, 6, 7, 8, 9, 10, 11, 12, 13, 14",
            "Set 2: Statements 1, 2, 3, 4, 5, 6, 7, 8, 9, 10, 11, 12, 14",
            "Set 3: Statements 1, 2, 3, 4, 5, 6, 7, 8, 9, 10, 12, 13, 14",
            "Set 4: Statements 1, 2, 3, 4, 5, 6, 7, 8, 9, 10, 12, 14",
            "Set 5: Statements 1, 2, 3, 4, 5, 6, 7, 8, 9, 14",
            "Set 6: Statements 1, 2, 3, 4, 5, 6, 7, 8, 14",
            "Set 7: Statements 1, 3, 4, 5, 6, 7, 8, 9, 10, 11, 12, 13, 14",
            "Set 8: Statements 1, 3, 4, 5, 6, 7, 8, 9, 10, 11, 12, 14",
            "Set 9: Statements 1, 3, 4, 5, 6, 7, 8, 9, 10, 12, 13, 14",
            "Set 10: Statements 1, 3, 4, 5, 6, 7, 8, 9, 10, 12, 14",
            "Set 11: Statements 1, 3, 4, 5, 6, 7, 8, 9, 14",
            "Set 12: Statements 1, 3, 4, 5, 6, 7, 8, 14"
        ],
        "code": "if sys.platform == 'ios':\n\tsys.stdin = open('input_file.txt')\nn,m = map(int,input().split())\na = [str(input()) for i in range(n)]\nb = [str(input()) for i in range(m)]\ns = [ [0]*m for i in range(m) ]\nans = 0\nfor i in range(n-m+1):\n\tfor j in range(n-m+1):\n\t\tfor k in range(m):\n\t\t\ts[k] = a[i+k][j:j+m]\n\t\tif s == b :\n\t\t\tans = ans +1\nprint('Yes' if ans >= 1 else 'No')",
        "test_cases": [
            {
                "test_case_id": 1,
                "test_case_inputs": "Test Case Input:\n5 3\nabc\ndef\nghi\njkl\nmno\nabc\ndef\nghi",
                "crispe_response": "PLAN:\n\nStep 1: Determine Platform Dependency:\n- The execution of the code is potentially dependent on the platform due to the initial condition `if sys.platform == 'ios'`. However, there's no information that `sys` has been imported, and in most contexts, the Python code's input will be from standard input, implying this condition is generally false. Thus, we consider the code execution from Statement 2 onward.\n\nObservation 1: All sets of code coverage remain applicable as they all include Statements 2 onward.\n\nStep 2: Input Processing and List Creation:\n- After the platform check, the code expects inputs for `n` and `m`. The test case provides `n = 5` and `m = 3`.\n- Then, two lists `a` and `b` are populated where `a` has 5 strings, and `b` has 3 strings as given:\n  - `a = ['abc', 'def', 'ghi', 'jkl', 'mno']`\n  - `b = ['abc', 'def', 'ghi']`\n\nObservation 2: All sets include the execution of the statements to handle input processing and list creation (Statements 2, 3, 4, 5).\n\nStep 3: Initialize Variables and Start Main Loop:\n- The 2D list `s` is initialized with zeroes (Statement 6), and the variable `ans` is set to 0 (Statement 7).\n- The outer loop (starting from Statement 8) will iterate over the range from 0 to `n-m+1`, i.e., 3 in this case.\n\nObservation 3: Up to this point, all sets include Statements 6, 7, 8.\n\nStep 4: Nested Loop Execution:\n- For `i=0` and `j=0`, the nested loops fill list `s` with segments from `a` to match and check with `b`.\n\nObservation 4: Sets that execute Statement 10 are under consideration. This rules out sets 5, 6, 11, and 12, which miss the loop condition check statements.\n\nStep 5: Matrix Pattern Match Check and Increment:\n- Within the loops, the program checks if `s` matches `b` (Statement 11). If they match, `ans` is incremented (Statement 12). For `i=0` and `j=0`, a match occurs, so `ans` is incremented to 1.\n\nObservation 5: Sets that include both matching check:\n- Sets that include Statement 12 are still applicable since at least one increment operation occurs (i.e., ans becomes 1), focusing on possible matches; this rules out Set 2, Set 4, Set 8, and Set 10 which do not cover statement 12.\n\nStep 6: End of Program:\n- The loop concludes, and the final check prints \"Yes\" if `ans` is greater than or equal to 1 (Statement 14). Given that `ans` equals 1, \"Yes\" will be printed.\n\nObservation 6: Remaining sets are those including Statement 14, namely Set 3 and Set 13.\n\nFINAL CODE COVERAGE:\nSet 3: Statements 1, 2, 3, 4, 5, 6, 7, 8, 9, 10, 12, 13, 14",
                "response_time": 7.251098155975342,
                "input_tokens": 836,
                "output_tokens": 446
            },
            {
                "test_case_id": 2,
                "test_case_inputs": "Test Case Input:\n5 3\nabc\ndef\nghi\njkl\nmno\nxyz\npqr\nstu",
                "crispe_response": "PLAN:\n\nStep 1: Platform Check:  \nThe program begins with a check for the 'ios' platform. Since the test case does not indicate the platform, we will assume it's not 'ios', and therefore, the platform-specific block (line 1) does not execute.  \nObservation 1: All sets that include line 1 but not execution context details (platform adjustments) remain applicable (Sets 1-12 stay valid).\n\nStep 2: Input Reading and Initialization:  \nThe first input line \"5 3\" is read, assigning n=5 and m=3. Two lists, `a` and `b`, are built using subsequent inputs:  \n- `a` becomes ['abc', 'def', 'ghi', 'jkl', 'mno'] from the next 5 inputs.  \n- `b` becomes ['xyz', 'pqr', 'stu'] from the following 3 inputs.  \nThe additional nested list `s` of zeroes with size m x m is initialized, and `ans` is set to zero (lines 2-6).  \nObservation 2: All sets are still applicable as they include lines 2-6 (input handling and initialization).\n\nStep 3: Searching for Pattern b in a:  \nThe nested loops iterate through `a`, attempting to match `b` as a sub-grid. These loops will run effectively without entering the condition `if s == b` because strings in `a` and `b` are not identical. Thus, lines 8-10 execute without line 11 being activated (no assignments of `ans` within the loop since conditions to hit `line 11` are not met).  \nObservation 3: Eliminate sets that include line 11, focusing on sets excluding it (Remove Sets 1, 3, 7, 9 which include execution of line 11).\n\nStep 4: Checking the Final Answer:  \nAfter looping, since `ans` remains 0, the program prints \"No\" (line 14).  \nObservation 4: Set 5 is the only applicable one that skips line 11 execution and ends at line 14, reflecting the flow properly for this test case.\n\nFINAL CODE COVERAGE:\nSet 5: Lines 1, 2, 3, 4, 5, 6, 7, 8, 9, 14",
                "response_time": 7.165812015533447,
                "input_tokens": 836,
                "output_tokens": 305
            }
        ],
        "serialized_code": "Line 1: if sys.platform == 'ios':\nLine 2: \tsys.stdin = open('input_file.txt')\nLine 3: n,m = map(int,input().split())\nLine 4: a = [str(input()) for i in range(n)]\nLine 5: b = [str(input()) for i in range(m)]\nLine 6: s = [ [0]*m for i in range(m) ]\nLine 7: ans = 0\nLine 8: for i in range(n-m+1):\nLine 9: \tfor j in range(n-m+1):\nLine 10: \t\tfor k in range(m):\nLine 11: \t\t\ts[k] = a[i+k][j:j+m]\nLine 12: \t\tif s == b :\nLine 13: \t\t\tans = ans +1\nLine 14: print('Yes' if ans >= 1 else 'No')\n",
        "test_case_id": "2"
    }
]