[
    {
        "submission_id": "s875212434",
        "import_statements_removed": [],
        "import_statements_removed_libs": [],
        "number_of_imports_removed": 0,
        "number_of_calls": {},
        "lines_affected": {},
        "focc": [
            "Set 1: Statements 1, 2, 3, 4, 5, 7",
            "Set 2: Statements 1, 2, 3, 4, 5, 11, 12, 13, 14, 15",
            "Set 3: Statements 1, 2, 3, 4, 5, 11, 12, 13, 15"
        ],
        "code": "n,k=map(int,input().split())\na=list(map(int,input().split()))\nd={}\nl=[]\nfor i in range(n):\n    try:\n        l[d[a[i]]]+=1\n    except:\n        d[a[i]]=len(l)\n        l.append(1)\nans=0\nl.sort()\nfor i in range(len(l)-k):\n    ans+=l[i]\nprint(ans)",
        "test_cases": [
            {
                "test_case_id": 1,
                "test_case_inputs": "Test Case Input:\n5 2\n1 2 3 2 1",
                "crispe_response": "To determine the code coverage for the given test case, we will go through the program step by step using the provided test case and eliminate the non-applicable sets of code coverage based on our reasoning.\n\n### GIVEN PYTHON PROGRAM\n```python\nn, k = map(int, input().split())\na = list(map(int, input().split()))\nd = {}\nl = []\nfor i in range(n):\n    try:\n        l[d[a[i]]] += 1\n    except:\n        d[a[i]] = len(l)\n        l.append(1)\nans = 0\nl.sort()\nfor i in range(len(l) - k):\n    ans += l[i]\nprint(ans)\n```\n\n### TEST CASE\n**Input:**\n```\n5 2\n1 2 3 2 1\n```\n\n### POSSIBLE SETS OF CODE COVERAGE\n- **Set 1**: Statements 1, 2, 3, 4, 5, 7\n- **Set 2**: Statements 1, 2, 3, 4, 5, 11, 12, 13, 14, 15\n- **Set 3**: Statements 1, 2, 3, 4, 5, 11, 12, 13, 15\n\n### PLAN\n\n#### Step 1: Input Processing\n- **Execution**: The program takes input `\"5 2\"` which are assigned to variables `n` and `k`. Then, the numbers `1 2 3 2 1` are read into the list `a`.\n- **Observation 1**: This confirms execution of lines 1 and 2. Based on this, all sets (1, 2, and 3) are still applicable because they all include statements 1 and 2.\n\n#### Step 2: Initialization\n- **Execution**: Dictionaries `d` and list `l` are initialized as empty.\n- **Observation 2**: Set 3 is not eliminated yet as we are ensuring `d` and `l` are touched.\n\n#### Step 3: Loop Execution\n- The loop iterates from `0` to `4` (i.e., `5` iterations for `a=[1, 2, 3, 2, 1]`).\n\n**First iteration (i=0, a[i]=1):**\n  - `d` is empty, so it goes to `except` block: 1 gets a new index in `d`, `l` becomes `[1]`.\n\n**Second iteration (i=1, a[i]=2):**\n  - `d` has no `2`: goes to `except` block: `2` gets new index, `l` becomes `[1,1]`.\n\n**Third iteration (i=2, a[i]=3):**\n  - `d` has no `3`: goes to `except` block: `3` gets new index, `l` becomes `[1,1,1]`.\n\n**Fourth iteration (i=3, a[i]=2):**\n  - `d[2]` exists: `try` block increments `l[1]` to `[1,2,1]`.\n\n**Fifth iteration (i=4, a[i]=1):**\n  - `d[1]` exists: `try` block increments `l[0]` to `[2,2,1]`.\n\n- **Observation 3**: Line 5 (try-except logic) is clearly executed. This keeps all sets valid as they all include up to statement 5.\n\n#### Step 4: Sorting and Calculation\n- **Execution**:\n  - `l.sort()` makes `l` = `[1,2,2]`.\n  - The loop runs for `len(l)-k = 1`, adding `l[0]`, which equals `1` to `ans`.  Thus, `ans = 1`.\n\n- **Observation 4**: Execution of statements 11, 12, 13, and the final print call for `ans`. Only Set 2 and Set 3 include these operations. \n\n#### Step 5: Final Output\n- **Execution**: The program prints the final value of `ans` which is `1`.\n\n- **Observation 5**: As lines 14 and 15 are executed and both Set 2 and 3 have this, the distinguishing point is line 14 which actually changes the initial value of `ans`, making Set 2 the most applicable.\n\n### FINAL CODE COVERAGE\n**Set 2**: Statements 1, 2, 3, 4, 5, 11, 12, 13, 14, 15",
                "response_time": 14.376827478408813,
                "input_tokens": 658,
                "output_tokens": 507
            },
            {
                "test_case_id": 2,
                "test_case_inputs": "Test Case Input:\n0 0",
                "crispe_response": "To determine the set of statements that will be covered by the test case for the given Python program, we need to carefully analyze the execution flow with the specific input. Let's break down the process step by step:\n\n### Test Case Input: `0 0`\n1. **Input Processing**:\n   - The program starts by reading `n` and `k` from input, which are both `0` based on the test case.\n   - Next, it attempts to read `a`, which is supposed to be a list of numbers. However, since `n=0`, `a` will be an empty list.\n   \n   **Step 1 Observation**:\n   - Lines 1 and 2 are executed to read inputs and initialize the list `a`.\n   - All possible sets (Set 1, Set 2, and Set 3) include statements 1 and 2, so all are still applicable.\n\n2. **Initialization**:\n   - Variables `d` (a dictionary) and `l` (a list) are initialized as empty structures.\n   \n   **Step 2 Observation**:\n   - Line 3 is executed to initialize `d` and `l`.\n   - All possible sets include line 3, so they remain applicable.\n\n3. **Loop Through Array `a`**:\n   - The loop `for i in range(n):` begins; however, since `n=0`, the loop body (lines 4 to 7) will not be executed at all.\n   \n   **Step 3 Observation**:\n   - The loop body is not executed due to `n` being zero. This means that statements 4, 5, 6, and 7 will not be covered and can eliminate parts of the possible sets.\n   - Set 1 includes statements 4, 5, and 7, which means it can be eliminated because these statements cannot be covered.\n\n4. **Final Calculation and Sorting**:\n   - Line 11 sorts list `l`, but since `l` is an empty list (as the loop was not executed), it remains unchanged.\n   \n   **Step 4 Observation**:\n   - Line 11 is executed, sorting the empty list `l`.\n   - Only sets 2 and 3 include statement 11, so Set 1 is definitely not applicable.\n\n5. **Sum Calculation and Output**:\n   - The final loop `for i in range(len(l)-k):` is executed, which calculates the sum of the first `len(l)-k` elements of list `l`.\n   - Since `l` is empty and `k=0`, the range is empty, so the loop body (lines 12 to 14) is effectively skipped, and `ans` remains 0.\n   - Finally, the program outputs `ans`, which is `0`.\n   \n   **Step 5 Observation**:\n   - Line 15 is executed to print the result.\n   - Both Set 2 and Set 3 include line 15, but since there are no elements in `l`, lines 12, 13, and 14 are not actually executed, so Set 2 is not fully applicable and can be eliminated.\n   - Set 3 matches the executed statements, as it accounts for lines that are actually executed: 1, 2, 3, 4, 5, 11, and 15.\n\n### FINAL CODE COVERAGE:\nSet 3: Statements 1, 2, 3, 4, 5, 11, 12, 13, 15",
                "response_time": 11.097595453262329,
                "input_tokens": 653,
                "output_tokens": 466
            }
        ],
        "serialized_code": "Line 1: n,k=map(int,input().split())\nLine 2: a=list(map(int,input().split()))\nLine 3: d={}\nLine 4: l=[]\nLine 5: for i in range(n):\nLine 6:     try:\nLine 7:         l[d[a[i]]]+=1\nLine 8:     except:\nLine 9:         d[a[i]]=len(l)\nLine 10:         l.append(1)\nLine 11: ans=0\nLine 12: l.sort()\nLine 13: for i in range(len(l)-k):\nLine 14:     ans+=l[i]\nLine 15: print(ans)\n",
        "test_case_id": "1"
    }
]