[
    {
        "submission_id": "s556771839",
        "import_statements_removed": [],
        "import_statements_removed_libs": [],
        "number_of_imports_removed": 0,
        "number_of_calls": {},
        "lines_affected": {},
        "focc": [
            "Set 1: Statements 1, 2, 3, 4, 5, 6, 15, 16",
            "Set 2: Statements 1, 2, 3, 4, 5, 6, 7, 8, 9, 10, 14, 15, 16",
            "Set 3: Statements 1, 2, 3, 4, 5, 6, 7, 8, 11, 12, 13, 14, 15, 16",
            "Set 4: Statements 1, 2, 3, 4, 5, 6, 7, 8, 11, 14, 15, 16"
        ],
        "code": "n = list(input().split())\nA = list(map(int, input().split()))\ndef chk(A, flg):\n    x=0\n    ans =0\n    for a in A:\n        x += a\n        if flg==True and x < 1:\n            ans +=1-x\n            x=1\n        elif flg == False and x> -1:\n            ans += x+1\n            x=-1\n        flg = not flg\n    return(ans)\nprint(min(chk(A, True),chk(A, False)))",
        "test_cases": [
            {
                "test_case_id": 1,
                "test_case_inputs": "Test Case Input:\n0\n0\n0\n0\n0\n0\n0\n0\n0\n0\n0\n0\n0\n0\n0\n0\n0\n0\n0\n0\n0\n0\n0\n0\n0\n0\n0\n0\n0\n0\n0\n0\n0\n0\n0\n0\n0\n0\n0\n0\n0\n0\n0\n0\n0\n0\n0\n0\n0\n0\n0\n0\n0\n0\n0\n0\n0\n0\n0\n0\n0\n0\n0\n0\n0\n0\n0\n0\n0\n0\n0\n0\n0\n0\n0\n0\n0\n0\n0\n0\n0\n0\n0\n0\n0\n0\n0\n0\n0\n0\n0\n0\n0\n0\n0\n0\n0\n0\n0\n0\n",
                "crispe_response": "To determine the code coverage for the given test case, let's go through the code execution step by step:\n\n### PROGRAM \n```\nLine 1: n = list(input().split())\nLine 2: A = list(map(int, input().split()))\nLine 3: def chk(A, flg):\nLine 4:     x=0\nLine 5:     ans =0\nLine 6:     for a in A:\nLine 7:         x += a\nLine 8:         if flg==True and x < 1:\nLine 9:             ans +=1-x\nLine 10:            x=1\nLine 11:        elif flg == False and x> -1:\nLine 12:            ans += x+1\nLine 13:            x=-1\nLine 14:        flg = not flg\nLine 15:    return(ans)\nLine 16: print(min(chk(A, True),chk(A, False)))\n```\n\n### TEST CASE INPUT \n```\n0\n0\n0\n0\n(...repeated zeros...)\n```\n\n### PLAN AND OBSERVATIONS:\n\n**Step 1: Input Processing**\n- **Line 1**: `n` is a list of strings from input. Given the test case, all inputs are \"0\", likely assigned to `n`.\n- **Line 2**: `A` is a list of integers mapped from input. Given the test case, `A` will be a list of zeros.\n\n**Observation 1**: All sets of code coverage are applicable as they all include lines 1 and 2.\n\n**Step 2: Function Call `chk(A, True)`**\n- **Line 3**: The function `chk` is called with `A` and `True`.\n- **Line 4**: `x` is initialized to 0.\n- **Line 5**: `ans` is initialized to 0.\n- **Line 6-14**: Iterates over each element in `A`, performing checks and adjustments.\n\n**Details of Iteration**:\n- Each element of `A` is 0.\n- **Line 7**: `x` increments by `a` (which is 0).\n- Since `flg` starts as `True`, **Line 8** checks if `x < 1`, this is `True`, so:\n  - **Line 9-10**: Adjust `ans` and set `x = 1`.\n- The flag toggles each iteration: **Line 14** `flg = not flg`.\n\n- This loop will essentially involve lines 6, 7, 8, 9, 10, and 14 in every iteration (since `A` doesn't have negative values, lines 11, 12, and 13 will not be executed).\n\n**Observation 2**: The iteration executes lines 6, 7, 8, 9, 10, and 14. This information is crucial as it eliminates sets which skip line 9 or 10.\n\n**Step 3: Function Call `chk(A, False)`**\n- The function `chk` is called again, but with the flag initially `False`.\n- Similar processing occurs, toggling the flag `flg` and adjusting `ans` and `x` similarly. In this scenario, `else` branches on lines 11-13 won't execute due to consistent 0 input.\n\n**Observation 3**: Lines 6, 7, 8, 9, 10, and 14 are executed, similar reasoning as before since values remain zero throughout.\n\n**Step 4: Result Calculation and Printing**\n- **Line 15**: The `chk` function returns the calculated `ans`.\n- **Line 16**: Print the minimum of both calculations, `chk(A, True)` and `chk(A, False)`.\n\n**Observation 4**: Considering queues that involve execution of line function calls and loop iterations, applicable code coverage would respect execution across varying flag settings for the entirety of zero input list `A`.\n\n### FINAL CODE COVERAGE\n\nFollowing the detailed observations, **Set 2** aligns with execution where both function calls can demonstrate all potentialities of logic toggling involved with zero input scenarios.\n\n**Final Coverage Set: Set 2**\n- Statements: 1, 2, 3, 4, 5, 6, 7, 8, 9, 10, 14, 15, 16",
                "response_time": 9.402782440185547,
                "input_tokens": 802,
                "output_tokens": 531
            },
            {
                "test_case_id": 2,
                "test_case_inputs": "Test Case Input:\n-1 -2 -3 -4 -5 -6 -7 -8 -9 -10 -11 -12 -13 -14 -15 -16 -17 -18 -19 -20 -21 -22 -23 -24 -25 -26 -27 -28 -29 -30 -31 -32 -33 -34 -35 -36 -37 -38 -39 -40 -41 -42 -43 -44 -45 -46 -47 -48 -49 -50 -51 -52 -53 -54 -55 -56 -57 -58 -59 -60 -61 -62 -63 -64 -65 -66 -67 -68 -69 -70 -71 -72 -73 -74 -75 -76 -77 -78 -79 -80 -81 -82 -83 -84 -85 -86 -87 -88 -89 -90 -91 -92 -93 -94 -95 -96 -97 -98 -99 -100 -101 -102 -103 -104 -105 -106 -107 -108 -109 -110 -111 -112 -113 -114 -115 -116 -117 -118 -119 -120 -121 -122 -123 -124 -125 -126 -127 -128 -129 -130 -131 -132 -133 -134 -135 -136 -137 -138 -139 -140 -141 -142 -143 -144 -145 -146 -147 -148 -149 -150 -151 -152 -153 -154 -155 -156 -157 -158 -159 -160 -161 -162 -163 -164 -165 -166 -167 -168 -169 -170 -171 -172 -173 -174 -175 -176 -177 -178 -179 -180 -181 -182 -183 -184 -185 -186 -187 -188 -189 -190 -191 -192 -193 -194 -195 -196 -197 -198 -199 -200 -201 -202 -203 -204 -205 -206 -207 -208 -209 -210 -211 -212 -213 -214 -215 -216 -217 -218 -219 -220 -221 -222 -223 -224 -225 -226 -227 -228 -229 -230 -231 -232 -233 -234 -235 -236 -237 -238 -239 -240 -241 -242 -243 -244 -245 -246 -247 -248 -249 -250 -251 -252 -253 -254 -255 -256 -257 -258 -259 -260 -261 -262 -263 -264 -265 -266 -267 -268 -269 -270 -271 -272 -273 -274 -275 -276 -277 -278 -279 -280 -281 -282 -283 -284 -285 -286 -287 -288 -289 -290 -291 -292 -293 -294 -295 -296 -297 -298 -299 -300 -301 -302 -303 -304 -305 -306 -307 -308 -309 -310 -311 -312 -313 -314 -315 -316 -317 -318 -319 -320 -321 -322 -323 -324 -325 -326 -327 -328 -329 -330 -331 -332 -333 -334 -335 -336 -337 -338 -339 -340 -341 -342 -343 -344 -345 -346 -347 -348 -349 -350 -351 -352 -353 -354 -355 -356 -357 -358 -359 -360 -361 -362 -363 -364 -365 -366 -367 -368 -369 -370 -371 -372 -373 -374 -375 -376 -377 -378 -379 -380 -381 -382 -383 -384 -385 -386 -387 -388 -389 -390 -391 -392 -393 -394 -395 -396 -397 -398 -399 -400 -401 -402 -403 -404 -405 -406 -407 -408 -409 -410 -411 -412 -413 -414 -415 -416 -417 -418 -419 -420 -421 -422 -423 -424 -425 -426 -427 -428 -429 -430 -431 -432 -433 -434 -435 -436 -437 -438 -439 -440 -441 -442 -443 -444 -445 -446 -447 -448 -449 -450 -451 -452 -453 -454 -455 -456 -457 -458 -459 -460 -461 -462 -463 -464 -465 -466 -467 -468 -469 -470 -471 -472 -473 -474 -475 -476 -477 -478 -479 -480 -481 -482 -483 -484 -485 -486 -487 -488 -489 -490 -491 -492 -493 -494 -495 -496 -497 -498 -499 -500 -501 -502 -503 -504 -505 -506 -507 -508 -509 -510 -511 -512 -513 -514 -515 -516 -517 -518 -519 -520 -521 -522 -523 -524 -525 -526 -527 -528 -529 -530 -531 -532 -533 -534 -535 -536 -537 -538 -539 -540 -541 -542 -543 -544 -545 -546 -547 -548 -549 -550 -551 -552 -553 -554 -555 -556 -557 -558 -559 -560 -561 -562 -563 -564 -565 -566 -567 -568 -569 -570 -571 -572 -573 -574 -575 -576 -577 -578 -579 -580 -581 -582 -583 -584 -585 -586 -587 -588 -589 -590 -591 -592 -593 -594 -595 -596 -597 -598 -599 -600 -601 -602 -603 -604 -605 -606 -607 -608 -609 -610 -611 -612 -613 -614 -615 -616 -617 -618 -619 -620 -621 -622 -623 -624 -625 -626 -627 -628 -629 -630 -631 -632 -633 -634 -635 -636 -637 -638 -639 -640 -641 -642 -643 -644 -645 -646 -647 -648 -649 -650 -651 -652 -653 -654 -655 -656 -657 -658 -659 -660 -661 -662 -663 -664 -665 -666 -667 -668 -669 -670 -671 -672 -673 -674 -675 -676 -677 -678 -679 -680 -681 -682 -683 -684 -685 -686 -687 -688 -689 -690 -691 -692 -693 -694 -695 -696 -697 -698 -699 -700 -701 -702 -703 -704 -705 -706 -707 -708 -709 -710 -711 -712 -713 -714 -715 -716 -717 -718 -719 -720 -721 -722 -723 -724 -725 -726 -727 -728 -729 -730 -731 -732 -733 -734 -735 -736 -737 -738 -739 -740 -741 -742 -743 -744 -745 -746 -747 -748 -749 -750 -751 -752 -753 -754 -755 -756 -757 -758 -759 -760 -761 -762 -763 -764 -765 -766 -767 -768 -769 -770 -771 -772 -773 -774 -775 -776 -777 -778 -779 -780 -781 -782 -783 -784 -785 -786 -787 -788 -789 -790 -791 -792 -793 -794 -795 -796 -797 -798 -799 -800 -801 -802 -803 -804 -805 -806 -807 -808 -809 -810 -811 -812 -813 -814 -815 -816 -817 -818 -819 -820 -821 -822 -823 -824 -825 -826 -827 -828 -829 -830 -831 -832 -833 -834 -835 -836 -837 -838 -839 -840 -841 -842 -843 -844 -845 -846 -847 -848 -849 -850 -851 -852 -853 -854 -855 -856 -857 -858 -859 -860 -861 -862 -863 -864 -865 -866 -867 -868 -869 -870 -871 -872 -873 -874 -875 -876 -877 -878 -879 -880 -881 -882 -883 -884 -885 -886 -887 -888 -889 -890 -891 -892 -893 -894 -895 -896 -897 -898 -899 -900 -901 -902 -903 -904 -905 -906 -907 -908 -909 -910 -911 -912 -913 -914 -915 -916 -917 -918 -919 -920 -921 -922 -923 -924 -925 -926 -927 -928 -929 -930 -931 -932 -933 -934 -935 -936 -937 -938 -939 -940 -941 -942 -943 -944 -945 -946 -947 -948 -949 -950 -951 -952 -953 -954 -955 -956 -957 -958 -959 -960 -961 -962 -963 -964 -965 -966 -967 -968 -969 -970 -971 -972 -973 -974 -975 -976 -977 -978 -979 -980 -981 -982 -983 -984 -985 -986 -987 -988 -989 -990 -991 -992 -993 -994 -995 -996 -997 -998 -999 -1000 -1001 -1002 -1003 -1004 -1005 -1006 -1007 -1008 -1009 -1010 -1011 -1012 -1013 -1014 -1015 -1016 -1017 -1018 -1019 -1020 -1021 -1022 -1023 -1024 -1025 -1026 -1027 -1028 -1029 -1030 -1031 -1032 -1033 -1034 -1035 -1036 -1037 -1038 -1039 -1040 -1041 -1042 -1043 -1044 -1045 -1046 -1047 -1048 -1049 -1050 -1051 -1052 -1053 -1054 -1055 -1056 -1057 -1058 -1059 -1060 -1061 -1062 -1063 -1064 -1065 -1066 -1067 -1068 -1069 -1070 -1071 -1072 -1073 -1074 -1075 -1076 -1077 -1078 -1079 -1080 -1081 -1082 -1083 -1084 -1085 -1086 -1087 -1088 -1089 -1090 -1091 -1092 -1093 -1094 -1095 -1096 -1097 -1098 -1099 -1100 -1101 -1102 -1103 -1104 -1105 -1106 -1107 -1108 -1109 -1110 -1111 -1112 -1113 -1114 -1115 -1116 -1117 -1118 -1119 -1120 -1121 -1122 -1123 -1124 -1125 -1126 -1127 -1128 -1129 -1130 -1131 -1132 -1133 -1134 -1135 -1136 -1137 -1138 -1139 -1140 -1141 -1142 -1143 -1144 -1145 -1146 -1147 -1148 -1149 -1150 -1151 -1152 -1153 -1154 -1155 -1156 -1157 -1158 -1159 -1160 -1161 -1162 -1163 -1164 -1165 -1166 -1167 -1168 -1169 -1170 -1171 -1172 -1173 -1174 -1175 -1176 -1177 -1178 -1179 -1180 -1181 -1182 -1183 -1184 -1185 -1186 -1187 -1188 -1189 -1190 -1191 -1192 -1193 -1194 -1195 -1196 -1197 -1198 -1199 -1200 -1201 -1202 -1203 -1204 -1205 -1206 -1207 -1208 -1209 -1210 -1211 -1212 -1213 -1214 -1215 -1216 -1217 -1218 -1219 -1220 -1221 -1222 -1223 -1224 -1225 -1226 -1227 -1228 -1229 -1230 -1231 -1232 -1233 -1234 -1235 -1236 -1237 -1238 -1239 -1240 -1241 -1242 -1243 -1244 -1245 -1246 -1247 -1248 -1249 -1250 -1251 -1252 -1253 -1254 -1255 -1256 -1257 -1258 -1259 -1260 -1261 -1262 -1263 -1264 -1265 -1266 -1267 -1268 -1269 -1270 -1271 -1272 -1273 -1274 -1275 -1276 -1277 -1278 -1279 -1280 -1281 -1282 -1283 -1284 -1285 -1286 -1287 -1288 -1289 -1290 -1291 -1292 -1293 -1294 -1295 -1296 -1297 -1298 -1299 -1300 -1301 -1302 -1303 -1304 -1305 -1306 -1307 -1308 -1309 -1310 -1311 -1312 -1313 -1314 -1315 -1316 -1317 -1318 -1319 -1320 -1321 -1322 -1323 -1324 -1325 -1326 -1327 -1328 -1329 -1330 -1331 -1332 -1333 -1334 -1335 -1336 -1337 -1338 -1339 -1340 -1341 -1342 -1343 -1344 -1345 -1346 -1347 -1348 -1349 -1350 -1351 -1352 -1353 -1354 -1355 -1356 -1357 -1358 -1359 -1360 -1361 -1362 -1363 -1364 -1365 -1366 -1367 -1368 -1369 -1370 -1371 -1372 -1373 -1374 -1375 -1376 -1377 -1378 -1379 -1380 -1381 -1382 -1383 -1384 -1385 -1386 -1387 -1388 -1389 -1390 -1391 -1392 -1393 -1394 -1395 -1396 -1397 -1398 -1399 -1400 -1401 -1402 -1403 -1404 -1405 -1406 -1407 -1408 -1409 -1410 -1411 -1412 -1413 -1414 -1415 -1416 -1417 -1418 -1419 -1420 -1421 -1422 -1423 -1424 -1425 -1426 -1427 -1428 -1429 -1430 -1431 -1432 -1433 -1434 -1435 -1436 -1437 -1438 -1439 -1440 -1441 -1442 -1443 -1444 -1445 -1446 -1447 -1448 -1449 -1450 -1451 -1452 -1453 -1454 -1455 -1456 -1457 -1458 -1459 -1460 -1461 -1462 -1463 -1464 -1465 -1466 -1467 -1468 -1469 -1470 -1471 -1472 -1473 -1474 -1475 -1476 -1477 -1478 -1479 -1480 -1481 -1482 -1483 -1484 -1485 -1486 -1487 -1488 -1489 -1490 -1491 -1492 -1493 -1494 -1495 -1496 -1497 -1498 -1499 -1500 -1501 -1502 -1503 -1504 -1505 -1506 -1507 -1508 -1509 -1510 -1511 -1512 -1513 -1514 -1515 -1516 -1517 -1518 -1519 -1520 -1521 -1522 -1523 -1524 -1525 -1526 -1527 -1528 -1529 -1530 -1531 -1532 -1533 -1534 -1535 -1536 -1537 -1538 -1539 -1540 -1541 -1542 -1543 -1544 -1545 -1546 -1547 -1548 -1549 -1550 -1551 -1552 -1553 -1554 -1555 -1556 -1557 -1558 -1559 -1560 -1561 -1562 -1563 -1564 -1565 -1566 -1567 -1568 -1569 -1570 -1571 -1572 -1573 -1574 -1575 -1576 -1577 -1578 -1579 -1580 -1581 -1582 -1583 -1584 -1585 -1586 -1587 -1588 -1589 -1590 -1591 -1592 -1593 -1594 -1595 -1596 -1597 -1598 -1599 -1600 -1601 -1602 -1603 -1604 -1605 -1606 -1607 -1608 -1609 -1610 -1611 -1612 -1613 -1614 -1615 -1616 -1617 -1618 -1619 -1620 -1621 -1622 -1623 -1624 -1625 -1626 -1627 -1628 -1629 -1630 -1631 -1632 -1633 -1634 -1635 -163",
                "crispe_response": "PLAN:\n\nStep 1: Input Processing:\nThe program starts by reading the input and splitting it into a list of strings in line 1. In line 2, it further processes this list by mapping it into a list of integers. Given the test case provides a long list of negative integers, we confirm that lines 1 and 2 are executed to process this input.\nObservation 1: All sets of statements are still applicable, as they all include lines 1 and 2.\n\nStep 2: Function Call and Initial Setup:\nThe function `chk` is called twice - first with the flag `flg` set to True and then with it set to False. This ensures that both paths of execution within the function are considered. Observation-wise, this means lines 3 and 6 (defining the function and performing the call) are executed.\nObservation 2: All sets remain applicable as they all include lines 3 and 6.\n\nStep 3: Looping through List A:\nThe function `chk` uses a for-loop (line 4) to iterate over each element of list A. Given the test input, this loop iterates over each negative integer in the list.\nObservation 3: All sets cover the execution of line 4 and are therefore still applicable.\n\nStep 4: Positive Flag Condition with flg = True:\nWithin the loop, when `flg` is True, the condition in line 5 checks if the cumulative sum `x` is less than 1. For a sequence of negative numbers, `x` accumulates negatively, meaning this condition is always satisfied, and lines 5 and possibly 6 execute in this iteration.\nObservation 4: Sets that include lines 5 and 6 remain applicable: All sets include these lines as the first conditional block.\n\nStep 5: Negative Flag Condition with flg = False:\nIn the next loop iteration, when `flg` becomes False, the condition in line 7 is checked. It verifies if the cumulative sum `x` is greater than -1. For the test input provided, this condition is false on every alternate element, meaning lines 7 and 8 are executed during these iterations, allowing adjustments to `x`.\nObservation 5: Sets that include lines 7 and 8 continue to be viable. This observation eliminates Set 1 as it does not include lines 7 and 8, simplifying remaining possibilities to Sets 2, 3, and 4.\n\nStep 6: Finalizing Check and Return:\nThe end of function execution and return is accounted in line 14, considering the cumulative corrections made to get the alternating positive and negative sequence. Lines 15 and 16 calculate the final minimum value after comparing both executions of `chk`.\nObservation 6: All remaining sets include lines 14, 15, and 16, and are applicable.\n\nStep 7: Select Best Set:\nEvaluating the above, only sets including all necessary conditions for both flag values, iterations, and the final print, cover each pathway expected in this input scenario accurately.\nObservation 7: Between Sets 2, 3, and 4 \u2013 Sets 3 and 4 more broadly include conditions for substantial x adjustments during False flag iterations \u2013 thus encompassing more comprehensive pathways across the major loop iterations and conditions.\n\nFINAL CODE COVERAGE:\nSet 3: Statements 1, 2, 3, 4, 5, 6, 7, 8, 11, 12, 13, 14, 15, 16",
                "response_time": 10.678915977478027,
                "input_tokens": 2338,
                "output_tokens": 528
            }
        ],
        "serialized_code": "Line 1: n = list(input().split())\nLine 2: A = list(map(int, input().split()))\nLine 3: def chk(A, flg):\nLine 4:     x=0\nLine 5:     ans =0\nLine 6:     for a in A:\nLine 7:         x += a\nLine 8:         if flg==True and x < 1:\nLine 9:             ans +=1-x\nLine 10:             x=1\nLine 11:         elif flg == False and x> -1:\nLine 12:             ans += x+1\nLine 13:             x=-1\nLine 14:         flg = not flg\nLine 15:     return(ans)\nLine 16: print(min(chk(A, True),chk(A, False)))\n",
        "test_case_id": "1"
    }
]