[
    {
        "submission_id": "s723991908",
        "import_statements_removed": [],
        "import_statements_removed_libs": [],
        "number_of_imports_removed": 0,
        "number_of_calls": {},
        "lines_affected": {},
        "focc": [
            "Set 1: Statements 1, 2, 3, 4, 5, 6, 7, 8, 9, 10, 11, 12, 13, 14, 15, 16, 17, 18, 19",
            "Set 2: Statements 1, 2, 3, 4, 5, 6, 7, 8, 9, 10, 11, 12, 13, 14, 19",
            "Set 3: Statements 1, 2, 3, 4, 5, 6, 7, 8, 9, 10, 11, 12, 14, 15, 16, 17, 18, 19",
            "Set 4: Statements 1, 2, 3, 4, 5, 6, 7, 8, 9, 10, 11, 12, 14, 19",
            "Set 5: Statements 1, 2, 3, 4, 5, 6, 7, 8, 9, 10, 12, 13, 14, 15, 16, 17, 18, 19",
            "Set 6: Statements 1, 2, 3, 4, 5, 6, 7, 8, 9, 10, 12, 13, 14, 19",
            "Set 7: Statements 1, 2, 3, 4, 5, 6, 7, 8, 9, 10, 12, 14, 15, 16, 17, 18, 19",
            "Set 8: Statements 1, 2, 3, 4, 5, 6, 7, 8, 9, 10, 12, 14, 19",
            "Set 9: Statements 1, 2, 3, 4, 5, 6, 7, 8, 10, 11, 12, 13, 14, 15, 16, 17, 18, 19",
            "Set 10: Statements 1, 2, 3, 4, 5, 6, 7, 8, 10, 11, 12, 13, 14, 19",
            "Set 11: Statements 1, 2, 3, 4, 5, 6, 7, 8, 10, 11, 12, 14, 15, 16, 17, 18, 19",
            "Set 12: Statements 1, 2, 3, 4, 5, 6, 7, 8, 10, 11, 12, 14, 19"
        ],
        "code": "S = input()\nmod = 10 ** 9 + 7\nabc = 0\nbc = 0\nc = 0\nq = 0\nfor i in S[::-1]:\n    if i == 'A':\n        abc = (bc + abc) % mod\n    if i == 'B':\n        bc = (c + bc) % mod\n    if i == 'C':\n        c = (pow(3, q, mod) + c ) % mod\n    if i == '?':\n        abc = (abc * 3 + bc) % mod\n        bc = (bc * 3 + c) % mod\n        c = (pow(3, q, mod) + c * 3) % mod\n        q += 1\nprint(int(abc))",
        "test_cases": [
            {
                "test_case_id": 1,
                "test_case_inputs": "Test Case Input:\nAAAABBBBBCCCC????",
                "crispe_response": "PLAN:\n\nStep 1: Input Processing:\nThe program starts by taking an input string S. For the given test case, the input is \"AAAABBBBBCCCC????\". This means the input statement (statement 1) is definitely executed, and the input is stored in S.\nObservation 1: All sets of code coverage are applicable as they all include statement 1.\n\nStep 2: Initialization:\nThe program initializes several variables: mod, abc, bc, c, and q, all of which have respective assignments in statements 2 through 6.\nObservation 2: All sets of code coverage are still applicable as they all include statements from 2 to 6.\n\nStep 3: Loop through characters in reversed string:\nThe program will iterate over each character of the reversed string S[::-1]. Given the test input, \"AAAABBBBBCCCC????\" reversed is \"????CCCCBBBBBAAAA\". The loop corresponds to the statement 7.\nObservation 3: All sets of code coverage remain applicable since they all account for the loop (statement 7).\n\nStep 4: Iteration with character '?':\nThe first four iterations encounter the character '?'. Each '?' modifies abc, bc, c, and increments q as per statements 15, 16, 17, and 18.\nObservation 4: Sets that include statements 15, 16, 17, and 18 remain applicable. This narrows it down to sets 1, 3, 5, 7, 9, and 11.\n\nStep 5: Iteration with character 'C':\nThe next four iterations encounter the character 'C'. Each 'C' modifies c as per statement 11.\nObservation 5: Sets 1, 3, 5, 7, 9, and 11 include statement 11, so all remain applicable.\n\nStep 6: Iteration with character 'B':\nThe subsequent five iterations encounter character 'B'. Each 'B' modifies bc as per statement 10.\nObservation 6: Sets 1, 3, 5, 7, 9, and 11 include statement 10, thus all remain applicable.\n\nStep 7: Iteration with character 'A':\nThe final four iterations encounter character 'A'. Each 'A' modifies abc as per statement 9.\nObservation 7: All sets being considered, sets 1, 3, 5, 7, 9, and 11 include statement 9, so they still remain applicable.\n\nStep 8: End of Program:\nAfter completing the loop for all characters, the program executes the print statement in line 19, which prints the value of abc.\nObservation 8: All sets under consideration (sets 1, 3, 5, 7, 9, and 11) include the final statement, 19.\n\nFINAL CODE COVERAGE:\nConsidering all observations, sets 1, 3, 5, 7, 9, and 11 cover all executed paths and lines for the test input, as those sets include the necessary statements that are covered. However, Sets that redundantly include lines that weren't executed as part of the conditions, like line 13 (for unused 'C' handling after '?'), can be eliminated by cross-referencing all specifically triggered lines (inclusive of the iterative logic that necessarily affects abc, bc, and c more directly). On further detailed audit of minimalism whilst checking alternated maps with primary cyclic tests with variety of these cyclic nested orders, Set 1 is the most appropriate as it encapsulates all possible executions without omitted checks for this configuration.",
                "response_time": 9.459750652313232,
                "input_tokens": 913,
                "output_tokens": 494
            },
            {
                "test_case_id": 2,
                "test_case_inputs": "Test Case Input:\nABC?A",
                "crispe_response": "PLAN:\n\nStep 1: Input Processing:  \nThe given input string is \"ABC?A\". The program begins by initializing several variables (lines 3 to 7) and prepares to process the string from the end to the beginning. The input is reversed, but there are no errors during input processing.\n\nObservation 1: All sets of code coverage include lines 1 to 7, so they are all still applicable.\n\nStep 2: Loop Through Characters in Reverse:  \nThe program processes the string \"ABC?A\" in reverse order, resulting in the sequence \"A?CBA\". We will analyze the execution flow through each character.\n\nObservation 2: Line 8 (the loop) will iterate once for each character in the input string, so all code coverage sets are still applicable since they begin with these lines.\n\nStep 3: First Iteration with i = 'A':  \nThe first character in the reversed string is 'A'. This activates line 9, where `abc` is updated.\n\nObservation 3: All sets include line 9, so they remain applicable.\n\nStep 4: Second Iteration with i = '?':  \nFor '?', the block of statements from lines 13 to 17 is executed. Here, calculations for `abc`, `bc`, `c`, and `q` are performed.\n\nObservation 4: Sets that include lines 13 to 17 are possible, narrowing down the applicable sets to Sets 1, 3, 5, 7, 9, and 11.\n\nStep 5: Third Iteration with i = 'C':  \nWhen 'C' is encountered, line 11 gets executed, updating `c`.\n\nObservation 5: Sets that contain line 11 remain applicable: Sets 1, 3, 9, and 11.\n\nStep 6: Fourth Iteration with i = 'B':  \nWith 'B', line 10 is executed, updating `bc`.\n\nObservation 6: Sets including line 10 continue to be applicable, which are Sets 1, 3, 9, and 11.\n\nStep 7: Fifth Iteration with i = 'A':  \nAgain encountering 'A', line 9 is executed as in the first iteration.\n\nObservation 7: Lines applicable in previous iterations remain so since line 9 does not eliminate any additional sets: Sets 1, 3, 9, and 11.\n\nStep 8: End of Program:  \nFinally, line 19 is executed to print `abc`.\n\nObservation 8: All applicable sets include line 19. There is no additional elimination at this stage.\n\nFINAL CODE COVERAGE:  \nSet 1: Statements 1, 2, 3, 4, 5, 6, 7, 8, 9, 10, 11, 12, 13, 14, 15, 16, 17, 18, 19",
                "response_time": 12.27162790298462,
                "input_tokens": 913,
                "output_tokens": 381
            }
        ],
        "serialized_code": "Line 1: S = input()\nLine 2: mod = 10 ** 9 + 7\nLine 3: abc = 0\nLine 4: bc = 0\nLine 5: c = 0\nLine 6: q = 0\nLine 7: for i in S[::-1]:\nLine 8:     if i == 'A':\nLine 9:         abc = (bc + abc) % mod\nLine 10:     if i == 'B':\nLine 11:         bc = (c + bc) % mod\nLine 12:     if i == 'C':\nLine 13:         c = (pow(3, q, mod) + c ) % mod\nLine 14:     if i == '?':\nLine 15:         abc = (abc * 3 + bc) % mod\nLine 16:         bc = (bc * 3 + c) % mod\nLine 17:         c = (pow(3, q, mod) + c * 3) % mod\nLine 18:         q += 1\nLine 19: print(int(abc))\n",
        "test_case_id": "1"
    }
]