[
    {
        "submission_id": "s356417305",
        "import_statements_removed": [],
        "import_statements_removed_libs": [],
        "number_of_imports_removed": 0,
        "number_of_calls": {},
        "lines_affected": {},
        "focc": [
            "Set 1: Statements 1, 2, 8, 9, 10, 11, 12, 13, 14, 24",
            "Set 2: Statements 1, 2, 8, 9, 10, 11, 12, 13, 15, 17, 24",
            "Set 3: Statements 1, 2, 8, 9, 10, 11, 12, 13, 15, 20, 21, 24",
            "Set 4: Statements 1, 2, 8, 9, 10, 11, 12, 13, 15, 20, 22, 23, 24",
            "Set 5: Statements 1, 2, 8, 9, 10, 11, 12, 13, 15, 20, 22, 24",
            "Set 6: Statements 1, 2, 8, 9, 10, 24"
        ],
        "code": "from collections import deque\ndef pr(a):\n    for i in range(len(a)):\n        if i == len(a)-1:\n            print(a[i])\n        else:\n            print(a[i],end = \" \")\nn = int(input())\nq = deque()\nfor i in range(n):\n    x = input()\n    l = len(x)\n    if x[0] == \"i\":\n        q.insert(0,x[7:])\n    elif x[6] == \" \":\n        try:\n            q.remove(x[7:])\n        except:\n            pass\n    elif l > 10:\n        q.popleft()\n    elif l > 6:\n        q.pop()\nprint(*q)",
        "test_cases": [
            {
                "test_case_id": 1,
                "test_case_inputs": "Test Case Input:\n5\ninsert 0 1\ninsert 0 2\nremove 1\nremove 2\npop",
                "crispe_response": "PLAN:\n\n**Step 1: Initial Input Processing**\n\n- The program begins by reading an integer input `n` which specifies the number of subsequent commands. The test case provides `n = 5`. \n- The statements involved in this step are 1, 2. All the given sets include these lines.\n\n**Observation 1:** All sets are applicable after this step as they all include statements 1 and 2.\n\n**Step 2: Command Processing Loop**\n\n- The program enters a loop with 5 iterations, corresponding to the test case commands.\n\n**Observation 2:** All sets remain applicable as they all involve statements 8, 9, 10 which manage the loop and input collection.\n\n**Step 3: First Command - \"insert 0 1\"**\n\n- The command is \"insert 0 1\". The program checks the first character and executes the insertion logic at the beginning of the queue. Statements involved: 11, 12, 13.\n  \n**Observation 3:** Sets 1, 2, 3, 4, and 5 remain, as they all cover these lines.\n\n**Step 4: Second Command - \"insert 0 2\"**\n\n- Similar to the first command, \"insert 0 2\" triggers the insert logic. Statements involved remain the same: 11, 12, 13.\n  \n**Observation 4:** Sets 1, 2, 3, 4, and 5 continue to apply as they cover these statements.\n\n**Step 5: Third Command - \"remove 1\"**\n\n- The command is \"remove 1\". The program checks for the space at position 6 and attempts removal. Lines involved: 15, 17 (removal attempt).\n\n**Observation 5:** Sets 2, 3, 4, and 5 are applicable. Set 1 is eliminated because it doesn't include the removal process (15, 17).\n\n**Step 6: Fourth Command - \"remove 2\"**\n\n- The program handles \"remove 2\" similarly to the third command lines: 15, 17 (removal attempt).\n\n**Observation 6:** Sets 2, 3, 4, and 5 still apply as they handle these removals (15, 17).\n\n**Step 7: Fifth Command - \"pop\"**\n\n- The \"pop\" command checks the length conditions and performs a pop from the right. Lines: 20, 22 (pop).\n\n**Observation 7:** Only Sets 3, 4, and 5 cover the pop logic since they involve line 20 where the pop occurs. Set 2 is eliminated because it doesn\u2019t handle this action.\n\n**Step 8: Final Output Print**\n\n- After executing all commands, the queue's final state is printed. This involves line 24.\n\n**Observation 8:** Sets 3, 4, and 5 all account for line 24, where the queue is printed.\n\n**Step 9: Code Specific Checks**\n\n- Check each applicable set for requirements of specific conditions such as exceptions, specific command handling, etc.\n\n- Set 3 includes specifics for pop scenarios at lines 21, which is not executed. This makes Set 4 more accurate.\n\n**FINAL CODE COVERAGE:**\n\nSet 5: Statements 1, 2, 8, 9, 10, 11, 12, 13, 15, 20, 22, 24",
                "response_time": 10.78110122680664,
                "input_tokens": 748,
                "output_tokens": 452
            },
            {
                "test_case_id": 2,
                "test_case_inputs": "Test Case Input:\n3\ninsert 0\nremove 1\npop 2",
                "crispe_response": "PLAN:\n\nStep 1: Input Processing:  \nThe program first takes an integer input `n` which indicates the number of operations to be performed. Given the test case, `n` is 3. Since the few first lines consist of importing a module and defining a function that is not yet used, we consider lines 1, 2, and 8, 9, 10 for initialization and input processing.\n\nObservation 1: All given sets of code coverage start with lines 1, 2, 8, 9, 10, so at this stage, all sets are applicable.\n\nStep 2: Looping through operations:  \nThe test case involves three operations, so the loop will execute three times. Every loop execution begins with recording the input operation and checking certain conditions. Initially, lines 11, 12, and 13 are involved in this setup for each iteration, which is common to all sets of coverage.\n\nObservation 2: Since lines 11, 12, and 13 are within every set, all sets remain applicable after initialization of the loop.\n\nStep 3: First Iteration with input \"insert 0\":  \nThe input string \"insert 0\" satisfies the condition `if x[0] == \"i\"` (line 14), as the operation begins with 'i'. The substring after \"insert \" is added to the deque using `q.insert(0, x[7:])`.\n\nObservation 3: Only Set 1 includes line 14 without further branching, making it applicable at this point. However, we maintain sets that proceed beyond this line for subsequent operations.\n\nStep 4: Second Iteration with input \"remove 1\":  \nThe string \"remove 1\" satisfies the condition `elif x[6] == \" \"` (line 15). The program then attempts to remove the value \"1\" from the deque, moving to line 17.\n\nObservation 4: Set 2 and Set 3, which both include line 15 handling and line 17's `try` block without triggering the `except` block, are in consideration, while Set 1 no longer matches as it doesn't account for these mutations handling.\n\nStep 5: Third Iteration with input \"pop 2\":  \nThe string \"pop 2\" has a length greater than 6 but does not reach the length required at line 20's condition. Thus, it falls to `elif l > 6:` (line 22), executing `q.pop()`.\n\nObservation 5: Set 5 specifically accounts for this path without triggering further conditions beyond line 22. Set 4, which requires line 23, is not feasible here. Thus, Set 5 becomes the primary focus.\n\nStep 6: End of Program:  \nPost-iteration, the `print(*q)` statement on line 24 executes to display the deque's contents.\n\nObservation 6: Since this `print` statement is accounted for in all potential final sets of coverage, Set 5 aligns with all former operations and matches this execution path accurately.\n\nFINAL CODE COVERAGE:  \nSet 5: Statements 1, 2, 8, 9, 10, 11, 12, 13, 15, 20, 22, 24",
                "response_time": 13.45608901977539,
                "input_tokens": 743,
                "output_tokens": 447
            }
        ],
        "serialized_code": "Line 1: from collections import deque\nLine 2: def pr(a):\nLine 3:     for i in range(len(a)):\nLine 4:         if i == len(a)-1:\nLine 5:             print(a[i])\nLine 6:         else:\nLine 7:             print(a[i],end = \" \")\nLine 8: n = int(input())\nLine 9: q = deque()\nLine 10: for i in range(n):\nLine 11:     x = input()\nLine 12:     l = len(x)\nLine 13:     if x[0] == \"i\":\nLine 14:         q.insert(0,x[7:])\nLine 15:     elif x[6] == \" \":\nLine 16:         try:\nLine 17:             q.remove(x[7:])\nLine 18:         except:\nLine 19:             pass\nLine 20:     elif l > 10:\nLine 21:         q.popleft()\nLine 22:     elif l > 6:\nLine 23:         q.pop()\nLine 24: print(*q)\n",
        "test_case_id": "1"
    },
    {
        "submission_id": "s356417305",
        "import_statements_removed": [
            "from collections import deque"
        ],
        "import_statements_removed_libs": [
            "collections"
        ],
        "number_of_imports_removed": 1,
        "number_of_calls": {
            "collections": 0
        },
        "lines_affected": {
            "collections": []
        },
        "focc": [
            "Set 1: Statements 1, 7, 8, 9, 10, 11, 12, 13, 23",
            "Set 2: Statements 1, 7, 8, 9, 10, 11, 12, 14, 16, 23",
            "Set 3: Statements 1, 7, 8, 9, 10, 11, 12, 14, 19, 20, 23",
            "Set 4: Statements 1, 7, 8, 9, 10, 11, 12, 14, 19, 21, 22, 23",
            "Set 5: Statements 1, 7, 8, 9, 10, 11, 12, 14, 19, 21, 23",
            "Set 6: Statements 1, 7, 8, 9, 23"
        ],
        "code": "def pr(a):\n    for i in range(len(a)):\n        if i == len(a)-1:\n            print(a[i])\n        else:\n            print(a[i],end = \" \")\nn = int(input())\nq = deque()\nfor i in range(n):\n    x = input()\n    l = len(x)\n    if x[0] == \"i\":\n        q.insert(0,x[7:])\n    elif x[6] == \" \":\n        try:\n            q.remove(x[7:])\n        except:\n            pass\n    elif l > 10:\n        q.popleft()\n    elif l > 6:\n        q.pop()\nprint(*q)",
        "test_cases": [
            {
                "test_case_id": 1,
                "test_case_inputs": "Test Case Input:\n5\ninsert 0 1\ninsert 0 2\nremove 1\nremove 2\npop",
                "crispe_response": "To determine the code coverage set with the given test case, let's go step-by-step through the reasoning process:\n\n### GIVEN PYTHON PROGRAM\n```python\ndef pr(a):\n    for i in range(len(a)):\n        if i == len(a)-1:\n            print(a[i])\n        else:\n            print(a[i],end=\" \")\nn = int(input())\nq = deque()\nfor i in range(n):\n    x = input()\n    l = len(x)\n    if x[0] == \"i\":\n        q.insert(0,x[7:])\n    elif x[6] == \" \":\n        try:\n            q.remove(x[7:])\n        except:\n            pass\n    elif l > 10:\n        q.popleft()\n    elif l > 6:\n        q.pop()\nprint(*q)\n```\n\n### GIVEN TEST CASE\nTest Case Input:\n```\n5\ninsert 0 1\ninsert 0 2\nremove 1\nremove 2\npop\n```\n\n### PLAN\n\n#### Step 1: Initial Setup\n- The program starts by reading the integer `n`, which is the number of operations (lines 7).\n- Observation 1: All sets contain statement 1 and 7, so they remain applicable.\n\n#### Step 2: First Iteration with input `insert 0 1`\n- The input `insert 0 1` has length 10 and begins with `'i'`, so `x[0] == \"i\"` condition is satisfied. The statement `q.insert(0, x[7:])` (line 12) executes, inserting `'1'` into the queue `q`.\n- Observation 2: All sets include statements 8, 9, 10, and 12, so they remain applicable.\n\n#### Step 3: Second Iteration with input `insert 0 2`\n- The input `insert 0 2` follows the same pattern as the first iteration: condition `x[0] == \"i\"` is satisfied, and `q.insert(0, x[7:])` is executed, inserting `'2'`.\n- Observation 3: The same reasoning as before includes statement 12; all sets remain applicable.\n\n#### Step 4: Third Iteration with input `remove 1`\n- The input `remove 1` satisfies the condition `x[6] == \" \"`, so it tries to execute `q.remove('1')`. Since `'1'` is present in `q`, it is successfully removed.\n- Observation 4: Statement 14 (condition) and 16 (remove action) are executed. Sets 2, 3, 4, and 5 that include line 14 remain viable.\n\n#### Step 5: Fourth Iteration with input `remove 2`\n- The input `remove 2` also satisfies the same condition and removes `'2'` from `q`.\n- Observation 5: Statement 14 (condition) and 16 (remove action) are executed again. Sets 2, 3, 4, and 5 remain viable.\n\n#### Step 6: Fifth Iteration with input `pop`\n- The input `pop` has a length greater than 6 (but not greater than 10), so `q.pop()` is executed, which would remove the rightmost element of `q`, if any.\n- Observation 6: Line 19 (the condition for length greater than 6) and line 21 (pop operation) are executed. Only sets 4 and 5, which include lines 19 and 21, remain viable.\n\n#### Step 7: End of Program\n- Finally, the print statement (`print(*q)`) at line 23 executes, which would print the contents of `q`. At this point, q is empty, so nothing is printed.\n- Observation 7: Both sets 4 and 5 consider the end statement, but since the pop operation in step 6 (line 21) did not actually affect an empty queue (caught by exception), observed operations confirm line 21 was reached but not executed substantially to change q. Thus, set 5 remains most fitted.\n\n### FINAL CODE COVERAGE\nSet 5: Statements 1, 7, 8, 9, 10, 11, 12, 14, 19, 21, 23.",
                "response_time": 9.21968150138855,
                "input_tokens": 738,
                "output_tokens": 527
            },
            {
                "test_case_id": 2,
                "test_case_inputs": "Test Case Input:\n3\ninsert 0\nremove 1\npop 2",
                "crispe_response": "PLAN:\n\nStep 1: Input Processing:\nThe program first reads an integer `n` which defines the number of operations. In the given test case, `n` is 3, meaning three subsequent input commands need to be processed. The first few lines up to line 9 cover these initial inputs.\nObservation 1: All sets of code coverage include lines 1, 7, 8, and 9, so they remain applicable.\n\nStep 2: Loop through Commands:\nThe loop iterates three times as `n` is 3. Each iteration processes a command string.\nObservation 2: All sets of code coverage include line 11, so they are applicable during looping.\n\nStep 3: First Command - \"insert 0\":\nThe command \"insert 0\" meets the condition `x[0] == \"i\"`, so the first if block is executed (lines 12 and 13). The value \"0\" is inserted at the front of the deque.\nObservation 3: Sets 1, 2, 3, 4, and 5 are applicable as they include lines 12 and 13.\n\nStep 4: Second Command - \"remove 1\":\nThe command \"remove 1\" satisfies the condition `x[6] == \" \"`, so the second if block is executed (lines 14 and 19). The program attempts to remove \"1\" from the deque, which currently only contains \"0\". Since \"1\" is not present, the operation is wrapped in a try-except block to handle such cases gracefully.\nObservation 4: Sets 2, 3, 4, and 5 are applicable as they include lines 14, 19, and possibly exception handling.\n\nStep 5: Third Command - \"pop 2\":\nThe command \"pop 2\" satisfies `l > 6` (length of the command is 6), thus the last elif condition executes line 21. The `pop()` function is called on the deque.\nObservation 5: Sets 4 and 5 are applicable as they include line 21.\n\nStep 6: End of Program:\nPost the loop execution, line 23 executes to print the contents of the deque.\nObservation 6: Set 5 remains as the most accurate coverage, as it includes all the previously executed lines including the final print statement at line 23.\n\nFINAL CODE COVERAGE:\nSet 5: Statements 1, 7, 8, 9, 10, 11, 12, 14, 19, 21, 23",
                "response_time": 9.660805702209473,
                "input_tokens": 733,
                "output_tokens": 351
            }
        ],
        "serialized_code": "Line 1: def pr(a):\nLine 2:     for i in range(len(a)):\nLine 3:         if i == len(a)-1:\nLine 4:             print(a[i])\nLine 5:         else:\nLine 6:             print(a[i],end = \" \")\nLine 7: n = int(input())\nLine 8: q = deque()\nLine 9: for i in range(n):\nLine 10:     x = input()\nLine 11:     l = len(x)\nLine 12:     if x[0] == \"i\":\nLine 13:         q.insert(0,x[7:])\nLine 14:     elif x[6] == \" \":\nLine 15:         try:\nLine 16:             q.remove(x[7:])\nLine 17:         except:\nLine 18:             pass\nLine 19:     elif l > 10:\nLine 20:         q.popleft()\nLine 21:     elif l > 6:\nLine 22:         q.pop()\nLine 23: print(*q)\n",
        "test_case_id": "2"
    }
]