[
    {
        "submission_id": "s283499344",
        "import_statements_removed": [],
        "import_statements_removed_libs": [],
        "number_of_imports_removed": 0,
        "number_of_calls": {},
        "lines_affected": {},
        "focc": [
            "Set 1: Statements 1, 2, 3, 4",
            "Set 2: Statements 1, 2, 5, 6, 7",
            "Set 3: Statements 1, 2, 5, 9, 10"
        ],
        "code": "A,B,C,K=map(int,input().split())\nif A>=K:\n    print(K)\n    exit()\nelif A+B>=K:\n    print(A)\n    exit()\nelse:\n    print(A-(K-A-B))\n    exit()",
        "test_cases": [
            {
                "test_case_id": 1,
                "test_case_inputs": "Test Case Input:\n5 5 10",
                "crispe_response": "To determine the code coverage for the given test case, let's break down the steps and eliminate the non-applicable sets based on the reasoning process.\n\n**PLAN:**\n\n**Step 1: Input Processing**\n- The program starts by taking input and mapping it to four variables: A, B, C, and K. In this test case, the input values are 5, 5, and 10 respectively.\n- Observation 1: All sets include the execution of line 1 (input processing and assignment), so they remain applicable at this stage.\n\n**Step 2: First Conditional Check (Line 2)**\n- The first if condition checks if A (5) is greater than or equal to K (10). The condition `A >= K` evaluates to False, hence it will not print K and will not exit at this point.\n- Observation 2: Set 1 includes statements 2, 3, and 4. Since line 3 (printing and exit) is not executed, Set 1 is eliminated.\n\n**Step 3: Second Conditional Check (Line 5)**\n- The elif condition checks if the sum of A and B (5 + 5 = 10) is greater than or equal to K (10). The condition `A + B >= K` evaluates to True.\n- Since this condition is satisfied, the program will print A (5) and execute the exit statement at line 6.\n- Observation 3: Sets 2 and 3 include statement 5. As the execution exits here, statement 7 is executed and lines 9 and 10 are not, eliminating Set 3.\n\n**Step 4: Final Steps and Program End**\n- After printing A and exiting, there are no further steps or conditions executed in this test case.\n  \n**FINAL CODE COVERAGE:**\n- Based on the observations, the only applicable coverage is Set 2 which includes statements 1, 2, 5, 6, and 7.\n\nThus, for the given test case, the best set of statements covered is **Set 2: Statements 1, 2, 5, 6, 7**.",
                "response_time": 4.741722106933594,
                "input_tokens": 634,
                "output_tokens": 313
            },
            {
                "test_case_id": 2,
                "test_case_inputs": "Test Case Input:\n0 0 0 0",
                "crispe_response": "PLAN:\n\nStep 1: Input Processing:  \nThe program begins by reading input values for A, B, C, and K. The test case directly provides these values as 0, 0, 0, and 0. Executing the `map(int, input().split())` statement assigns these values accordingly.\n\nObservation 1: All sets of code coverage include statement 1 (the assignment of input), so they are all applicable at this point.\n\nStep 2: First Condition Check:  \nThe first condition checks if `A >= K` (statement 2) which translates to `0 >= 0`. This condition is true. Therefore, the program executes the `print(K)` statement (statement 3), resulting in printing 0 and then exits.\n\nObservation 2: Since the program exits after printing, it means that statements related to further conditions and their subsequent print and exit calls are not executed. Hence, only sets that include statements 1, 2, and 3 are applicable. That narrows it down to Set 1.  \n\nStep 3: Final Evaluation:  \nGiven that the condition `A >= K` was true and led to the immediate exit of the program, statements beyond this condition were not reached, effectively ruling out other possible sets.\n\nObservation 3: As only Set 1 includes the executed path statements (1, 2, and 3), it is the correct coverage set.\n\nFINAL CODE COVERAGE:  \nSet 1: Statements 1, 2, 3, 4",
                "response_time": 4.682827711105347,
                "input_tokens": 635,
                "output_tokens": 214
            }
        ],
        "serialized_code": "Line 1: A,B,C,K=map(int,input().split())\nLine 2: if A>=K:\nLine 3:     print(K)\nLine 4:     exit()\nLine 5: elif A+B>=K:\nLine 6:     print(A)\nLine 7:     exit()\nLine 8: else:\nLine 9:     print(A-(K-A-B))\nLine 10:     exit()\n",
        "test_case_id": "1"
    }
]