[
    {
        "submission_id": "s544729804",
        "import_statements_removed": [],
        "import_statements_removed_libs": [],
        "number_of_imports_removed": 0,
        "number_of_calls": {},
        "lines_affected": {},
        "focc": [
            "Set 1: Statements 1, 2, 4, 5, 6, 7, 8, 9",
            "Set 2: Statements 1, 2, 4, 5, 6, 7, 8, 11",
            "Set 3: Statements 1, 2"
        ],
        "code": "import math\nwhile True:\n    try:\n        x1, y1, x2, y2, x3, y3, xp, yp = map(float, input().split())\n        s1 = (x2-x1)*(yp-y1) - (y2-y1)*(xp-x1)\n        s2 = (x3-x2)*(yp-y2) - (y3-y2)*(xp-x2)\n        s3 = (x1-x3)*(yp-y3) - (y1-y3)*(xp-x3)\n        if math.copysign(1, s1) == math.copysign(1, s2) and math.copysign(1, s1) == math.copysign(1, s3):\n            print(\"YES\")\n        else:\n            print(\"NO\")\n    except:\n        break",
        "test_cases": [
            {
                "test_case_id": 1,
                "test_case_inputs": "Test Case Input:\n1 1 2 2 3 3 4 4",
                "crispe_response": "To determine the set of statements covered by the given test case, we'll follow a structured, step-by-step reasoning approach:\n\n### PLAN:\n\n**Step 1: Input Processing**\n- The program begins by collecting input through the `input().split()` function, which it then attempts to convert into float values. The specific input provided by the test case is \"1 1 2 2 3 3 4 4\".\n- The input conversion and assignment to `x1, y1, x2, y2, x3, y3, xp, yp` are successful due to the valid numeric format.\n  \n**Observation 1:** Sets 1 and 2 are applicable as they start with successfully processing input (Statements 1 and 2).\n\n**Step 2: Compute s1, s2, s3**\n- The program computes:\n  - `s1 = (2-1)*(4-1) - (2-1)*(4-1) = 0`\n  - `s2 = (3-2)*(4-2) - (3-2)*(4-2) = 0`\n  - `s3 = (1-3)*(4-3) - (1-3)*(4-3) = 0`\n\n**Observation 2:** Since calculations involve Statements 4, 5, and 6, only Sets 1 and 2 remain applicable.\n\n**Step 3: If Condition Check**\n- The if condition involves evaluating:\n  - `math.copysign(1, s1) == math.copysign(1, s2)` and `math.copysign(1, s1) == math.copysign(1, s3)`.\n- Since `s1`, `s2`, and `s3` all equal 0, the `math.copysign(1, value)` for each will return `1`, making the condition true.\n\n**Observation 3:** The program will proceed to execute Statement 8, \"print('YES')\". Set 1 includes this path, making it applicable.\n\n**Step 4: Loop Handling**\n- As per the construction, the while loop continues infinitely and requires an interruption via the try-except block only upon an exception.\n- In this test case execution flow, there are no exceptions.\n\n**Step 5: Ending Execution**\n- Observing the infinite loop condition, without further input, the program is terminated externally, typically by user intervention or end of input, managed by the try-except construct around the loop.\n\n**Observation 4:** The test scenario ends due to successful execution without triggering an exception, matching Set 1, which ends naturally within the chosen workflow.\n\n### FINAL CODE COVERAGE:\n**Set 1:** Statements 1, 2, 4, 5, 6, 7, 8, 9 are executed based on the test input scenario.",
                "response_time": 8.449904203414917,
                "input_tokens": 679,
                "output_tokens": 336
            },
            {
                "test_case_id": 2,
                "test_case_inputs": "Test Case Input:\n1 2 3 4 5 6 7 8",
                "crispe_response": "PLAN:\n\nStep 1: Input Processing and Variable Assignment:\nThe program begins with importing the math module (statement 1). Within an infinite loop (statement 2), it tries to read input values and convert them to floats, parsing them into the variables x1, y1, x2, y2, x3, y3, xp, and yp.\nObservation 1: The input is well-formed for this test case (\"1 2 3 4 5 6 7 8\"), allowing proper parsing of the values without raising an exception. This means statement 3 would be executed, attempting to parse these input values.\nObservation 2: All given sets of code coverage should account for statements 1 and 2, as they precede the parsing operation.\n\nStep 2: Calculation of Side Products:\nThe program computes three side products, s1, s2, and s3 (statements 4, 5, and 6). These calculations are based on the input points and will determine if the point (xp, yp) lies inside the triangle formed by the other three points.\nObservation 3: The successful assignment of float values from the input ensures these calculations proceed without error. Therefore, statements 4, 5, and 6 are executed for the given input.\n\nStep 3: Triangle Inclusion Check:\nIt evaluates the signs of s1, s2, and s3 using math.copysign. If all have the same sign, it prints \"YES\" (statement 8); otherwise, it prints \"NO\" (statement 9).\nObservation 4: The lack of specific results in the test case leaves the printed outcome unknown. However, since the program logic proceeds to a print statement after evaluating the conditions, either statement 8 or statement 9 must execute. This observation affects which sets remain viable.\n\nStep 4: Loop Termination:\nNo exceptions occur, so the loop would typically continue to wait for more input unless manually exited. Given the present test, the program would halt by closing the input stream or entering EOF mode, typically not captured in this scenario.\nObservation 5: Without input to trigger another execution cycle and no explicit exceptions occurring for input or operations, the terminating condition doesn't affect specific analysis here. The program breaks only if an exception arises.\n\nFINAL CODE COVERAGE:\nBased on processed observations:\n- The parsing succeeded without error, allowing statements 4 through 6 to execute.\n- An output statement (either 8 or 9) necessarily occurs to complete the loop cycle for any valid calculation, regardless of specific output content.\n- The absence of explicit exceptions for well-formed input implies a routine loop cycle, unaffecting direct program breaking.\n\nThis leads to the remaining viable code coverage set:\nSet 1: Statements 1, 2, 4, 5, 6, 7, 8, 9",
                "response_time": 6.5632288455963135,
                "input_tokens": 679,
                "output_tokens": 425
            }
        ],
        "serialized_code": "Line 1: import math\nLine 2: while True:\nLine 3:     try:\nLine 4:         x1, y1, x2, y2, x3, y3, xp, yp = map(float, input().split())\nLine 5:         s1 = (x2-x1)*(yp-y1) - (y2-y1)*(xp-x1)\nLine 6:         s2 = (x3-x2)*(yp-y2) - (y3-y2)*(xp-x2)\nLine 7:         s3 = (x1-x3)*(yp-y3) - (y1-y3)*(xp-x3)\nLine 8:         if math.copysign(1, s1) == math.copysign(1, s2) and math.copysign(1, s1) == math.copysign(1, s3):\nLine 9:             print(\"YES\")\nLine 10:         else:\nLine 11:             print(\"NO\")\nLine 12:     except:\nLine 13:         break\n",
        "test_case_id": "1"
    },
    {
        "submission_id": "s544729804",
        "import_statements_removed": [
            "import math"
        ],
        "import_statements_removed_libs": [
            "math"
        ],
        "number_of_imports_removed": 1,
        "number_of_calls": {
            "math": 1
        },
        "lines_affected": {
            "math": [
                7
            ]
        },
        "focc": [
            "Set 1: Statements 1, 3, 4, 5, 6, 7, 8",
            "Set 2: Statements 1, 3, 4, 5, 6, 7, 10",
            "Set 3: Statements 1"
        ],
        "code": "while True:\n    try:\n        x1, y1, x2, y2, x3, y3, xp, yp = map(float, input().split())\n        s1 = (x2-x1)*(yp-y1) - (y2-y1)*(xp-x1)\n        s2 = (x3-x2)*(yp-y2) - (y3-y2)*(xp-x2)\n        s3 = (x1-x3)*(yp-y3) - (y1-y3)*(xp-x3)\n        if math.copysign(1, s1) == math.copysign(1, s2) and math.copysign(1, s1) == math.copysign(1, s3):\n            print(\"YES\")\n        else:\n            print(\"NO\")\n    except:\n        break",
        "test_cases": [
            {
                "test_case_id": 1,
                "test_case_inputs": "Test Case Input:\n1 1 2 2 3 3 4 4",
                "crispe_response": "PLAN:\n\n**Step 1: Initialization of the Program**  \nThe while loop starts to execute indefinitely since the condition `True` is always satisfied. The first statement is beginning the loop.\n- **Observation 1:** All possible sets of code coverage must include the while loop start.\n\n**Step 2: Input Processing and Variable Assignment**  \nThe program attempts to read a line of input and parse it into eight float numbers using `map(float, input().split())`. Given the test case input \"1 1 2 2 3 3 4 4\", these inputs are proposed to be successfully parsed and assigned to the variables `x1, y1, x2, y2, x3, y3, xp, yp`.\n- **Observation 2:** Successful input processing means sets must include this input reading and processing step.\n\n**Step 3: Calculation of Determinants (s1, s2, s3)**  \nThe code calculates three determinants `s1`, `s2`, and `s3` to determine the relative position of (xp, yp) with respect to the triangle (x1, y1), (x2, y2), (x3, y3). Each determinant involves simple arithmetic operations.\n- **Observation 3:** The program constructs `s1`, `s2`, and `s3` successfully, implying that relevant calculations from the statements are executed.\n\n**Step 4: Evaluation of the Condition**  \nThe conditional statement checks if the signs of all three determinants are the same using `math.copysign`. Given `(x1, y1)`, `(x2, y2)`, and `(x3, y3)` are on a straight line and `(xp, yp)` lies off this line, the signs won\u2019t match for this test case.\n- **Observation 4:** Since the condition evaluates to `False`, the program end up in the `else` block executing the statement that prints \"NO\".\n\n**Step 5: Output and End of Loop**  \nAfter resolving the condition, the program prints \"NO\" and returns to the beginning of the while loop, ready to accept the next input.\n- **Observation 5:** Since the program moves back to the loop post execution, it confirms that code coverages must include steps dealing with handling the loop and its reset mechanism.\n\n**Step 6: Exit upon Error Handling**  \nFinally, if there is an input error such as EOF (end of file) or non-number inputs, the program includes an exception handler that will break the infinite loop on such events.\n- **Observation 6:** This specific test case does not trigger an exception due to a parse error, thus the coverage set excludes the exception clause path.\n\n**FINAL CODE COVERAGE:**\nThe program will successfully execute lines for input processing, loop initiation, if condition and printing \"NO,\" thereby adhering to this path: Set 1: Statements 1, 3, 4, 5, 6, 7, 8 which includes all necessary functionality for the input.",
                "response_time": 9.64819860458374,
                "input_tokens": 674,
                "output_tokens": 419
            },
            {
                "test_case_id": 2,
                "test_case_inputs": "Test Case Input:\n1 2 3 4 5 6 7 8",
                "crispe_response": "Let's analyze the given Python program with the given test case input and determine the set of statements that will be covered. Here's a step-by-step reasoning process:\n\n**GIVEN PYTHON PROGRAM:**\n\n```python\nwhile True:\n    try:\n        x1, y1, x2, y2, x3, y3, xp, yp = map(float, input().split())\n        s1 = (x2-x1)*(yp-y1) - (y2-y1)*(xp-x1)\n        s2 = (x3-x2)*(yp-y2) - (y3-y2)*(xp-x2)\n        s3 = (x1-x3)*(yp-y3) - (y1-y3)*(xp-x3)\n        if math.copysign(1, s1) == math.copysign(1, s2) and math.copysign(1, s1) == math.copysign(1, s3):\n            print(\"YES\")\n        else:\n            print(\"NO\")\n    except:\n        break\n```\n\n**GIVEN TEST CASE INPUT:**\n\n```\n1 2 3 4 5 6 7 8\n```\n\n**POSSIBLE SETS OF CODE COVERAGE:**\n\n1. Statements 1, 3, 4, 5, 6, 7, 8\n2. Statements 1, 3, 4, 5, 6, 7, 10\n3. Statements 1 (incomplete list)\n\n**STEP-BY-STEP REASONING:**\n\n**Step 1: Initial Input Parsing:**\n- The program starts with an infinite `while` loop, attempting to read input using `map(float, input().split())`.\n- Since a valid test case input `1 2 3 4 5 6 7 8` is given, the `try` block is entered, executing statement 2.\n\n**Observation 1:**\n- All sets start with statement 1 being executed.\n\n**Step 2: Calculate Sign Variables:**\n- The program calculates `s1`, `s2`, and `s3` based on input values.\n- Given the inputs, computations for `s1`, `s2`, and `s3` are executed successfully on statements 3, 4, and 5 respectively.\n\n**Observation 2:**\n- All sets include statements 3, 4, and 5; they remain applicable.\n\n**Step 3: Conditional Check:**\n- The program uses `math.copysign` to compare signs of `s1`, `s2`, and `s3`.\n- Depending on the calculations:\n  - If all signs are equal, \"YES\" is printed (statement 6).\n  - Otherwise, \"NO\" is printed (statement 7).\n- This corresponds to statements 6 and 7 being executed.\n\n**Observation 3:**\n- Sets that contain statements 6 and 7 are applicable, which means both set 1 and set 2 remain viable.\n\n**Step 4: Exception Handling and Loop Break:**\n- Once input values are processed, the loop waits for more input.\n- As per the logic, when the next input is empty or invalid, the code will hit an exception, executing the `except` block and breaking the loop (statement 10).\n\n**Observation 4:**\n- Only set 2 includes statement 10, which is executed when the loop is exited.\n\n**FINAL CODE COVERAGE:**\n\nSet 2: Statements 1, 3, 4, 5, 6, 7, 10\n\nThe program successfully covers set 2 based on the given test case input and logic flow.",
                "response_time": 9.849746227264404,
                "input_tokens": 674,
                "output_tokens": 396
            }
        ],
        "serialized_code": "Line 1: while True:\nLine 2:     try:\nLine 3:         x1, y1, x2, y2, x3, y3, xp, yp = map(float, input().split())\nLine 4:         s1 = (x2-x1)*(yp-y1) - (y2-y1)*(xp-x1)\nLine 5:         s2 = (x3-x2)*(yp-y2) - (y3-y2)*(xp-x2)\nLine 6:         s3 = (x1-x3)*(yp-y3) - (y1-y3)*(xp-x3)\nLine 7:         if math.copysign(1, s1) == math.copysign(1, s2) and math.copysign(1, s1) == math.copysign(1, s3):\nLine 8:             print(\"YES\")\nLine 9:         else:\nLine 10:             print(\"NO\")\nLine 11:     except:\nLine 12:         break\n",
        "test_case_id": "2"
    }
]