[
    {
        "submission_id": "s027497869",
        "import_statements_removed": [],
        "import_statements_removed_libs": [],
        "number_of_imports_removed": 0,
        "number_of_calls": {},
        "lines_affected": {},
        "focc": [
            "Set 1: Statements 1, 2, 3, 4, 5, 6, 8, 9, 10",
            "Set 2: Statements 1, 2, 3, 4, 5, 6, 13"
        ],
        "code": "N, X = list(map(int, input().split()))\nl = list(map(int, input().split()))\nD=0\ni=0\nc=0\nwhile D <= X:\n    try:\n        c+=1\n        D+=l[i]\n        i+=1\n    except IndexError:\n        break\nprint(c)",
        "test_cases": [
            {
                "test_case_id": 1,
                "test_case_inputs": "Test Case Input:\n3 10\n1 2 3",
                "crispe_response": "To determine the code coverage based on the provided test case and the given program, let's walk through the logic step by step:\n\n**GIVEN PROGRAM:**\n```python\nN, X = list(map(int, input().split()))\nl = list(map(int, input().split()))\nD = 0\ni = 0\nc = 0\nwhile D <= X:\n    try:\n        c += 1\n        D += l[i]\n        i += 1\n    except IndexError:\n        break\nprint(c)\n```\n\n**GIVEN TEST CASE INPUT:**\n```\n3 10\n1 2 3\n```\n\n**GIVEN POSSIBLE SETS OF CODE COVERAGE:**\n- Set 1: Statements 1, 2, 3, 4, 5, 6, 8, 9, 10\n- Set 2: Statements 1, 2, 3, 4, 5, 6, 13\n\n**REASONING AND STEP-BY-STEP ANALYSIS:**\n\n**Step 1: Input Processing:**\n- The program starts by reading inputs with `input().split()`. The first line provides `N` and `X` as `3` and `10`, respectively.\n- The second line provides the list `l` which is `[1, 2, 3]`.\n- Therefore, the input lines (Statement 1) are executed to split and map the inputs to the variables.\n\n**Observation 1:** Both sets 1 and 2 include the execution of the input processing line.\n\n**Step 2: Initialization:**\n- Variables `D`, `i`, and `c` are initialized to `0`. This corresponds to Statements 2, 3, and 4 being executed.\n  \n**Observation 2:** Both sets 1 and 2 account for these initializations.\n\n**Step 3: While Loop Execution:**\n- The loop commences with the condition `D <= X`. Initially, `D` is `0` which is less than `X` which is `10`. So the loop (Statement 5) starts executing.\n\n**Observation 3:** The while loop starts executing which is covered by both sets 1 and 2.\n\n**Step 4: First Iteration of Loop:**\n- The `try` block (Statement 6) executes without an `IndexError`.\n- `c` is incremented by 1, now `c = 1`. `D` is updated by adding `l[i]` (`l[0]` which is `1`), so `D = 1`.\n- Increment `i` by 1, making `i = 1`.\n\n**Observation 4:** This execution step is accounted for in both sets.\n\n**Step 5: Second Iteration of Loop:**\n- The condition `D <= X` (with `D = 1` and `X = 10`) holds true, so the loop continues.\n- Inside the loop, `c` is incremented by 1 (`c = 2`), `D` is updated by adding `l[i]` (`l[1]` which is `2`), so `D = 3`.\n- Increment `i` by 1, making `i = 2`.\n\n**Observation 5:** Both sets account for these conditions and updates.\n\n**Step 6: Third Iteration of Loop:**\n- Check `D <= X`, with `D = 3` and `X = 10`, the loop proceeds.\n- Inside the loop, increment `c` by 1 (`c = 3`), update `D` by adding `l[i]` (`l[2]` which is `3`), so `D = 6`.\n- Increment `i` by 1, making `i = 3`.\n\n**Observation 6:** Conditions and updates are covered by both sets.\n\n**Step 7: Fourth Iteration of Loop:**\n- Verify `D <= X`; since `D = 6` meets `X = 10`, the loop continues.\n- Inside the loop, increment `c` by 1 (`c = 4`), and try to update `D` with `l[i]` (`l[3]`). But `i = 3` is out of bounds, thereby raising an `IndexError`.\n\n**Observation 7:** When `IndexError` occurs, the `except` block (Statement 8) executes, breaking the loop.\n\n**Step 8: Exit and Print Statement:**\n- After exiting the loop, the program prints the value of `c`, which is `4`. This corresponds to the final print statement (Statement 10).\n\n**FINAL OBSERVATION:**\n- Only Set 1 includes the execution of the `except` block (Statement 8) for handling the `IndexError`. Set 2 lacks this error-handling statement, making only Set 1 fully accurate for this test case.\n\n**FINAL CODE COVERAGE:**\n- **Set 1: Statements 1, 2, 3, 4, 5, 6, 8, 9, 10**",
                "response_time": 11.38727068901062,
                "input_tokens": 648,
                "output_tokens": 607
            },
            {
                "test_case_id": 2,
                "test_case_inputs": "Test Case Input:\n0 0",
                "crispe_response": "To determine which set of statements will be covered by the given test case input 0 0 for the provided Python program, let's use step-by-step reasoning:\n\n**PLAN:**\n\n**Step 1: Initial Input Processing**\n- The program starts with taking input and mapping those to integers for variables `N` and `X`. It also expects a second input split into integers for the list `l`.\n- Given the test case input \"0 0\", `N = 0` and `X = 0`. The second input for `l` would be an empty list since `N` is 0.\n- **Observation 1:** Since both sets (1 and 2) include the execution of statements 1 and 2, all remain applicable.\n\n**Step 2: Initialize Variables**\n- Variables `D`, `i`, and `c` are initialized to 0.\n- **Observation 2:** Statement 3 is executed. Both sets include this statement, so both are still applicable.\n\n**Step 3: While Loop Execution**\n- The while loop condition `D <= X` is checked. Initially, `D = 0` and `X = 0`, so `D <= X` is true, and the loop body will execute.\n- **Observation 3:** Since sets 1 and 2 include statement 4, all remain applicable.\n\n**Step 4: Inside the While Loop**\n- Inside the loop, `c` is incremented by 1 (`c = 1`).\n- The program attempts to add `l[i]` to `D`, but `l` is an empty list (since `N` = 0), so accessing `l[0]` will raise an `IndexError`.\n- This triggers the `except IndexError` block, breaking out of the loop.\n\n**Step 5: Handling Exceptions**\n- The `except IndexError` block (statement 10) is executed due to the list being empty, causing a break statement.\n- **Observation 4:** Since statement 10 is executed, only set 1 covers this path, eliminating set 2. Set 1 remains applicable.\n\n**Step 6: Print the Final Count**\n- The final print statement outputs `c`, which was incremented once to 1 before the loop exited.\n- **Observation 5:** Both sets include the final print statement (statement 13), but since set 2 was eliminated in Step 5, only set 1 is considered.\n\n**FINAL CODE COVERAGE:**\n- **Set 1:** Statements 1, 2, 3, 4, 5, 6, 8, 9, 10\n\nTherefore, the test case input 0 0 will result in coverage of Set 1.",
                "response_time": 7.38266921043396,
                "input_tokens": 645,
                "output_tokens": 370
            }
        ],
        "serialized_code": "Line 1: N, X = list(map(int, input().split()))\nLine 2: l = list(map(int, input().split()))\nLine 3: D=0\nLine 4: i=0\nLine 5: c=0\nLine 6: while D <= X:\nLine 7:     try:\nLine 8:         c+=1\nLine 9:         D+=l[i]\nLine 10:         i+=1\nLine 11:     except IndexError:\nLine 12:         break\nLine 13: print(c)\n",
        "test_case_id": "1"
    }
]