[
    {
        "submission_id": "s144003675",
        "import_statements_removed": [],
        "import_statements_removed_libs": [],
        "number_of_imports_removed": 0,
        "number_of_calls": {},
        "lines_affected": {},
        "focc": [
            "Set 1: Statements 1, 2, 3, 4, 5, 6, 7, 8, 9, 10, 11, 12, 13, 15, 17, 18, 19, 22",
            "Set 2: Statements 1, 2, 3, 4, 5, 6, 7, 8, 9, 10, 11, 12, 13, 15, 17, 18, 19, 21, 22",
            "Set 3: Statements 1, 2, 3, 4, 5, 6, 7, 8, 9, 10, 11, 12, 13, 17, 18, 19, 22",
            "Set 4: Statements 1, 2, 3, 4, 5, 6, 7, 8, 9, 10, 11, 12, 13, 17, 18, 19, 21, 22",
            "Set 5: Statements 1, 2, 3, 4, 5, 6, 7, 8, 9, 10, 11, 12, 13, 15, 17, 19, 22",
            "Set 6: Statements 1, 2, 3, 4, 5, 6, 7, 8, 9, 10, 11, 12, 13, 15, 17, 19, 21, 22",
            "Set 7: Statements 1, 2, 3, 4, 5, 6, 7, 8, 9, 10, 11, 12, 13, 17, 19, 22",
            "Set 8: Statements 1, 2, 3, 4, 5, 6, 7, 8, 9, 10, 11, 12, 13, 17, 19, 21, 22",
            "Set 9: Statements 1, 2, 3, 4, 5, 6, 7, 8, 9, 10, 11, 12, 15, 19, 22",
            "Set 10: Statements 1, 2, 3, 4, 5, 6, 7, 8, 9, 10, 11, 12, 15, 19, 21, 22",
            "Set 11: Statements 1, 2, 3, 4, 5, 6, 7, 8, 9, 10, 19, 22",
            "Set 12: Statements 1, 2, 3, 4, 5, 6, 7, 8, 9, 10, 19, 21, 22"
        ],
        "code": "import heapq\nn, m = map(int, input().split())\nwork = [list(map(int, input().split())) for _ in range(n)]\nwork.sort()\ncd = []\nheapq.heapify(cd)\ncnt = 0\nans = 0\nfor k in range(m+1):\n    for i in range(cnt, n):\n        a, b = work[i]\n        if a == k:\n            heapq.heappush(cd, [-b, a])\n        else:\n            cnt = i\n            break\n        if i == n-1:\n            cnt = n-1\n    if not cd:\n        continue\n    ans -= heapq.heappop(cd)[0]\nprint(ans)",
        "test_cases": [
            {
                "test_case_id": 1,
                "test_case_inputs": "Test Case Input:\n2 3\n1 5\n2 7",
                "crispe_response": "PLAN:\n\n**Step 1: Input Processing**\n\nThe program starts by importing `heapq` and reading input values for `n` and `m` which are 2 and 3 respectively. Then, it reads a list of work intervals containing pairs (a, b). With the test case input provided:\n\n```\n2 3\n1 5\n2 7\n```\n\n- After parsing, the `work` list will be `[[1, 5], [2, 7]]`.\n- Lines 1, 2, and 3 are executed as part of this input processing.\n\n**Observation 1:** All sets of code coverage are applicable as they all include statements 1, 2, and 3.\n\n**Step 2: Sorting and Initialization**\n\nThe code then sorts the `work` list (which doesn't change the order because it is already sorted by `a` values) and initializes an empty list `cd` and a counter `cnt` along with `ans` set to 0.\n\n- Lines 4, 5, and 6 are executed.\n\n**Observation 2:** All sets of code coverage remain applicable as they all account for lines 4, 5, and 6.\n\n**Step 3: Outer Loop Introduction**\n\nThe program runs a loop for `k` from 0 to `m+1` (0 to 4, inclusive).\n\n- Line 7 is executed to begin the loop for `k`.\n\n**Observation 3:** All sets of code coverage are applicable as they include line 7.\n\n**Step 4: Inner Loop Processing**\n\nInside the loop for `k = 0`:\n\n- The `for` loop does not execute as `a` is not equal to 0 (the first `a` in `work` is 1), and hence `cnt` remains 0 without entering the loop. \n- Line 8 to 13: The control moves through these lines trying to process the for loop but skips the internal logic as the condition `a == k` fails at the first element.\n\n**Observation 4:** All sets of code coverage remaining are valid as they account for execution of lines 8-13 but not within the conditional execution.\n\n**Step 5: Heap Check**\n\nThe heap `cd` is empty, and the `continue` statement is executed, as there are no operations performed in the heap.\n\n- Line 17 is executed.\n\n**Observation 5:** All sets continue to be possible as they perform a `continue` without heap operations (lines 15, 16 are skipped where applicable).\n\n**Step 6: Outer Loop for k = 1**\n\nThe `for` loop iterates with `k = 1`:\n\n- The `for` loop processes the first item in `work` where `a = 1`, equal to `k`.\n- Therefore, line 9 executes pushing into `cd` the pair `[-5, 1]`.\n- Since `a` becomes mismatched for `k = 2` in `work` before reaching the end, `cnt` increases to 1 after the break statement at line 12.\n\n**Observation 6:** Sets where 15 is excluded (heap operations) now apply as seen when `a == k`. Sets 3, 4, 7, and 8 are valid as they include this processing pattern.\n\n**Step 7: Heap Operations**\n\nThe heap `cd` contains one element, so the `ans` variable gets updated with the top element popped from the heap `cd`.\n\n- Lines 15, 19 are executed as heap handling and modification events occur.\n\n**Observation 7:** The coverage sets having lines 15 executed like 4 and 8 hold here, the heap operations took place.\n\n**Step 8: Outer Loop for k = 2**\n\nSimilar to the previous step, the `for` loop now accounts `k = 2`:\n\n- The second interval `(2, 7)` matches `a = k` appending `[-7, 2]` to `cd`.\n- `cnt` becomes 2 after the single iteration.\n\n**Observation 8:** The applicable sets would still include statements that process the current `k` like 4 and 8 since they already accounted for similar heap logic.\n\n**Step 9: Final Loop and Result**\n\nFor `k = 3` and `k = 4`, with `work` entirely processed:\n\n- The loop uses the remaining heap without modifying, adjusts `ans` and the program exits.\n\n**Step 10: Conclusion**\n\n- Line 22 prints the final calculated value of `ans`, resulting in a code set that properly processed heap operations.\n\n**FINAL CODE COVERAGE:**\n\nSet 4: Statements 1, 2, 3, 4, 5, 6, 7, 8, 9, 10, 11, 12, 13, 17, 18, 19, 21, 22",
                "response_time": 11.068924188613892,
                "input_tokens": 891,
                "output_tokens": 669
            },
            {
                "test_case_id": 2,
                "test_case_inputs": "Test Case Input:\n\n2 2\n1 5\n3 2",
                "crispe_response": "PLAN:\n\nStep 1: Input Processing:\nThe program begins by importing the `heapq` module (line 1) and processing two inputs, `n` and `m`, which represent the number of work tasks and the maximum time `m` respectively (lines 2 and 3). The input provided by the test case is \"2 2\", which means `n=2` and `m=2`. The work tasks are defined by lines \"1 5\" and \"3 2\", meaning there are two tasks: one starts at time 1 and takes 5 units of time, and the other starts at time 3 and takes 2 units of time. These tasks are processed into a list called `work`.\nObservation 1: All sets of code coverage include lines 1, 2, 3, and 4 and remain applicable.\n\nStep 2: Work Sorting and Heap Initialization:\nThe list `work` is sorted based on the start time `a`, but since it's already sorted, it remains as `[(1, 5), (3, 2)]`. A list `cd` is initialized as a heap, and variables `cnt` and `ans` are initialized to 0 (lines 5, 6, and 7). Sorting does not change the order here.\nObservation 2: All sets still apply, as they include lines up to 7.\n\nStep 3: Starting the main loop:\nThe outer loop iterates over the range `m+1`, which equates to 3 iterations (`k` values 0, 1, and 2) (line 8). The nested `for` loop (line 9) scans from `cnt` to `n` to process work items for which start times match the current loop time (`k`).\nObservation 3: All sets include lines up to 9, so they remain in consideration.\n\nStep 4: First main loop iteration (`k=0`):\nFor `k=0`, none of the start times in `work` match `k`, so the `if a == k:` (line 10) check fails, and `cnt` is adjusted (line 13).\nObservation 4: In the absence of any heap operation, lines 11 through 15 are skipped, applying to all sets under consideration.\n\nStep 5: Second main loop iteration (`k=1`):\nFor `k=1`, work item `(1, 5)` has a match (`a == 1`), triggering `heapq.heappush` (line 11) to insert `[-5, 1]` into the `cd` heap. However, lines 12, 14 do not execute because work related to this k is only  (1, 5) as further `a` is not equal to `k`.\nObservation 5: Sets that exclude lines 12 and 14 but include lines 11 and 13 remain viable, excluding some. This decision is made here because sets 9 and 11 end here which is incorrect.\n\nStep 6: Third main loop iteration (`k=2`):\nAt `k=2`, none of the `work` items have a starting time equal to 2, causing the `if a == k:` check (line 10) to fail and `cnt` gets a readjustment (line 13). The `if not cd:` check bypassed because `cd` contains one entry.\nObservation 6: The heap is not empty, so line 17 applies to pop and update `ans` by adding 5. Consequently, sets which include line 17 persist to this point.\n\nStep 7: Concluding the loop and printing the answer:\nLoop completion means no elements remain in `cd`, and line 19 prints `ans`, equating to the sum total of time intervals covered given sorted entries.\nObservation 7: Sets including 17 and 19 persist, potentially narrowing down to 3, 5, 6, 7, and 8.\n\nFINAL CODE COVERAGE:\nSet 7: Statements that typically get executed represent a set like 1, 2, 3, 4, 5, 6, 7, 8, 9, 10, 11, 12, 13, 17, 19, 22, which gets most of the exercised paths while maintaining flow without uncaught additions.",
                "response_time": 10.496416807174683,
                "input_tokens": 891,
                "output_tokens": 578
            }
        ],
        "serialized_code": "Line 1: import heapq\nLine 2: n, m = map(int, input().split())\nLine 3: work = [list(map(int, input().split())) for _ in range(n)]\nLine 4: work.sort()\nLine 5: cd = []\nLine 6: heapq.heapify(cd)\nLine 7: cnt = 0\nLine 8: ans = 0\nLine 9: for k in range(m+1):\nLine 10:     for i in range(cnt, n):\nLine 11:         a, b = work[i]\nLine 12:         if a == k:\nLine 13:             heapq.heappush(cd, [-b, a])\nLine 14:         else:\nLine 15:             cnt = i\nLine 16:             break\nLine 17:         if i == n-1:\nLine 18:             cnt = n-1\nLine 19:     if not cd:\nLine 20:         continue\nLine 21:     ans -= heapq.heappop(cd)[0]\nLine 22: print(ans)\n",
        "test_case_id": "1"
    },
    {
        "submission_id": "s144003675",
        "import_statements_removed": [
            "import heapq"
        ],
        "import_statements_removed_libs": [
            "heapq"
        ],
        "number_of_imports_removed": 1,
        "number_of_calls": {
            "heapq": 3
        },
        "lines_affected": {
            "heapq": [
                5,
                12,
                20
            ]
        },
        "focc": [
            "Set 1: Statements 1, 2, 3, 4, 5, 6, 7, 8, 9, 10, 11, 12, 14, 16, 17, 18, 21",
            "Set 2: Statements 1, 2, 3, 4, 5, 6, 7, 8, 9, 10, 11, 12, 14, 16, 17, 18, 20, 21",
            "Set 3: Statements 1, 2, 3, 4, 5, 6, 7, 8, 9, 10, 11, 12, 16, 17, 18, 21",
            "Set 4: Statements 1, 2, 3, 4, 5, 6, 7, 8, 9, 10, 11, 12, 16, 17, 18, 20, 21",
            "Set 5: Statements 1, 2, 3, 4, 5, 6, 7, 8, 9, 10, 11, 12, 14, 16, 18, 21",
            "Set 6: Statements 1, 2, 3, 4, 5, 6, 7, 8, 9, 10, 11, 12, 14, 16, 18, 20, 21",
            "Set 7: Statements 1, 2, 3, 4, 5, 6, 7, 8, 9, 10, 11, 12, 16, 18, 21",
            "Set 8: Statements 1, 2, 3, 4, 5, 6, 7, 8, 9, 10, 11, 12, 16, 18, 20, 21",
            "Set 9: Statements 1, 2, 3, 4, 5, 6, 7, 8, 9, 10, 11, 14, 18, 21",
            "Set 10: Statements 1, 2, 3, 4, 5, 6, 7, 8, 9, 10, 11, 14, 18, 20, 21",
            "Set 11: Statements 1, 2, 3, 4, 5, 6, 7, 8, 9, 18, 21",
            "Set 12: Statements 1, 2, 3, 4, 5, 6, 7, 8, 9, 18, 20, 21"
        ],
        "code": "n, m = map(int, input().split())\nwork = [list(map(int, input().split())) for _ in range(n)]\nwork.sort()\ncd = []\nheapq.heapify(cd)\ncnt = 0\nans = 0\nfor k in range(m+1):\n    for i in range(cnt, n):\n        a, b = work[i]\n        if a == k:\n            heapq.heappush(cd, [-b, a])\n        else:\n            cnt = i\n            break\n        if i == n-1:\n            cnt = n-1\n    if not cd:\n        continue\n    ans -= heapq.heappop(cd)[0]\nprint(ans)",
        "test_cases": [
            {
                "test_case_id": 1,
                "test_case_inputs": "Test Case Input:\n2 3\n1 5\n2 7",
                "crispe_response": "PLAN:\n\nStep 1: Input Processing:\nThe program starts by taking two integers `n` and `m` from input and then reads `n` pairs of integers into the list `work`. The test case provides `n = 2` and `m = 3`, with the pairs (1, 5) and (2, 7). Thus, statements 1 and 2 are executed.\n\nObservation 1: All sets of code coverage are applicable as they all include statements 1 and 2.\n\nStep 2: Sorting the List:\nThe program sorts the `work` list. Since the input is already sorted in this test case, sorting it will not change the order. Regardless, statement 3 will be executed.\n\nObservation 2: All sets of code coverage are still applicable as they include statement 3.\n\nStep 3: Initial Heapification:\nA list `cd` is initialized and heapified, even though it is empty at this point. Statements 4 and 5 are executed.\n\nObservation 3: All sets of code coverage remain applicable as they include statements 4 and 5.\n\nStep 4: Outer Loop Execution:\nThe outer loop runs from `k = 0` to `m = 3`. During this loop, several statements are conditionally executed based on `k` and the elements of `work`.\n\n- **k = 0**: The inner loop checks for elements with `a == k`, but none match, so the loop exits.\n- **k = 1**: The inner loop matches the first element (1, 5) with `a == k`. `cd` is updated, statement 8 and 9 are executed, and the inner loop exits when `i` equals `n-1`.\n- **k = 2**: The inner loop matches the second element (2, 7) with `a == k`. `cd` is updated, statements 8 and 9 are executed again, and exits.\n\nStatement 10 checks if `cd` is empty. For `k = 0`, `cd` is empty, so it will continue, executing statement 12. For `k = 1` and `k = 2`, `cd` contains elements, so statements 16 and 18 execute as elements are popped and `ans` is updated.\n\nObservation 4: Sets 1, 2, 3, 5, 6, 7, 9, 11, 12 are applicable after k = 0, as they allow for the loop to continue when `cd` is empty.\n\nStep 5: Inner Loop Execution and Element Popping:\nAs numerically detailed above, when `cd` is not empty (k = 1 or 2), statements 16 and 18 execute as we pop elements from `cd`.\n\nObservation 5: Sets 1, 2, 5, 6 are applicable as they account for the execution of statements 18 during k cases where `cd` is not empty. Set 3 and 7 are not applicable as statement 18 is crucial for updating `ans` during those iterations.\n\nStep 6: Conclusion:\nAfter finishing all iterations of both loops, the final `ans` is computed and printed through statement 21.\n\nObservation 6: Based on previous observations, we filter down to sets containing statement 21. Among these, set 1 or set 2 are ideal candidates. Since `cd` is not always empty for every `k`, sets that account for condition where `cd` retains elements should considering including Statement 14 is logical, thus pointing to:\n\nFINAL CODE COVERAGE:\n\nSet 1: Statements 1, 2, 3, 4, 5, 6, 7, 8, 9, 10, 11, 12, 14, 16, 17, 18, 21",
                "response_time": 8.280238389968872,
                "input_tokens": 877,
                "output_tokens": 527
            },
            {
                "test_case_id": 2,
                "test_case_inputs": "Test Case Input:\n\n2 2\n1 5\n3 2",
                "crispe_response": "PLAN:\n\nStep 1: Input Processing:\nThe program begins by reading input values which define `n` and `m`. In the given test case, `n = 2` and `m = 2`. The next part of the input specifies `n` pairs of integers, which are stored in the `work` list. Given the test case input:\n```\n1 5\n3 2\n```\nThe `work` list will be `[[1, 5], [3, 2]]`.\nObservation 1: All sets of code coverage include lines 1, 2, and 3 where this input processing occurs.\n\nStep 2: Sorting the Work List:\nThe `work` list is sorted, which does not change its order because it is already sorted with respect to the first element of the sublists: `1` and `3`.\nObservation 2: Lines 4 and 5 are executed, and all sets remain applicable as they cover these lines.\n\nStep 3: Initialize `cd` and `heapq`:\nAn empty list `cd` is created and is converted into a heap with `heapq.heapify(cd)`.\nObservation 3: Line 6 is executed, and line 7 is a comment, so all sets are still applicable as they include these operations. \n\nStep 4: Loop through values of `k` from 0 to `m+1` (i.e., 0, 1, 2):\nThe outer loop begins, iterating for each `k` in the range `0` to `m+1`.\n\n- For `k = 0`:\n  - The inner loop iterates over the `work` list starting from `cnt`.\n  - No elements in `work` have `a == 0`, so the inner loop breaks immediately.\n  - There are no elements in `cd`, so it moves to the next `k`.\nObservation 4: Lines 8, 9, 10, 11, and 12 are executed, and all sets continue to be applicable as they cover this iteration and condition. \n\n- For `k = 1`:\n  - The inner loop iterates, and for the first pair `(1, 5)`, since `a == 1`, it pushes `[-b, a] = [-5, 1]` into the heap `cd`.\n  - The loop breaks after processing the first item since the next element in `work` does not have `a == 1`.\n  - `cnt` is set to `1`.\n  - The heap `cd` is not empty, so `b = -(-5) = 5` is popped from the heap, and `ans` is updated to `5`.\nObservation 5: Lines 8, 10, 11, 12, 14, 16, 17, and 18 are executed. Based on this observation, sets that do not include lines 14, 16, 17, and 18 can be eliminated. The applicable sets after this step are sets 1, 2, 5, and 6.\n\n- For `k = 2`:\n  - The loop iterates. The second pair `(3, 2)` is in the `work` list, but since `a = 3` is not equal to `k = 2`, the loop breaks immediately.\n  - `cnt` is set to `2`.\n  - The heap `cd` is empty again, so it moves to the end of the loop.\nObservation 6: Lines 8, 12, and 20 are possibly executed, though line 20 is actually skipped since `not cd` is checked before the continue statement. Only sets that include 20 marked as not executed remain. This narrows down the applicable sets to 2, 5, 6, and 10.\n\nStep 5: End of Program:\nFinally, the program outputs the value of `ans`, which is `5`.\nObservation 7: Line 21 is executed. \n\nFINAL CODE COVERAGE:\nConsidering all the steps above and the previous observations, the set that best describes the executed lines in this specific test case is set 5:\n\nSet 5: Statements 1, 2, 3, 4, 5, 6, 7, 8, 9, 10, 11, 12, 14, 16, 18, 21.",
                "response_time": 16.423627614974976,
                "input_tokens": 877,
                "output_tokens": 581
            }
        ],
        "serialized_code": "Line 1: n, m = map(int, input().split())\nLine 2: work = [list(map(int, input().split())) for _ in range(n)]\nLine 3: work.sort()\nLine 4: cd = []\nLine 5: heapq.heapify(cd)\nLine 6: cnt = 0\nLine 7: ans = 0\nLine 8: for k in range(m+1):\nLine 9:     for i in range(cnt, n):\nLine 10:         a, b = work[i]\nLine 11:         if a == k:\nLine 12:             heapq.heappush(cd, [-b, a])\nLine 13:         else:\nLine 14:             cnt = i\nLine 15:             break\nLine 16:         if i == n-1:\nLine 17:             cnt = n-1\nLine 18:     if not cd:\nLine 19:         continue\nLine 20:     ans -= heapq.heappop(cd)[0]\nLine 21: print(ans)\n",
        "test_case_id": "2"
    }
]