[
    {
        "submission_id": "s750723837",
        "import_statements_removed": [],
        "import_statements_removed_libs": [],
        "number_of_imports_removed": 0,
        "number_of_calls": {},
        "lines_affected": {},
        "focc": [
            "Set 1: Statements 1, 2, 3, 4, 5, 6, 7, 8, 9, 10, 11, 14",
            "Set 2: Statements 1, 2, 3, 4, 5, 6, 7, 8, 13, 14",
            "Set 3: Statements 1, 2, 3, 4, 5, 6, 7, 14",
            "Set 4: Statements 1, 2, 3, 4, 5, 14"
        ],
        "code": "N, M = map(int, input().split())\ngoal = [0] * (N + 1)\nwrong = [0] * (N + 1)\nans = [0, 0]\nfor i in range(M):\n  p, s =  map(str, input().split())\n  if goal[int(p)] == 0:\n    if s == \"AC\":\n      ans[0] += 1\n      ans[1] += wrong[int(p)]\n      goal[int(p)] = 1\n    else:\n      wrong[int(p)] += 1\nprint(ans[0], ans[1])",
        "test_cases": [
            {
                "test_case_id": 1,
                "test_case_inputs": "Test Case Input:\n5 7\n1 AC\n2 WA\n2 AC\n3 AC\n4 WA\n4 WA\n5 AC",
                "crispe_response": "PLAN:\n\nStep 1: Initial Input Processing:\nThe program begins by taking two space-separated integers, N and M. The test case provides these inputs directly: N = 5 and M = 7. This means that line 1 is executed to process these inputs.\n\nObservation 1: All sets of code coverage are applicable as they all include line 1 for input processing.\n\nStep 2: Initialization of Lists and Variables:\nThe program initializes two lists, `goal` and `wrong`, and the list `ans`. Line 2 is executed for these initializations.\n\nObservation 2: All sets of code coverage remain applicable as they all include line 2 for initialization.\n\nStep 3: Iterating M times:\nThe program iterates over 7 inputs, as specified by the test case. This requires line 3 to be executed, repeatedly.\n\nObservation 3: All sets of code coverage include line 3 for the loop iterating M times, so they remain applicable.\n\nStep 4: First Iteration (Input: \"1 AC\"):\n- The input \"1 AC\" results in `p=1` and `s=\"AC\"`. \n- The condition `goal[int(p)] == 0` (line 5) is satisfied because `goal[1] == 0`. \n- The next condition `if s == \"AC\"` (line 6) is also satisfied.\n- Lines 7, 8, and 9 are executed: `ans[0]` is incremented, `ans[1]` stays the same since `wrong[1]` is 0, and `goal[1]` becomes 1.\n\nObservation 4: Sets that include lines 5, 6, 7, 8, 9 are applicable. Sets 1 and 2 are still candidates. Set 3 is not applicable because it lacks lines 7, 8, and 9.\n\nStep 5: Second Iteration (Input: \"2 WA\"):\n- The input \"2 WA\" results in `p=2` and `s=\"WA\"`.\n- The condition `goal[int(p)] == 0` is satisfied.\n- The condition `if s == \"AC\"` fails, triggering the else block.\n- Line 11 is executed: `wrong[2]` is incremented.\n\nObservation 5: Sets that include lines 5, 10, and 11 are viable. Set 2 remains viable as it includes lines 10 and 11. Set 1 also remains viable.\n\nStep 6: Third Iteration (Input: \"2 AC\"):\n- The input \"2 AC\" results in `p=2` and `s=\"AC\"`.\n- The condition `goal[int(p)] == 0` holds as `goal[2] == 0`.\n- Line 6 (if `s == \"AC\"`) is satisfied.\n- Lines 7, 8, and 9 are executed: `ans[0]` is incremented, `ans[1]` is increased by `wrong[2]` (which is 1), and `goal[2]` is set to 1.\n\nObservation 6: Sets with lines 5, 6, 7, 8, 9 continue to be applicable. Set 2 is not eliminated; both Sets 1 and 2 still hold.\n\nStep 7: Fourth Iteration (Input: \"3 AC\"):\n- The input \"3 AC\" results in `p=3` and `s=\"AC\"`.\n- The condition `goal[int(p)] == 0` holds.\n- The condition `if s == \"AC\"` is satisfied.\n- Lines 7, 8, and 9 are executed: `ans[0]` is incremented, `ans[1]` stays the same since `wrong[3]` is 0, and `goal[3]` is set to 1.\n\nObservation 7: Both remaining sets still satisfy all conditions outlined earlier. Sets 1 and 2 continue to be applicable.\n\nStep 8: Fifth Iteration (Input: \"4 WA\"):\n- The input \"4 WA\" results in `p=4` and `s=\"WA\"`.\n- The condition `goal[int(p)] == 0` holds.\n- The condition `if s == \"AC\"` fails, so the else block executes.\n- Line 11 is executed: `wrong[4]` is incremented. \n\nObservation 8: Sets need to include lines 5, 10, and 11; sets 1 and 2 are still applicable.\n\nStep 9: Sixth Iteration (Input: \"4 WA\"):\n- Similar to the fifth iteration, `goal[4] == 0` and `s=\"WA\"` so line 11 is executed. `wrong[4]` is further incremented.\n\nObservation 9: Sets 1 and 2 remain applicable as they cover all relevant lines.\n\nStep 10: Seventh Iteration (Input: \"5 AC\"):\n- The input \"5 AC\" results in `p=5` and `s=\"AC\"`.\n- The condition `goal[int(p)] == 0` holds.\n- The condition `if s == \"AC\"` is satisfied.\n- Lines 7, 8, and 9 are executed: `ans[0]` is incremented, `ans[1]` stays the same since `wrong[5]` is 0, and `goal[5]` is set to 1. \n\nObservation 10: Only sets that accounted for the scenarios addressed in this iteration remain. Set 2 is still applicable, given it includes lines leading up to printing the final answer after the loop's completion.\n\nStep 11: Completion and Printing:\nAfter all iterations, the result is printed using line 14.\n \nObservation 11: Set 2 is applicable as it incorporates the necessary logic path and captures all executed lines.\n\nFINAL CODE COVERAGE:\nSet 2: Statements 1, 2, 3, 4, 5, 6, 7, 8, 13, 14",
                "response_time": 13.153924226760864,
                "input_tokens": 714,
                "output_tokens": 731
            },
            {
                "test_case_id": 2,
                "test_case_inputs": "Test Case Input:\n1 3\n1 WA\n1 AC\n1 WA",
                "crispe_response": "PLAN:\n\n**Step 1: Input Initialization:**\n- The program begins by taking an input line which gets split into two integers, N and M. In this test case, the input \"1 3\" translates to N = 1 and M = 3.\n- Given the subsequent logic of the program, lines 1 and 2 are executed to initialize both `goal` and `wrong` lists.\n- **Observation 1:** All possible sets of code coverage include lines 1 and 2.\n\n**Step 2: Loop Initialization:**\n- The program then enters a loop that iterates M times. In this test case, M is 3, so the loop will iterate three times.\n- Lines 3 and 4 are executed to handle the loop structure and process each input pair.\n- **Observation 2:** All possible sets of code coverage include lines 3 and 4, so they all remain applicable.\n\n**Step 3: First Iteration with input \"1 WA\":**\n- For the first pair (1, \"WA\"), the line 5 condition checks if `goal[1]` is 0, which is true initially.\n- The line 6 condition checks if `s` equals \"AC\". Since it does not, line 11 is executed, incrementing `wrong[1]`.\n- **Observation 3:** All possible sets except Set 4 include lines 5, 6, and 11, so Set 4 is eliminated at this stage.\n\n**Step 4: Second Iteration with input \"1 AC\":**\n- For the second pair (1, \"AC\"), line 5 again checks if `goal[1]` is 0, which is still true.\n- This time, line 6 satisfies the condition (s == \"AC\"), and lines 7, 8, 9, and 10 are executed accordingly: `ans[0]` is incremented; `ans[1]` is incremented by the current value of `wrong[1]`, and `goal[1]` is set to 1.\n- **Observation 4:** All remaining applicable sets (Set 1, 2, and 3) include lines 7, 8, 9, and 10, so they still remain valid.\n\n**Step 5: Third Iteration with input \"1 WA\":**\n- For the third pair (1, \"WA\"), line 5 checks if `goal[1]` is 0, which is now false as it was set to 1 in the second iteration.\n- As the condition is not met, none of the inner conditions from lines 6 to 11 will execute, meaning the loop simply ends and skips to line 14.\n- **Observation 5:** Sets that accounted for skipping operations due to already achieved goal (Set 1 and Set 3) remain, eliminating Set 2 which involved line 13. \n\n**Step 6: End of Program:**\n- Line 14 prints the result stored in `ans`, denoting the number of problems solved and the total penalties.\n- **Observation 6:** Sets 1 and 3 include line 14.\n\n**FINAL CODE COVERAGE:**\nSet 3: Lines 1, 2, 3, 4, 5, 6, 7, 14",
                "response_time": 11.371913433074951,
                "input_tokens": 706,
                "output_tokens": 441
            }
        ],
        "serialized_code": "Line 1: N, M = map(int, input().split())\nLine 2: goal = [0] * (N + 1)\nLine 3: wrong = [0] * (N + 1)\nLine 4: ans = [0, 0]\nLine 5: for i in range(M):\nLine 6:   p, s =  map(str, input().split())\nLine 7:   if goal[int(p)] == 0:\nLine 8:     if s == \"AC\":\nLine 9:       ans[0] += 1\nLine 10:       ans[1] += wrong[int(p)]\nLine 11:       goal[int(p)] = 1\nLine 12:     else:\nLine 13:       wrong[int(p)] += 1\nLine 14: print(ans[0], ans[1])\n",
        "test_case_id": "1"
    }
]