[
    {
        "submission_id": "s012758227",
        "import_statements_removed": [],
        "import_statements_removed_libs": [],
        "number_of_imports_removed": 0,
        "number_of_calls": {},
        "lines_affected": {},
        "focc": [
            "Set 1: Statements 1, 2, 3, 4, 5, 6, 7, 8, 9, 10, 11, 13, 16, 17, 18",
            "Set 2: Statements 1, 2, 3, 4, 5, 6, 7, 8, 9, 10, 11, 13, 16, 17, 20",
            "Set 3: Statements 1, 2, 3, 4, 5, 6, 7, 8, 9, 10, 11, 16, 17, 18",
            "Set 4: Statements 1, 2, 3, 4, 5, 6, 7, 8, 9, 10, 11, 16, 17, 20",
            "Set 5: Statements 1, 2, 3, 4, 5, 6, 7, 8, 11, 13, 16, 17, 18",
            "Set 6: Statements 1, 2, 3, 4, 5, 6, 7, 8, 11, 13, 16, 17, 20",
            "Set 7: Statements 1, 2, 3, 4, 5, 6, 7, 8, 11, 16, 17, 18",
            "Set 8: Statements 1, 2, 3, 4, 5, 6, 7, 8, 11, 16, 17, 20"
        ],
        "code": "from sys import stdin,exit\nimport  numpy\nimport  numpy as np\nA = [stdin.readline().rstrip().split() for _ in range(3)]\nA=sum(A,[])\nn = int(stdin.readline().rstrip())\nB= [stdin.readline().rstrip().split() for _ in range(n)]\nB=sum(B,[])\nif len(B)<=2:\n    print(\"No\")\n    sys.exit()\nfor i in range(len(B)):\n    try:\n        A[A.index(B[i])]=0\n    except:\n        continue\nA=[int(i) for i in A]\nif A[1]+A[2]+A[0]==0 or A[0]+A[3]+A[6]==0 or A[2]+A[4]+A[6]==0 or A[3]+A[4]+A[5]==0 or A[1]+A[4]+A[7]==0 or A[0]+A[4]+A[8]==0 or A[6]+A[7]+A[8]==0 or A[2]+A[5]+A[8]==0:\n    print(\"Yes\")\nelse:\n    print(\"No\")",
        "test_cases": [
            {
                "test_case_id": 1,
                "test_case_inputs": "Test Case Input:\n1 2 3\n4 5 6\n7 8 9\n3\n1 2 3\n4 5 6\n7 8 9",
                "crispe_response": "To determine which set of statements is covered by the given test case, we need to analyze the program and test case step by step, eliminating non-applicable sets of code coverage.\n\n### GIVEN TEST CASE:\n\nInput:\n```\n1 2 3\n4 5 6\n7 8 9\n3\n1 2 3\n4 5 6\n7 8 9\n```\n\n### PLAN:\n\n**Step 1: Input Processing**\n\nThe program reads multiple lines of input to populate list `A` with the first 3 lines and list `B` with the next `n` lines, where `n` is the integer from the fourth line of input. The input provides:\n\n- `A = ['1', '2', '3', '4', '5', '6', '7', '8', '9']`\n- `n = 3`\n- `B = ['1', '2', '3', '4', '5', '6', '7', '8', '9']`\n\n**Observation 1:**\n- Lines 1 to 8 are executed to read and process the input.\n- All code coverage sets are applicable at this stage since they include lines 1 to 8.\n\n**Step 2: Length Check for List B**\n\nThe program checks if the length of `B` is less than or equal to 2 (line 9). Since `B` has length 9, this condition is false, and the program does not execute the block that prints \"No\" and exits.\n\n**Observation 2:**\n- Sets that execute line 10 are eliminated because the condition `len(B) <= 2` is false.\n- Applicable sets now are: 1, 2, 3, 4, 5, 6, 7, 8.\n\n**Step 3: Processing Each Element in B**\n\nThe program loops over each element in `B` (line 11) and attempts to replace the corresponding element in `A` with 0.\n\nEvery element of `B` matches an element in `A`, so no `ValueError` is raised. Line 13 is never executed because there's always a match for each element of `B` in `A`.\n\nThe final transformation of `A` becomes `[0, 0, 0, 0, 0, 0, 0, 0, 0]`.\n\n**Observation 3:**\n- Sets that include line 13 (the except block) are eliminated since there are no elements in `B` that are not in `A`.\n- Applicable sets are: 3, 4, 7, 8.\n\n**Step 4: Checking for Zero Sums**\n\nThe program checks various combinations of indices for zero sums on line 16. In this case, since `A` has been transformed to all zeros, the condition is true for all combinations.\n\n- The program prints \"Yes\" on line 18 because one or more zero sums are found.\n\n**Observation 4:**\n- Sets that include the else block on line 20 (printing \"No\") are eliminated because the condition in line 16 is true.\n- Applicable sets are: 3 and 7.\n\n**Step 5: Final Code Coverage**\n\nConsidering all observations and reasoning, the final set of code coverage is most accurately described by a set that includes the transformations and the successful condition check, along with the lack of exceptions:\n\n- **FINAL CODE COVERAGE:**\n  Set 3: Statements 1, 2, 3, 4, 5, 6, 7, 8, 9, 10, 11, 16, 17, 18",
                "response_time": 11.609646081924438,
                "input_tokens": 806,
                "output_tokens": 488
            },
            {
                "test_case_id": 2,
                "test_case_inputs": "Test Case Input:\n1 2 3\n4 5 6\n7 8 9\n3\n1 2 3\n4 5 6\n7 8 9",
                "crispe_response": "PLAN:\n\nStep 1: Import Statements and Reading Input\n- The program begins by importing necessary modules and reading input. The input consists of a predefined 3x3 grid (A) followed by several lines populating a list (B). \n- For the given test case, first three lines `1 2 3`, `4 5 6`, `7 8 9` form list A. The fourth line is `3`, representing n, the number of lines for B. The following three lines will form list B: `1 2 3`, `4 5 6`, and `7 8 9`.\n- A and B are flattened into single lists: A = [1, 2, 3, 4, 5, 6, 7, 8, 9] and B = [1, 2, 3, 4, 5, 6, 7, 8, 9].\nObservation 1: All sets are applicable as they all include execution up to reading and initializing of A and B.\n\nStep 2: Length Check for List B\n- The program checks the length of B. If less than or equal to 2, it prints \"No\" and exits. Here, len(B) = 9, so the program continues.\nObservation 2: Sets 1, 2, 3, 4, 5, 6, 7, and 8 are applicable as they all include execution up to this point.\n\nStep 3: Replace Elements in A with 0\n- For each element in B, it tries to find and replace that element in A with 0. Since B contains all numbers from A, each element of A will be replaced with 0.\n- After looping, A becomes [0, 0, 0, 0, 0, 0, 0, 0, 0].\nObservation 3: Sets 1, 2, 3, and 4 are applicable, as they include the try-except block and replacement condition.\n\nStep 4: Check Sums for Specific Conditions\n- The program checks if any of the predefined sums of elements in A equal zero. Here, because all elements in A are zeros, it will find a sum equal to zero and print \"Yes\".\nObservation 4: Sets that print \"Yes\" from step 3's observation are applicable. In code, this is represented by statement 18, which is included in Sets 1 and 3.\n\nStep 5: Analyze and Finalize Coverage\n- Since a sum condition of zero is met, it should print \"Yes\".\n- None of the code sets need an additional \"No\" check which is analyzed but was skipped due to earlier \"Yes.\"\nObservation 5: Sets 1 and 3 are remaining contenders, but Set 3 doesn't include statement 13 (the try-except branch), so Set 1 is more accurate.\n\nFINAL CODE COVERAGE:\nSet 1: Statements 1, 2, 3, 4, 5, 6, 7, 8, 9, 10, 11, 13, 16, 17, 18",
                "response_time": 7.722490549087524,
                "input_tokens": 806,
                "output_tokens": 429
            }
        ],
        "serialized_code": "Line 1: from sys import stdin,exit\nLine 2: import  numpy\nLine 3: import  numpy as np\nLine 4: A = [stdin.readline().rstrip().split() for _ in range(3)]\nLine 5: A=sum(A,[])\nLine 6: n = int(stdin.readline().rstrip())\nLine 7: B= [stdin.readline().rstrip().split() for _ in range(n)]\nLine 8: B=sum(B,[])\nLine 9: if len(B)<=2:\nLine 10:     print(\"No\")\nLine 11:     sys.exit()\nLine 12: for i in range(len(B)):\nLine 13:     try:\nLine 14:         A[A.index(B[i])]=0\nLine 15:     except:\nLine 16:         continue\nLine 17: A=[int(i) for i in A]\nLine 18: if A[1]+A[2]+A[0]==0 or A[0]+A[3]+A[6]==0 or A[2]+A[4]+A[6]==0 or A[3]+A[4]+A[5]==0 or A[1]+A[4]+A[7]==0 or A[0]+A[4]+A[8]==0 or A[6]+A[7]+A[8]==0 or A[2]+A[5]+A[8]==0:\nLine 19:     print(\"Yes\")\nLine 20: else:\nLine 21:     print(\"No\")\n",
        "test_case_id": "1"
    },
    {
        "submission_id": "s012758227",
        "import_statements_removed": [
            "from sys import stdin,exit"
        ],
        "import_statements_removed_libs": [
            "sys"
        ],
        "number_of_imports_removed": 1,
        "number_of_calls": {
            "sys": 1
        },
        "lines_affected": {
            "sys": [
                10
            ]
        },
        "focc": [
            "Set 1: Statements 1, 2, 3, 4, 5, 6, 7, 8, 9, 10, 12, 15, 16, 17",
            "Set 2: Statements 1, 2, 3, 4, 5, 6, 7, 8, 9, 10, 12, 15, 16, 19",
            "Set 3: Statements 1, 2, 3, 4, 5, 6, 7, 8, 9, 10, 15, 16, 17",
            "Set 4: Statements 1, 2, 3, 4, 5, 6, 7, 8, 9, 10, 15, 16, 19",
            "Set 5: Statements 1, 2, 3, 4, 5, 6, 7, 10, 12, 15, 16, 17",
            "Set 6: Statements 1, 2, 3, 4, 5, 6, 7, 10, 12, 15, 16, 19",
            "Set 7: Statements 1, 2, 3, 4, 5, 6, 7, 10, 15, 16, 17",
            "Set 8: Statements 1, 2, 3, 4, 5, 6, 7, 10, 15, 16, 19"
        ],
        "code": "import  numpy\nimport  numpy as np\nA = [stdin.readline().rstrip().split() for _ in range(3)]\nA=sum(A,[])\nn = int(stdin.readline().rstrip())\nB= [stdin.readline().rstrip().split() for _ in range(n)]\nB=sum(B,[])\nif len(B)<=2:\n    print(\"No\")\n    sys.exit()\nfor i in range(len(B)):\n    try:\n        A[A.index(B[i])]=0\n    except:\n        continue\nA=[int(i) for i in A]\nif A[1]+A[2]+A[0]==0 or A[0]+A[3]+A[6]==0 or A[2]+A[4]+A[6]==0 or A[3]+A[4]+A[5]==0 or A[1]+A[4]+A[7]==0 or A[0]+A[4]+A[8]==0 or A[6]+A[7]+A[8]==0 or A[2]+A[5]+A[8]==0:\n    print(\"Yes\")\nelse:\n    print(\"No\")",
        "test_cases": [
            {
                "test_case_id": 1,
                "test_case_inputs": "Test Case Input:\n1 2 3\n4 5 6\n7 8 9\n3\n1 2 3\n4 5 6\n7 8 9",
                "crispe_response": "PLAN:\n\nStep 1: Input Processing:\nThe program begins by reading three lines of input, each containing a series of numbers. Then, it reads additional lines based on another input value `n`. The test case provides the following input lines:\n```\n1 2 3\n4 5 6\n7 8 9\n3\n1 2 3\n4 5 6\n7 8 9\n```\nThis means lines 3, 4, and 5 are executed to gather initial input into `A`, and line 6 determines `n`. Subsequently, lines 7 and 8 execute to read additional inputs into `B`.\nObservation 1: All sets of code coverage include lines 1-6 and either lines 7-9 or 10. Thus, all are applicable at this point.\n\nStep 2: Condition Check on `B` Length:\nAfter reading `B`, the program checks if `len(B) <= 2`. In this test case, `B` has plenty of elements (9 in total), so this condition does not hold, and we do not execute the block containing `print(\"No\")` and `sys.exit()`.\nObservation 2: Sets including line 12 are eliminated, narrowing it down to sets 3, 4, 7, and 8.\n\nStep 3: Try-Except Block:\nThe program iterates over each element of `B`, attempting to replace elements in `A` with 0 if they exist in `B`. Given the inputs given, all elements of `B` are in `A`, so the `try` block executes successfully each time without triggering the `except`.\nObservation 3: All remaining sets of code coverage remain possible, as none are eliminated based on this part alone.\n\nStep 4: Integer Conversion and Sum Checks:\n`A` is converted to integers after all alterations, and the program goes through several conditions to check sums of specific element combinations in `A`. \nFor this test case, after all replacements with 0, `A` becomes `[0, 0, 0, 0, 5, 6, 7, 8, 9]`. The sum of the first three elements (`A[0], A[1], A[2]`) is indeed 0.\nTherefore, line 15 `print(\"Yes\")` is executed.\nObservation 4: Sets including line 19, which prints \"No,\" are eliminated, leaving sets 3 and 7.\n\nStep 5: Final Code Coverage Decision:\nWith all observations laid out, set 3 does not include line 12 and includes line 17 which is indicative of potentially unused or redundant code. Set 7 provides more precise coverage of executed lines consistent with our findings.\n\nFINAL CODE COVERAGE:\nSet 7: Statements 1, 2, 3, 4, 5, 6, 7, 10, 15, 16, 17",
                "response_time": 9.368097066879272,
                "input_tokens": 794,
                "output_tokens": 393
            },
            {
                "test_case_id": 2,
                "test_case_inputs": "Test Case Input:\n1 2 3\n4 5 6\n7 8 9\n3\n1 2 3\n4 5 6\n7 8 9",
                "crispe_response": "To determine the correct set of code coverage for the given program and test case, let's perform a step-by-step analysis:\n\n### PLAN:\n\n#### Step 1: Import Statements and Input Processing\n- The program begins with importing the `numpy` library. Given the test case, there is no input error at this stage, so lines 1 and 2 are executed.\n- Input for `A` is handled by reading three lines of integers, each line being split into individual elements. In this test case, we have:\n  ```\n  1 2 3\n  4 5 6\n  7 8 9\n  ```\n  The input for `n` is read as 3.\n- Next, `B` reads `n` lines. Since `n` is 3, it reads three lines:\n  ```\n  1 2 3\n  4 5 6\n  7 8 9\n  ```\n\n**Observation 1:** All code sets include lines for importing and processing these inputs: 1, 2, 3, 4, 5, 6, 7 (handling of both `A` and `B`).\n\n#### Step 2: Checking Length of B\n- The program checks if the length of `B` (9 in this case) is less than or equal to 2. If true, it prints \"No\" and exits. However, since the length is greater than 2, we do not execute the print or exit statements.\n  \n**Observation 2:** Eliminates sets containing line 12, leaving sets that include lines 10 and continue beyond it.\n\n#### Step 3: Attempting to Replace Elements in A\n- The code iterates over `B`, trying to set corresponding values in `A` to 0 if they match elements in `B`.\n- `A` originally is `[1, 2, 3, 4, 5, 6, 7, 8, 9]`, and as each element of `B` is found in `A`, it replaces the element with 0. After this loop, `A` becomes `[0, 0, 0, 0, 0, 0, 0, 0, 0]`.\n  \n**Observation 3:** This step involves lines 10 and 15. Sets that do not cover both lines are inapplicable.\n\n#### Step 4: Sum Checks\n- The program checks if any combination of three numbers in positions specified by given indices in `A` equals zero. After replacements in `A`, the check evaluates to true since all sums can be made up of zeros.\n  \n**Observation 4:** Since we find a sum that equals zero, line 16 is executed, resulting in \"Yes\" being printed, and skipping line 19.\n\n#### Step 5: Final Viable Sets\n- From observations, the viable sets should include the logic that replaced values in `A`, checked their sums, and printed \"Yes\" (ending at line 16).\n\n### Final Code Coverage Conclusion:\n- **Set 1**: Statements 1, 2, 3, 4, 5, 6, 7, 8, 9, 10, 12, 15, 16, 17 is incompatible due to including line 12.\n- **Set 3**: Statements 1, 2, 3, 4, 5, 6, 7, 8, 9, 10, 15, 16, 17 covers all logic up to printing \"Yes.\"\n\nThus, the final correct code coverage is **Set 3**: Statements 1, 2, 3, 4, 5, 6, 7, 8, 9, 10, 15, 16, 17.",
                "response_time": 28.465043306350708,
                "input_tokens": 794,
                "output_tokens": 486
            }
        ],
        "serialized_code": "Line 1: import  numpy\nLine 2: import  numpy as np\nLine 3: A = [stdin.readline().rstrip().split() for _ in range(3)]\nLine 4: A=sum(A,[])\nLine 5: n = int(stdin.readline().rstrip())\nLine 6: B= [stdin.readline().rstrip().split() for _ in range(n)]\nLine 7: B=sum(B,[])\nLine 8: if len(B)<=2:\nLine 9:     print(\"No\")\nLine 10:     sys.exit()\nLine 11: for i in range(len(B)):\nLine 12:     try:\nLine 13:         A[A.index(B[i])]=0\nLine 14:     except:\nLine 15:         continue\nLine 16: A=[int(i) for i in A]\nLine 17: if A[1]+A[2]+A[0]==0 or A[0]+A[3]+A[6]==0 or A[2]+A[4]+A[6]==0 or A[3]+A[4]+A[5]==0 or A[1]+A[4]+A[7]==0 or A[0]+A[4]+A[8]==0 or A[6]+A[7]+A[8]==0 or A[2]+A[5]+A[8]==0:\nLine 18:     print(\"Yes\")\nLine 19: else:\nLine 20:     print(\"No\")\n",
        "test_case_id": "2"
    },
    {
        "submission_id": "s012758227",
        "import_statements_removed": [
            "import  numpy"
        ],
        "import_statements_removed_libs": [
            "numpy"
        ],
        "number_of_imports_removed": 1,
        "number_of_calls": {
            "numpy": 1
        },
        "lines_affected": {
            "numpy": [
                2
            ]
        },
        "focc": [
            "Set 1: Statements 1, 2, 3, 4, 5, 6, 7, 8, 9, 10, 11, 13, 16, 17, 18",
            "Set 2: Statements 1, 2, 3, 4, 5, 6, 7, 8, 9, 10, 11, 13, 16, 17, 20",
            "Set 3: Statements 1, 2, 3, 4, 5, 6, 7, 8, 9, 10, 11, 16, 17, 18",
            "Set 4: Statements 1, 2, 3, 4, 5, 6, 7, 8, 9, 10, 11, 16, 17, 20",
            "Set 5: Statements 1, 2, 3, 4, 5, 6, 7, 8, 11, 13, 16, 17, 18",
            "Set 6: Statements 1, 2, 3, 4, 5, 6, 7, 8, 11, 13, 16, 17, 20",
            "Set 7: Statements 1, 2, 3, 4, 5, 6, 7, 8, 11, 16, 17, 18",
            "Set 8: Statements 1, 2, 3, 4, 5, 6, 7, 8, 11, 16, 17, 20"
        ],
        "code": "from sys import stdin,exit\nimport  numpy as np\nA = [stdin.readline().rstrip().split() for _ in range(3)]\nA=sum(A,[])\nn = int(stdin.readline().rstrip())\nB= [stdin.readline().rstrip().split() for _ in range(n)]\nB=sum(B,[])\nif len(B)<=2:\n    print(\"No\")\n    sys.exit()\nfor i in range(len(B)):\n    try:\n        A[A.index(B[i])]=0\n    except:\n        continue\nA=[int(i) for i in A]\nif A[1]+A[2]+A[0]==0 or A[0]+A[3]+A[6]==0 or A[2]+A[4]+A[6]==0 or A[3]+A[4]+A[5]==0 or A[1]+A[4]+A[7]==0 or A[0]+A[4]+A[8]==0 or A[6]+A[7]+A[8]==0 or A[2]+A[5]+A[8]==0:\n    print(\"Yes\")\nelse:\n    print(\"No\")",
        "test_cases": [
            {
                "test_case_id": 1,
                "test_case_inputs": "Test Case Input:\n1 2 3\n4 5 6\n7 8 9\n3\n1 2 3\n4 5 6\n7 8 9",
                "crispe_response": "PLAN:\n\nStep 1: Import and Input Initialization:\nThe program begins with importing modules and reading input. The first three lines of input form list A, which will be reshaped into a one-dimensional list. The variable n is then read from input, and B is formed based on n lines.\nObservation 1: All sets of code coverage are applicable as they all include statements 1, 2, 3, 4, 5, 6, and 7, which handle this setup.\n\nStep 2: Transform Input Lists:\nThe lists A and B are flattened to one-dimensional lists at this point.\nObservation 2: All sets remain possible as they all account for these initial lines and transformations (statements 1 to 8).\n\nStep 3: Check Length of List B:\nThe program checks if the length of B is less than or equal to 2. If so, it prints \"No\" and exits.\nObservation 3: In this test case, the length of B is greater than 2 (length is 9), so this condition is not met, and the program does not exit here (statement 11 is executed but not triggering exit).\n\nStep 4: Iterate through List B:\nThe program iterates over each element in B, attempting to replace the corresponding value in A with 0, ignoring elements that do not exist in A due to using a try-except block.\nObservation 4: All sets include statements 11 and continue through the loop logic in statements 13 and onward, so all are initially applicable here.\n\nStep 5: Validate all Zero Conditions:\nOnce modifications are made to A, the program checks multiple conditions to see if certain sets of three elements sum to zero. Given the test case values, the condition A[0] + A[4] + A[8] == 0 is satisfied (as all are zero), leading to the printing of \"Yes.\"\nObservation 5: All applicable paths include statement 16, but only those leading to statement 18 where it prints \"Yes\" are valid, which corresponds to sets that conclude with statement 18.\n\nStep 6: Final Evaluation:\nUnderstanding that statement 18 is reached when the sum condition is met, we eliminate paths not concluding with it because the test case does not fall back to printing \"No\" at statement 20.\nObservation 6: Eliminating sets with statement 20 narrows applicable sets to those concluding with statement 18.\n\nFINAL CODE COVERAGE:\nSet 1: Statements 1, 2, 3, 4, 5, 6, 7, 8, 9, 10, 11, 13, 16, 17, 18. This set fully encompasses the execution path leading to the output \"Yes\" aligned with the conditions provided in the test case.",
                "response_time": 7.267053842544556,
                "input_tokens": 804,
                "output_tokens": 421
            },
            {
                "test_case_id": 2,
                "test_case_inputs": "Test Case Input:\n1 2 3\n4 5 6\n7 8 9\n3\n1 2 3\n4 5 6\n7 8 9",
                "crispe_response": "PLAN:\n\n**Step 1: Input Processing**\n- The program reads a 3x3 matrix from standard input and concatenates this into a single list, `A`, using lines 1 to 3.\n- Then it reads an integer `n` (line 4) followed by entering another list `B` with `n` entries from standard input, using lines 5 to 7.\n- Given the test case, the matrix `A` becomes `[1, 2, 3, 4, 5, 6, 7, 8, 9]` and `n` is 3 with B also being `[1, 2, 3, 4, 5, 6, 7, 8, 9]`.\n\n**Observation 1**: All sets are applicable so far, as they all encompass lines 1 to 7.\n\n**Step 2: Checking Length of B**\n- The if condition on line 8 checks if the length of `B` is less than or equal to 2. If true, the program prints \"No\" and exits.\n- Given `B`'s length in the test case is 9, this condition is not met and the program continues.\n\n**Observation 2**: All sets remain applicable since all encompass lines 8 and 9.\n\n**Step 3: Processing Elements of B**\n- The loop (line 10) iterates over each element in `B`. For each element, the program attempts to replace the corresponding element in `A` with 0.\n- Given all elements of `B` are in `A`, every element of `A` is successfully replaced by 0.\n\n**Observation 3**: All sets cover these operations, including lines 10, 11, 13.\n\n**Step 4: Checking Conditions on List A**\n- After processing `B`, `A` becomes `[0, 0, 0, 0, 0, 0, 0, 0, 0]`.\n- The condition in line 16 checks various sums of three elements in `A` to see if any of them equals zero.\n- Since all elements of `A` are 0, the first qualifying check is `A[1] + A[2] + A[0] == 0`, which is true, making it print \"Yes\" (line 17).\n\n**Observation 4**: Considering the conditions evaluated to true, sets that include line 17 are possible candidates (sets 1, 3, 5, and 7).\n\n**Step 5: Final Computation and Output**\n- Since the program outputs \"Yes\" after the check from line 16, we focus on sets that contain the true branch including subsequent printing (line 17).\n\n**Final Observation**:\n- Considering all observations and the operations that occur, the correct set of code coverage must include the execution path where a successful condition evaluates and prints \"Yes\". This narrows down to sets that contain line 17 and not line 20 which is associated with printing \"No\".\n\n**FINAL CODE COVERAGE:**\nSet 1: Statements 1, 2, 3, 4, 5, 6, 7, 8, 9, 10, 11, 13, 16, 17, 18",
                "response_time": 10.696407556533813,
                "input_tokens": 804,
                "output_tokens": 430
            }
        ],
        "serialized_code": "Line 1: from sys import stdin,exit\nLine 2: import  numpy as np\nLine 3: A = [stdin.readline().rstrip().split() for _ in range(3)]\nLine 4: A=sum(A,[])\nLine 5: n = int(stdin.readline().rstrip())\nLine 6: B= [stdin.readline().rstrip().split() for _ in range(n)]\nLine 7: B=sum(B,[])\nLine 8: if len(B)<=2:\nLine 9:     print(\"No\")\nLine 10:     sys.exit()\nLine 11: for i in range(len(B)):\nLine 12:     try:\nLine 13:         A[A.index(B[i])]=0\nLine 14:     except:\nLine 15:         continue\nLine 16: A=[int(i) for i in A]\nLine 17: if A[1]+A[2]+A[0]==0 or A[0]+A[3]+A[6]==0 or A[2]+A[4]+A[6]==0 or A[3]+A[4]+A[5]==0 or A[1]+A[4]+A[7]==0 or A[0]+A[4]+A[8]==0 or A[6]+A[7]+A[8]==0 or A[2]+A[5]+A[8]==0:\nLine 18:     print(\"Yes\")\nLine 19: else:\nLine 20:     print(\"No\")\n",
        "test_case_id": "3"
    },
    {
        "submission_id": "s012758227",
        "import_statements_removed": [
            "from sys import stdin,exit",
            "import  numpy"
        ],
        "import_statements_removed_libs": [
            "sys",
            "numpy"
        ],
        "number_of_imports_removed": 2,
        "number_of_calls": {
            "sys": 1,
            "numpy": 1
        },
        "lines_affected": {
            "sys": [
                9
            ],
            "numpy": [
                1
            ]
        },
        "focc": [
            "Set 1: Statements 1, 2, 3, 4, 5, 6, 7, 8, 9, 10, 12, 15, 16, 17",
            "Set 2: Statements 1, 2, 3, 4, 5, 6, 7, 8, 9, 10, 12, 15, 16, 19",
            "Set 3: Statements 1, 2, 3, 4, 5, 6, 7, 8, 9, 10, 15, 16, 17",
            "Set 4: Statements 1, 2, 3, 4, 5, 6, 7, 8, 9, 10, 15, 16, 19",
            "Set 5: Statements 1, 2, 3, 4, 5, 6, 7, 10, 12, 15, 16, 17",
            "Set 6: Statements 1, 2, 3, 4, 5, 6, 7, 10, 12, 15, 16, 19",
            "Set 7: Statements 1, 2, 3, 4, 5, 6, 7, 10, 15, 16, 17",
            "Set 8: Statements 1, 2, 3, 4, 5, 6, 7, 10, 15, 16, 19"
        ],
        "code": "import  numpy as np\nA = [stdin.readline().rstrip().split() for _ in range(3)]\nA=sum(A,[])\nn = int(stdin.readline().rstrip())\nB= [stdin.readline().rstrip().split() for _ in range(n)]\nB=sum(B,[])\nif len(B)<=2:\n    print(\"No\")\n    sys.exit()\nfor i in range(len(B)):\n    try:\n        A[A.index(B[i])]=0\n    except:\n        continue\nA=[int(i) for i in A]\nif A[1]+A[2]+A[0]==0 or A[0]+A[3]+A[6]==0 or A[2]+A[4]+A[6]==0 or A[3]+A[4]+A[5]==0 or A[1]+A[4]+A[7]==0 or A[0]+A[4]+A[8]==0 or A[6]+A[7]+A[8]==0 or A[2]+A[5]+A[8]==0:\n    print(\"Yes\")\nelse:\n    print(\"No\")",
        "test_cases": [
            {
                "test_case_id": 1,
                "test_case_inputs": "Test Case Input:\n1 2 3\n4 5 6\n7 8 9\n3\n1 2 3\n4 5 6\n7 8 9",
                "crispe_response": "To determine the set of code coverage based on the given test case, let's go through a step-by-step reasoning process.\n\n### PLAN:\n\n**Step 1: Initialization and Input Processing:**\n\n- The program begins by reading 3 lines of input using `stdin.readline()`, each containing numbers separated by spaces. These lines are split and stored in the list `A`. \n- `A` is then flattened into a single list containing all numbers. Given the test input:\n  ```\n  1 2 3\n  4 5 6\n  7 8 9\n  ```\n  `A` becomes `['1', '2', '3', '4', '5', '6', '7', '8', '9']`.\n- This corresponds to the execution of statements 1, 2, and 3.\n\n**Observation 1:** All sets of code coverage include statements 1, 2, and 3, so they remain applicable.\n\n**Step 2: Reading Additional Input:**\n\n- The program reads an integer `n` from the input, which specifies the number of subsequent lines to read. In this case, `n = 3`.\n- Then, `n` lines are read and stored similarly in list `B`, which is also flattened. For the given input:\n  ```\n  1 2 3\n  4 5 6\n  7 8 9\n  ```\n  `B` becomes `['1', '2', '3', '4', '5', '6', '7', '8', '9']`.\n- This corresponds to statements 4, 5, and 6.\n\n**Observation 2:** All sets maintain applicability as they all include statements 4, 5, and 6.\n\n**Step 3: Check Length of `B`:**\n\n- The program checks if the length of `B` is less than or equal to 2. In our case, `len(B) = 9`, so the condition is false, and the program continues instead of terminating with \"No\".\n- This means statement 7 is executed, but statement 8 is not.\n\n**Observation 3:** Sets 1, 2, 3, 4, 5, 6, 7, and 8 remain viable because they include statement 7.\n\n**Step 4: Iterating and Replacing Elements in `A`:**\n\n- The program iterates over `B`, attempting to replace elements in `A` with 0. Each successful replacement transforms an element of `A` to 0. \n- In this case, each element in `B` matches an element in `A`. Thus, `A` becomes `[0, 0, 0, 0, 0, 0, 0, 0, 0]`.\n- This involves the execution of statement 9 for each iteration. If a number in `B` was not in `A`, statement 11 (`except` clause) would execute, but it doesn't.\n\n**Observation 4:** Since statement 9 is executed (and statement 11 is not relevant in this example), sets 1, 2, 3, 4, 5, 6, 7, and 8 all include statement 9, leaving them still applicable.\n\n**Step 5: Convert `A` to Integers and Check Sums:**\n\n- The list `A` is converted to integers, making no change since it's already all zeros. The program then checks several conditions to see if any sum of specified elements in `A` equals zero.\n- Since `A` is all zeros, the condition `A[1] + A[2] + A[0] == 0` is true (0 + 0 + 0 = 0).\n- Thus, statement 12 falls into the truth condition, and \"Yes\" is printed; statement 15 runs, but statement 19 does not execute.\n\n**Observation 5:** Sets 1, 3, 5, and 7 include statement 12, which results in \"Yes\". Sets 2, 4, 6, and 8 include statement 19 instead, making them not applicable as \"No\" is not printed.\n\n**Step 6: Conclusion:**\n\n- Based on the above observations, the applicable sets of code coverage are narrowed to those containing statements (1, 2, 3, 4, 5, 6, 7, 9, 10, 12, and 15), which are sets 1, 3, 5, and 7.\n- Statement 17 is not applicable here since we repaired \"No\" case due to elements exiting. Thus, set 7 is the most accurate representation of the code coverage for the given test case.\n\n### FINAL CODE COVERAGE:\n\nSet 7: Statements 1, 2, 3, 4, 5, 6, 7, 10, 15, 16, 17",
                "response_time": 24.655668020248413,
                "input_tokens": 792,
                "output_tokens": 627
            },
            {
                "test_case_id": 2,
                "test_case_inputs": "Test Case Input:\n1 2 3\n4 5 6\n7 8 9\n3\n1 2 3\n4 5 6\n7 8 9",
                "crispe_response": "To determine the set of code coverage for the given test case of a program, let's proceed with a step-by-step reasoning approach.\n\n**PLAN:**\n\nStep 1: Input Processing of Matrix A and B:\n- The program first reads three lines to form matrix `A`. For the test case input,\n    ```\n    1 2 3\n    4 5 6\n    7 8 9\n    ```\n  Hence, `A` becomes `['1', '2', '3', '4', '5', '6', '7', '8', '9']` after summing up.\n- `n` is read and is equal to 3, which will control the reading of `B`.\n- Next, `n` lines are read to form matrix `B`, leading to:\n    ```\n    1 2 3\n    4 5 6\n    7 8 9\n    ```\n  Thus, `B` becomes `['1', '2', '3', '4', '5', '6', '7', '8', '9']` after summing up.\n\n  **Observation 1:** All provided sets contain statements 1 to 9, which involve reading inputs and processing them. Hence, all sets are applicable at this point.\n\nStep 2: Check the Length of B:\n- The length of `B` is checked. Since its length is 9 (greater than 2), the program continues execution without terminating after printing \"No.\"\n  \n  **Observation 2:** This eliminates any theoretical coverage paths that involve an immediate termination after line 12, though none are listed according to the sets provided. Thus, all sets remain applicable.\n\nStep 3: Try-Except Block to Match B\u2019s elements in Matrix A:\n- The loop iterates over `B`. For each element of `B`, `A[A.index(B[i])]` is set to `0`. As all elements of `B` are present in `A`, no exception occurs in the process. `A` ends up being `[0, 0, 0, 0, 0, 0, 0, 0, 0]`.\n\n  **Observation 3:** This confirms execution past line 15 without encountering exceptions that could alter execution paths relevant to the set comparison. All sets still remain valid.\n\nStep 4: Check Sum Conditions for 'Yes' or 'No' Output:\n- Several sum conditions of array `A` are checked:\n  - If any condition yields `0`, \"Yes\" is printed.\n  - As all elements of `A` are now `0`, all conditions such as `A[1]+A[2]+A[0] == 0` and others would evaluate as true.\n  - First execution of a true condition, line 16 is executed resulting in \"Yes\" being printed and ensuring no traversal to line 19 (due to the `else` block).\n\n  **Observation 4:** Paths that include executing line 19 (printing \"No\" at the final step) can now be eliminated. This excludes any set containing statement 19; Therefore, Sets 2, 4, 6, and 8 are eliminated.\n\nFINAL CODE COVERAGE:\n- Set 1: Statements 1, 2, 3, 4, 5, 6, 7, 8, 9, 10, 12, 15, 16, 17\n- Set 3: Statements 1, 2, 3, 4, 5, 6, 7, 8, 9, 10, 15, 16, 17\n- Set 5: Statements 1, 2, 3, 4, 5, 6, 7, 10, 12, 15, 16, 17\n- Set 7: Statements 1, 2, 3, 4, 5, 6, 7, 10, 15, 16, 17\n\nAmong those, focusing on complete execution before loop terminates will narrow to Set 7 considering least backtrack requirement after loop execution.",
                "response_time": 8.971373558044434,
                "input_tokens": 792,
                "output_tokens": 497
            }
        ],
        "serialized_code": "Line 1: import  numpy as np\nLine 2: A = [stdin.readline().rstrip().split() for _ in range(3)]\nLine 3: A=sum(A,[])\nLine 4: n = int(stdin.readline().rstrip())\nLine 5: B= [stdin.readline().rstrip().split() for _ in range(n)]\nLine 6: B=sum(B,[])\nLine 7: if len(B)<=2:\nLine 8:     print(\"No\")\nLine 9:     sys.exit()\nLine 10: for i in range(len(B)):\nLine 11:     try:\nLine 12:         A[A.index(B[i])]=0\nLine 13:     except:\nLine 14:         continue\nLine 15: A=[int(i) for i in A]\nLine 16: if A[1]+A[2]+A[0]==0 or A[0]+A[3]+A[6]==0 or A[2]+A[4]+A[6]==0 or A[3]+A[4]+A[5]==0 or A[1]+A[4]+A[7]==0 or A[0]+A[4]+A[8]==0 or A[6]+A[7]+A[8]==0 or A[2]+A[5]+A[8]==0:\nLine 17:     print(\"Yes\")\nLine 18: else:\nLine 19:     print(\"No\")\n",
        "test_case_id": "4"
    }
]