[
    {
        "submission_id": "s514166435",
        "import_statements_removed": [],
        "import_statements_removed_libs": [],
        "number_of_imports_removed": 0,
        "number_of_calls": {},
        "lines_affected": {},
        "focc": [
            "Set 1: Statements 1, 2, 3, 4, 5, 7, 8, 9",
            "Set 2: Statements 1, 2, 3, 4, 5, 7, 8, 10",
            "Set 3: Statements 1, 2, 3, 4, 5, 7, 11, 12, 13, 14",
            "Set 4: Statements 1, 2, 3, 4, 5, 7, 11, 12, 13, 16",
            "Set 5: Statements 1, 2, 3, 4, 5, 7, 11"
        ],
        "code": "N, Q = list(map(int, input().split()))\nS = input()\nT = [list(map(int, input().split())) for _ in range(Q)]\ntotal_list = []\ntotal = 0\ntry:\n  for i in range(N-1):\n    if S[i] == 'A' and S[i+1] == 'C':\n      total += 1\n    total_list.append(total)\n  for i in range(Q):\n    l, r = T[i][0], T[i][1]\n    if l != 1:\n      print(total_list[r-2]-total_list[l-2])\n    else:\n      print(total_list[r-2])\nexcept IndexError:\n  print(0)",
        "test_cases": [
            {
                "test_case_id": 1,
                "test_case_inputs": "Test Case Input:\n5 3\nACBBD\n1 3\n2 4\n1 5",
                "crispe_response": "To reason through the code coverage for the given Python program and test case, we'll follow a systematic approach to narrowing down the possible sets of code coverage by analyzing each part of the program and the dynamics of the test case inputs.\n\n**PLANNING:**\n\n**Step 1: Initial Variable Assignment and Input Processing:**\n\n- The program begins by reading two integers, N and Q, which represent the length of string S and the number of queries, respectively. Then, it reads the string S and a list of Q pairs denoting the queries.\n  \n- Given the test case input:\n  ```\n  5 3\n  ACBBD\n  1 3\n  2 4\n  1 5\n  ```\n  Here, N = 5, Q = 3, S = \"ACBBD\", and T = [(1, 3), (2, 4), (1, 5)] are initialized.\n\n**Observation 1:** All sets of code coverage include these initialization lines (statements 1-4), so they remain viable candidates.\n\n**Step 2: First Loop - Calculating total_list:**\n\n- A try block begins, followed by the first loop iterating over N-1 (i.e., 4 iterations, indices 0 to 3). The logic checks if S[i] is 'A' and S[i+1] is 'C'. If true, it increments the `total`, which is then appended to `total_list`.\n\n- For S = \"ACBBD\":\n  - i = 0: S[0] = 'A' and S[1] = 'C' results in total = 1.\n  - i = 1: No match.\n  - i = 2: No match.\n  - i = 3: No match.\n  \n- `total_list` becomes [1, 1, 1, 1] after processing these iterations.\n\n**Observation 2:** Since all code coverage sets include the first loop (statements 5 and 7), they remain applicable.\n\n**Step 3: Second Loop - Processing Queries:**\n\n- The second loop goes over each query in T. For each pair (l, r), it calculates and prints the result based on `total_list`.\n\n  - First Query (1, 3):\n    - l = 1: Directly prints `total_list[1]` which is 1.\n\n  - Second Query (2, 4):\n    - l != 1: Prints `total_list[3-2] - total_list[2-2]` => `total_list[1] - total_list[0]` which is 1 - 1 = 0.\n\n  - Third Query (1, 5):\n    - l = 1: Directly prints `total_list[3]` which is 1.\n \nThis processing implies that indexes are correctly used, no exceptions are raised; hence the 'except' block (statement 16) will not execute.\n\n**Observation 3:** The execution reaches statement 13 for all the queries, while it does not involve the 'except' block or the conditional check for query printing with a print statement outside its block. Accordingly, Set 5 is eliminated because it lacks statements 12 and 13. Sets 1 and 2 are eliminated because they attend to neither statement 11 nor statement 13.\n\n**FINAL CODE COVERAGE:**\n\n- After analysis, **Set 3** appears optimal since it closely matches the sequence and logic progression:\n  - Statements 1, 2, 3, 4 (initial setup and input processing),\n  - Statements 5, 7 (first loop execution),\n  - Statements 11, 12, 13 (second loop execution covering both types of queries and capturing the correct dynamic pathway).",
                "response_time": 8.618850946426392,
                "input_tokens": 719,
                "output_tokens": 488
            },
            {
                "test_case_id": 2,
                "test_case_inputs": "Test Case Input:\n3 1\nABC\n2 3",
                "crispe_response": "To determine which set of statements will be covered by the given test case for the provided Python program, we need to go through a step-by-step analysis using the test case input:\n\n**GIVEN PYTHON PROGRAM:**\n```python\nN, Q = list(map(int, input().split()))\nS = input()\nT = [list(map(int, input().split())) for _ in range(Q)]\ntotal_list = []\ntotal = 0\ntry:\n  for i in range(N-1):\n    if S[i] == 'A' and S[i+1] == 'C':\n      total += 1\n    total_list.append(total)\n  for i in range(Q):\n    l, r = T[i][0], T[i][1]\n    if l != 1:\n      print(total_list[r-2]-total_list[l-2])\n    else:\n      print(total_list[r-2])\nexcept IndexError:\n  print(0)\n```\n\n**GIVEN TEST CASE INPUT:**\n```\n3 1\nABC\n2 3\n```\n\n**POSSIBLE SETS OF CODE COVERAGE:**\n- Set 1: Statements 1, 2, 3, 4, 5, 7, 8, 9\n- Set 2: Statements 1, 2, 3, 4, 5, 7, 8, 10\n- Set 3: Statements 1, 2, 3, 4, 5, 7, 11, 12, 13, 14\n- Set 4: Statements 1, 2, 3, 4, 5, 7, 11, 12, 13, 16\n- Set 5: Statements 1, 2, 3, 4, 5, 7, 11\n\n**PLAN:**\n\n**Step 1: Input Processing:**\n- The program starts with inputs being read. The string \"3 1\" is passed which sets N = 3 and Q = 1.\n- The string \"ABC\" is assigned to S, and the list \"[2, 3]\" is assigned to T with one sub-list for Q = 1.\n- Observation 1: All code paths are applicable since they all start with the first few lines of input parsing.\n\n**Step 2: Initializing `total_list` and `total`:**\n- `total_list` is initialized as an empty list, and `total` is initialized to 0.\n- Observation 2: All sets include the initialization lines, so no sets can be eliminated at this point.\n\n**Step 3: First `for` Loop Check (Statements 4 - 7):**\n- Loop over the range `N-1`, resulting in iteration for `i = 0` and `i = 1`.\n  - For `i = 0`, S[0] is 'A' and S[1] is 'B', so the condition `S[i] == 'A' and S[i+1] == 'C'` is false. The total is not modified.\n  - Entry '0' is appended to `total_list`.\n  - For `i = 1`, S[1] is 'B' and S[2] is 'C', so this if condition also fails. The total remains unchanged.\n  - Entry '0' is again appended to `total_list`.\n- Observation 3: Sets 1, 2, and 3 remain applicable as they proceed past this loop with these conditions and updates.\n\n**Step 4: Handling the List T (Statements 11 - 16):**\n- Since Q = 1, the loop will go through one iteration.\n- For `i = 0`, `l, r = T[0][0], T[0][1]` are set to 2 and 3.\n- Here, since `l` is not equal to 1, the code attempts to execute `total_list[r-2]-total_list[l-2]`.\n- `total_list[1] - total_list[0]` equals `0 - 0`, which corresponds to an output of `0`.\n- Observation 4: As IndexError exception does not occur, sets that involve exception handling (e.g., 14) can be excluded.\n\n**Step 5: Conclusion of Program Execution:**\n- With these observations, the applicable sets must account for the loop iteration and normal calculation, but without exception handling.\n  \n**FINAL CODE COVERAGE:**\n- Based on the step-by-step deductions and elimination, **Set 4** is applicable: Statements 1, 2, 3, 4, 5, 7, 11, 12, 13, 16.",
                "response_time": 13.080977439880371,
                "input_tokens": 715,
                "output_tokens": 537
            }
        ],
        "serialized_code": "Line 1: N, Q = list(map(int, input().split()))\nLine 2: S = input()\nLine 3: T = [list(map(int, input().split())) for _ in range(Q)]\nLine 4: total_list = []\nLine 5: total = 0\nLine 6: try:\nLine 7:   for i in range(N-1):\nLine 8:     if S[i] == 'A' and S[i+1] == 'C':\nLine 9:       total += 1\nLine 10:     total_list.append(total)\nLine 11:   for i in range(Q):\nLine 12:     l, r = T[i][0], T[i][1]\nLine 13:     if l != 1:\nLine 14:       print(total_list[r-2]-total_list[l-2])\nLine 15:     else:\nLine 16:       print(total_list[r-2])\nLine 17: except IndexError:\nLine 18:   print(0)\n",
        "test_case_id": "1"
    }
]