[
    {
        "submission_id": "s590015935",
        "import_statements_removed": [],
        "import_statements_removed_libs": [],
        "number_of_imports_removed": 0,
        "number_of_calls": {},
        "lines_affected": {},
        "focc": [
            "Set 1: Statements 1, 2, 3, 4, 12, 13, 14, 23",
            "Set 2: Statements 1, 2, 3, 4, 5, 11, 12, 13, 15, 17, 18, 19, 23",
            "Set 3: Statements 1, 2, 3, 4, 5, 6, 7, 8, 9, 10, 12, 13, 15, 17, 18, 19, 23",
            "Set 4: Statements 1, 2, 3, 4, 5, 6, 7, 8, 9, 11, 12, 13, 15, 17, 18, 19, 23",
            "Set 5: Statements 1, 2, 3, 4, 5, 6, 7, 9, 10, 12, 13, 15, 17, 18, 19, 23",
            "Set 6: Statements 1, 2, 3, 4, 5, 6, 7, 9, 11, 12, 13, 15, 17, 18, 19, 23",
            "Set 7: Statements 1, 2, 3, 4, 5, 6, 7, 8, 9, 10, 12, 13, 15, 17, 18, 19, 23",
            "Set 8: Statements 1, 2, 3, 4, 12, 13, 15, 17, 18, 21, 22, 23",
            "Set 9: Statements 1, 2, 3, 4, 12, 13, 15, 16, 23"
        ],
        "code": "n = int(input())\nmod = 10 ** 9 + 7\nmemo = [{} for i in range(n + 1)]\ndef ok(last4):\n    for i in range(4):\n        t = list(last4)\n        if i >= 1:\n            t[i], t[i - 1] = t[i - 1], t[i]\n        if ''.join(t).find('AGC') >= 0:\n            return False\n    return True\ndef dfs(cur, last3):\n    if last3 in memo[cur]:\n        return memo[cur][last3]\n    if cur >= n:\n        return 1\n    ret = 0\n    for c in 'ACGT':\n        if ok(last3 + c):\n            ret = (ret + dfs(cur + 1, last3[1:] + c)) % mod\n    memo[cur][last3] = ret\n    return ret\nprint(dfs(0, 'TTT'))",
        "test_cases": [
            {
                "test_case_id": 1,
                "test_case_inputs": "Test Case Input:\n4",
                "crispe_response": "To determine which set of statements is covered by the test case, we will analyze the program and test case step by step.\n\n**PLAN:**\n\n**Step 1: Input Processing:**\n- The program begins by taking an integer input `n`, which is provided in the test case as 4.\n- The variable `mod` is assigned the value \\(10^9 + 7\\).\n- A memoization table `memo` is created as a list of empty dictionaries of size `n + 1`, which is 5 in this case.\n  \n**Observation 1:**\n- All possible sets of code coverage begin with statements 1, 2, 3, and 4, so they are all currently applicable.\n\n**Step 2: Define and Call Helper Functions:**\n- The `ok()` function is defined to check if a given sequence of characters does not result in the substring \"AGC\". This function potentially swaps adjacent characters and checks for \"AGC\".\n- The recursive function `dfs()` is defined next. It uses memoization to store precomputed results.\n\n**Observation 2:**\n- The definitions of functions line up with statements 5-14 (for `ok()`) and 15-23 (for `dfs()`). This does not yet help us narrow down as we are setting up definitions.\n\n**Step 3: Start of DFS Execution:**\n- The main program logic starts with calling `print(dfs(0, 'TTT'))`, invoking the `dfs` function with initial parameters `cur = 0` and `last3 = 'TTT'`.\n\n**Observation 3:**\n- All sets include statement 23, confirming that the program ends with a print statement, but this doesn't narrow much at this intermediate stage.\n\n**Step 4: DFS Logic Analysis:**\n- Within the `dfs()` function:\n  - The base case `if cur >= n:` is checked. This returns 1 if true. In our case, `cur` starts at 0, and `n` is 4, so this won't hold on the first invocation. Thus, statement 18 is not executed immediately.\n  \n**Observation 4:**\n- This initial base case narrowing hints that sets like Set 8 and Set 9 could be less likely because they lack intermediate conditions (like incremental dfs handling), but further evidence is needed.\n\n**Step 5: For-loop Execution within DFS:**\n- The recursive logic is handled by looping over each character in 'ACGT'.\n  - For each character `c`, the combined string `last3 + c` is passed to the `ok()` function to verify its validity.\n  \n**Step 6: ok() Function Execution:**\n- For the string `last3 + c`, the first iteration might involve checking combinations like 'TTTA', 'TTTC', etc., (since `last3 = 'TTT'` and `c` initially loops through 'A', 'C', 'G', 'T').\n- The `ok()` function involves checking permutations and ensuring 'AGC' does not appear, potentially executing statements 6-11.\n\n**Observation 5:**\n- Since `ok()` variations exclude entries with 'AGC', we engage conditional checks and permutations, suggesting presence of statements 6-11 and further narrowing sets that missed permutations and conditionals.\n\n**Step 7: Recursive DFS Calls:**\n- Successful checks will lead to recursive `dfs` calls, reducing `cur` by shifting `last3`. This invokes potential full execution of the recursive flow in `dfs()`.\n\n**Observation 6:**\n- Execution of `ok()` and continuation of recursion via line 17 indicates deeper code coverage likely aligning with sets enriched in recursive logic and meme state tracking.\n  \n**Step 8: Memoization and Base Case:**\n- The right path updates memoized results stored in `memo[cur][last3]` and completes recur handling logic for configurations cur=4, entries return 1 via alternate recursions effectively leading to 19 entry.\n\n**Final Observations:**\n- Throughout, recursive calls cover statements enriching branching paths within `dfs`.\n- Given continued recursion, combining of `ok()` validation, permutations checks, and aligned function routines, Set 7 represents a comprehensive pathway of function calls, whereas others could possess gaps owing exclusion of permutation checks, intermediate recur, or apparent factor paths.\n\n**FINAL CODE COVERAGE:**\n- **Set 7**: Statements 1, 2, 3, 4, 5, 6, 7, 8, 9, 10, 12, 13, 15, 17, 18, 19, 23",
                "response_time": 9.96504020690918,
                "input_tokens": 837,
                "output_tokens": 625
            },
            {
                "test_case_id": 2,
                "test_case_inputs": "Test Case Input:\n5\nACGT\nACGT\nACGT\nACGT\nACGT",
                "crispe_response": "PLAN:\n\n### Step 1: Input Processing\nThe program starts by taking an integer input `n`. In the given test case, `n = 5`.\n\n**Observation 1:** Since the first line of the program `n = int(input())` is executed, all possible sets of code coverage initially remain applicable as they all include the execution of line 1.\n\n### Step 2: Memo Initialization\nThe next lines `mod = 10 ** 9 + 7` and `memo = [{} for i in range(n + 1)]` set up the modulus and initialize the `memo` array with empty dictionaries for memoization purposes.\n\n**Observation 2:** All sets of code coverage include lines 2 and 3. Hence, they all remain applicable.\n\n### Step 3: Function Definitions\nThe functions `ok()` and `dfs()` are defined. The `ok()` function checks for the presence of 'AGC' in the input string after certain transformations, while the `dfs()` function performs a depth-first search to compute a result based on the conditions.\n\n**Observation 3:** All sets that include the execution of the `ok()` function's body remain applicable. This covers lines for its definition (4 to 11) and its logical verification (lines 12 and 13). Thus, all sets remain applicable as they span the necessary lines.\n\n### Step 4: Execution of dfs Function\nThe `dfs` function is called with initial parameters at line 23: `dfs(0, 'TTT')`. This initiates recursive computations.\n\n**Observation 4:** The key lines within the `dfs` function, including its recursive nature, are crucial. Sets that include line 23, the initial call, as well as the logic in `dfs()` from lines 15 to 19, remain applicable. All sets have these lines, except sets with incomplete execution paths that lack this recursive logic (like sets 8 and 9).\n\n### Step 5: Iteration and Recursive Logic (dfs)\nFor each character in 'ACGT', `dfs()` evaluates using `ok()` if appending the character to `last3` produces a valid next state. This recursively explores valid paths. In this test, given the repetitive input lines 'ACGT', many recursive calls would check different permutations, and some conditions in `ok()` would fail, while others would pass.\n\n**Observation 5:** Sets that feature full or partial logic execution within `dfs()` (loops and condition checks in lines 15 to 19) based on recursive success and failure paths are prioritized. This removes incomplete execution paths such as those not meeting conditionals like in sets 8 and 9.\n\n### Step 6: Base Case Reach and Memoization\nThe recursive base case is when `cur >= n`, which matches when the depth-first search has processed enough characters. The reached base case results in linear adjustments and memoization for efficiency.\n\n**Observation 6:** Sets that include both reaching base cases and the necessary memoization lines (especially reaching line 19) are valid. Sets that don't efficiently complete the recursion such as those that lack comprehensive logic execution and memoization eliminate themselves, as does set 8 again here.\n\n### Step 7: Final Coverage Determination\nConsidering line 23 (program output with `print(dfs(0, 'TTT'))`), only sets that embody setup, transformation checks, recursive depth-first search execution, and correct end conditions should be the selected coverage.\n\n**Observation 7:** Sets that perform self-consistent execution through the recursive dfs loop paths, memoization, and that end with a distinct and unambiguous execution path like set 7 do not leave \"done\" paths of lines. However, other sets like set 8, by virtue of not containing line 23 during output, get ruled out.\n\n**FINAL CODE COVERAGE:**\nSet 7: Statements 1, 2, 3, 4, 5, 6, 7, 8, 9, 10, 12, 13, 15, 17, 18, 19, 23. This covers the complete necessary process from input, through functional operations, to final output based on the given test instructions.",
                "response_time": 9.886688232421875,
                "input_tokens": 842,
                "output_tokens": 601
            }
        ],
        "serialized_code": "Line 1: n = int(input())\nLine 2: mod = 10 ** 9 + 7\nLine 3: memo = [{} for i in range(n + 1)]\nLine 4: def ok(last4):\nLine 5:     for i in range(4):\nLine 6:         t = list(last4)\nLine 7:         if i >= 1:\nLine 8:             t[i], t[i - 1] = t[i - 1], t[i]\nLine 9:         if ''.join(t).find('AGC') >= 0:\nLine 10:             return False\nLine 11:     return True\nLine 12: def dfs(cur, last3):\nLine 13:     if last3 in memo[cur]:\nLine 14:         return memo[cur][last3]\nLine 15:     if cur >= n:\nLine 16:         return 1\nLine 17:     ret = 0\nLine 18:     for c in 'ACGT':\nLine 19:         if ok(last3 + c):\nLine 20:             ret = (ret + dfs(cur + 1, last3[1:] + c)) % mod\nLine 21:     memo[cur][last3] = ret\nLine 22:     return ret\nLine 23: print(dfs(0, 'TTT'))\n",
        "test_case_id": "1"
    }
]