[
    {
        "submission_id": "s310733738",
        "import_statements_removed": [],
        "import_statements_removed_libs": [],
        "number_of_imports_removed": 0,
        "number_of_calls": {},
        "lines_affected": {},
        "focc": [
            "Set 1: Statements 1, 2, 3, 4",
            "Set 2: Statements 1, 2, 3, 6, 7, 8, 9"
        ],
        "code": "dish_list = [int(input()) for _ in range(5)]\nlast_num_list = [int(str(dish_i)[-1]) for dish_i in dish_list]\nif sum(last_num_list) % 10 == 0:\n  print(sum(dish_list))\nelse:  \n  target_index = min(list(filter(lambda x: x>0, last_num_list)))\n  last_num_min_index = last_num_list.index(target_index)\n  ceiling_dish_list = [-10* (-i//10) for i in dish_list]\n  print(sum(ceiling_dish_list) - ceiling_dish_list[last_num_min_index] + dish_list[last_num_min_index])",
        "test_cases": [
            {
                "test_case_id": 1,
                "test_case_inputs": "Test Case Input:\n10\n20\n30\n40\n50",
                "crispe_response": "**PLAN:**\n\nGiven the program and test case, let's analyze each part of the code and compare it against the possible code coverage sets to determine which is the correct one.\n\n**Step 1: Input Processing**\n\n- The program starts with reading five numbers from the input. In this case, the test case provides the numbers as `10, 20, 30, 40, 50`.\n- These numbers will be stored in `dish_list`.\n- Then, for each number, the last digit is extracted and stored in `last_num_list`. This is achieved using `int(str(dish_i)[-1])` for each `dish_i` in `dish_list`.\n  \nObservation 1: Based on the readings and transformations, Statements 1 and 2 are executed, which are part of both Set 1 and Set 2.\n\n**Step 2: Check Sum of Last Digits**\n\n- The code checks if the sum of `last_num_list` is divisible by 10 (`if sum(last_num_list) % 10 == 0:`).\n- For the given test case `last_num_list` will be `[0, 0, 0, 0, 0]`, making the sum `0`, which is divisible by `10`.\n- Therefore, the program will execute the `print(sum(dish_list))` statement, which is within the `if` block.\n\nObservation 2: As the condition is true, the program executes Statement 3 (`print(sum(dish_list))`). Only Set 1 includes Statement 3. \n\n**Step 3: Else Block Evaluation**\n\n- Since the `if` condition is true for this test case, the `else` block will not be executed at all.\n- The set that includes execution of the `else` block statements (Statements 6, 7, 8, and 9) is Set 2. However, since these statements are not executed in this case, Set 2 is not applicable.\n\nObservation 3: Since the sum of `last_num_list` is divisible by 10, we do not enter the `else` block, thus eliminating Set 2. \n\n**FINAL CODE COVERAGE:**\n\nGiven the observations, the test case covers Statements 1, 2, and 3, which aligns with **Set 1**.\n\n**Final Conclusion:**\n\n- **Set 1: Statements 1, 2, 3, 4** is the correct code coverage for the given test case with the input `10, 20, 30, 40, 50`.",
                "response_time": 7.596760034561157,
                "input_tokens": 663,
                "output_tokens": 329
            },
            {
                "test_case_id": 2,
                "test_case_inputs": "Test Case Input:\n10\n20\n30\n40\n50",
                "crispe_response": "To determine which set of statements will be covered by the given test case, we'll use step-by-step reasoning to eliminate non-applicable sets based on how the test case interacts with the code.\n\n### GIVEN PYTHON PROGRAM\n```python\ndish_list = [int(input()) for _ in range(5)]\nlast_num_list = [int(str(dish_i)[-1]) for dish_i in dish_list]\nif sum(last_num_list) % 10 == 0:\n    print(sum(dish_list))\nelse:  \n    target_index = min(list(filter(lambda x: x > 0, last_num_list)))\n    last_num_min_index = last_num_list.index(target_index)\n    ceiling_dish_list = [-10 * (-i // 10) for i in dish_list]\n    print(sum(ceiling_dish_list) - ceiling_dish_list[last_num_min_index] + dish_list[last_num_min_index])\n```\n\n### GIVEN TEST CASE\n```\nTest Case Input:\n10\n20\n30\n40\n50\n```\n\n### ANALYSIS AND REASONING:\n\n**PLAN:**\n\n**Step 1: Reading Input:**\n- The `dish_list` is constructed by reading 5 integer inputs: 10, 20, 30, 40, 50.\n- Thus, lines 1 and 2, which populate `dish_list` and `last_num_list`, are executed.\n  \n**Observation 1:** Both sets of code coverage include lines 1 and 2.\n\n**Step 2: Creating Last Number List:**\n- `last_num_list` is calculated as [0, 0, 0, 0, 0], since the last digit of each dish in the list (10, 20, 30, 40, 50) is 0.\n\n**Step 3: Checking Divisibility by 10:**\n- The sum of `last_num_list` is 0, which is divisible by 10.\n- Thus, the condition in the `if` statement (line 3) is satisfied, and the program executes `print(sum(dish_list))` in line 4, resulting in 150 being printed.\n  \n**Observation 2:** \n- The program exits after executing line 4 because the else branch (lines 6-9) is not executed.\n- Set 2, which includes statements 6, 7, 8, and 9, is eliminated since the else block is not triggered.\n\n**FINAL CODE COVERAGE:**\n\n- Since the input leads the program to execute up to line 4 without branching into the else block, only Set 1: Statements 1, 2, 3, 4 is applicable.\n\nTherefore, the final code coverage achieved by the given test case is **Set 1: Statements 1, 2, 3, 4**.",
                "response_time": 7.385472536087036,
                "input_tokens": 663,
                "output_tokens": 316
            }
        ],
        "serialized_code": "Line 1: dish_list = [int(input()) for _ in range(5)]\nLine 2: last_num_list = [int(str(dish_i)[-1]) for dish_i in dish_list]\nLine 3: if sum(last_num_list) % 10 == 0:\nLine 4:   print(sum(dish_list))\nLine 5: else:  \nLine 6:   target_index = min(list(filter(lambda x: x>0, last_num_list)))\nLine 7:   last_num_min_index = last_num_list.index(target_index)\nLine 8:   ceiling_dish_list = [-10* (-i//10) for i in dish_list]\nLine 9:   print(sum(ceiling_dish_list) - ceiling_dish_list[last_num_min_index] + dish_list[last_num_min_index])\n",
        "test_case_id": "1"
    }
]