[
    {
        "submission_id": "s706266410",
        "import_statements_removed": [],
        "import_statements_removed_libs": [],
        "number_of_imports_removed": 0,
        "number_of_calls": {},
        "lines_affected": {},
        "focc": [
            "Set 1: Statements 1, 2, 3, 6, 8, 11, 12",
            "Set 2: Statements 1, 2, 3, 6"
        ],
        "code": "a = [True for i in range(1000000)]\ni = 3\nwhile i * i < 1000000:\n    for j in range(3 * i, 1000000, 2 * i): a[j] = False\n    i += 2\nwhile True:\n    try:\n        n = int(input())\n    except:\n        break\n    count = int(n >= 2) + sum(a[i] for i in range(3, n + 1, 2))\n    print(count)",
        "test_cases": [
            {
                "test_case_id": 1,
                "test_case_inputs": "Test Case Input:\n5",
                "crispe_response": "Step 1: Input Processing:\nThe program does not require any external input initially as it creates a list 'a' of boolean values and initializes variable i to 3 on line 2. Since the test case provides 'n = 5' as input, only set 1 is applicable, as it covers the initialization of variables (statements 1, 2).\n\nObservation 1: Set 1 is applicable due to its coverage of variable initialization.\n\nStep 2: While Loop Iterations:\nThe first while loop condition will evaluate if 'i * i < 1000000' is true, thus allowing the loop to execute. For this particular test case, 'i * i = 3 * 3 = 9', which is less than 1000000, meaning the while loop will iterate. Inside this while loop, the variable 'a' is updated based on specific conditions.\nObservation 2: All sets of code coverage include the first while loop handling the update of list 'a' (statement 3, 6, 8, 11).\n\nStep 3: Second While Loop Iterations:\nAfter the first while loop, the second while loop will continuously execute as long as an integer input is available. For input '5', it will enter the loop and assign 'n = 5'. The try-except block will successfully capture 5.\nObservation 3: All sets account for the second while loop handling the input processing (statement 12).\n\nStep 4: Count Calculation:\nWith 'n = 5', the program calculates the 'count' variable. It checks whether n is greater or equal to 2 (n = 5 satisfies this), and then performs the summation based on conditions given in the for loop. Since n = 5, the loop will run from 3 to 5, summing up the boolean values from list 'a'.\nObservation 4: All sets cover the count calculation process (specifically statement 12 for print).\n\nStep 5: Ruling out Coverage:\nDuring the count calculation, the code avoids dividing by 0. Given the test case has n = 5, only set 1 includes the count calculation and the process of setting 'a', making it the most relevant code coverage.\n\nFINAL CODE COVERAGE:\nSet 1: Statements 1, 2, 3, 6, 8, 11, 12",
                "response_time": 4.559166431427002,
                "input_tokens": 671,
                "output_tokens": 350
            },
            {
                "test_case_id": 2,
                "test_case_inputs": "Test Case Input:\nabc",
                "crispe_response": "Step 1: Input Processing:\nGiven the test case input \"abc,\" an exception will be raised during the int conversion process in the try block. This means only lines 1, 2, and 3 will execute before entering the first while loop at line 6.\nObservation 1: All sets involve statements 1, 2, and 3, making none of them invalid at this stage.\n\nStep 2: First While Loop Execution:\nThe while loop at line 6 will run until i * i is less than 1000000. Since i starts at 3 in the given program, it will meet the condition and move on to the for loop at line 7 to mark multiples of 3 as False in the array a.\nObservation 2: All sets encompass the first while loop (lines 6-10) and remain applicable.\n\nStep 3: Second While Loop Understanding:\nAfter the first while loop, the program enters a second while loop aiming to process input until an exception occurs from a non-integer input. In this specific test case, the exception will be raised after encountering \"abc.\"\nObservation 3: All sets still consider the presence of the second while loop (lines 11-17) which validates their initial relevance.\n\nStep 4: Exception Handling in Try Block:\nThe except block catches exceptions from improper integer conversions, which will lead to a break from the input loop. Consequently, the program will exit without executing the core computation part and further print operations.\nObservation 4: Only Set 1 considers the proper exit of the program due to encountering non-integer input, making Set 2 irrelevant and hence not applicable.\n\nFINAL CODE COVERAGE:\nSet 1: Statements 1, 2, 3, 6, 8, 11, 12",
                "response_time": 3.8602840900421143,
                "input_tokens": 671,
                "output_tokens": 274
            }
        ],
        "serialized_code": "Line 1: a = [True for i in range(1000000)]\nLine 2: i = 3\nLine 3: while i * i < 1000000:\nLine 4:     for j in range(3 * i, 1000000, 2 * i): a[j] = False\nLine 5:     i += 2\nLine 6: while True:\nLine 7:     try:\nLine 8:         n = int(input())\nLine 9:     except:\nLine 10:         break\nLine 11:     count = int(n >= 2) + sum(a[i] for i in range(3, n + 1, 2))\nLine 12:     print(count)\n",
        "test_case_id": "1"
    }
]