[
    {
        "submission_id": "s814234411",
        "import_statements_removed": [],
        "import_statements_removed_libs": [],
        "number_of_imports_removed": 0,
        "number_of_calls": {},
        "lines_affected": {},
        "focc": [
            "Set 1: Statements 1, 2, 3, 4, 5, 6, 7, 8, 11",
            "Set 2: Statements 1, 2, 3, 4, 5, 6, 7, 10, 11",
            "Set 3: Statements 1, 2, 3, 4, 5, 11",
            "Set 4: Statements 1, 2, 3, 4, 11"
        ],
        "code": "N = int(input())\na = list(map(int, input().split()))\ndp = [[0] * (N + 1) for _ in range(N + 1)]\nfor l in range(1, N + 1):\n  for i in range(N + 1 - l):\n    j = i + l\n    if (N - l) % 2 == 0:\n      dp[i][j] = max(dp[i + 1][j] + a[i], dp[i][j - 1] + a[j - 1])\n    else:\n      dp[i][j] = min(dp[i + 1][j] - a[i], dp[i][j - 1] - a[j - 1])\nprint(dp[0][N])",
        "test_cases": [
            {
                "test_case_id": 1,
                "test_case_inputs": "Test Case Input:\n3\n1 2 3",
                "crispe_response": "PLAN:\n\nStep 1: Input Processing:\nThe program starts by reading an integer input for N, followed by a line of integers to form the list `a`. For the given test case, N is 3 and the list a is [1, 2, 3]. Lines 1 and 2 are executed to process these inputs.\nObservation 1: All sets of code coverage are applicable as they all include lines 1 and 2.\n\nStep 2: Initialization of dp Array:\nThe program initializes a 2D list `dp` of size (N+1) x (N+1) with all values set to 0. Since N is 3, this corresponds to a 4 x 4 matrix. Line 3 is executed to achieve this.\nObservation 2: All sets of code coverage remain applicable as they all account for the execution of line 3.\n\nStep 3: Outer Loop Execution:\nThe outer loop starts with `l` ranging from 1 to N (inclusive). The boundaries for `l` ensure that lines 4 and 5 are executed as they govern the loop structure.\nObservation 3: All sets include lines 4 and 5, so no sets are eliminated.\n\nStep 4: Inner Loop Execution:\nFor each `l`, the inner loop iterates over potential starting points `i`, with `j` being the endpoint calculated as `i + l`. Line 6 is executed in this iterative process.\nObservation 4: All sets still remain applicable as they account for the inner loop's execution, including line 6.\n\nStep 5: Conditional Execution for Even and Odd (N-l):\n- Case l=1: (N-l) = 2, which is even. Therefore, it executes the if-block (line 7), setting dp[i][j] to the maximum of two values.\n- Case l=2: (N-l) = 1, which is odd. Therefore, it executes the else-block (line 8), setting dp[i][j] to the minimum of two values.\n- Case l=3: (N-l) = 0, which is even. Therefore, it again executes the if-block (line 7).\n\nObservation 5: Since both line 7 and line 8 get executed in the iterations, any set that excludes line 8 is not applicable. This eliminates sets 3 and 4, which exclude line 8.\n\nStep 6: End of Program:\nFinally, the program prints the result stored in dp[0][N]. Line 11 will be executed for this purpose.\nObservation 6: Considering the previous observations, only sets that account for line 11 and include both conditional blocks are viable. This narrows it down to sets 1 and 2.\n\nFINAL CODE COVERAGE:\nSet 1: Statements 1, 2, 3, 4, 5, 6, 7, 8, 11\n\nThis is the most comprehensive set that includes all the conditions and loops that the test case will cover.",
                "response_time": 10.15377163887024,
                "input_tokens": 718,
                "output_tokens": 425
            },
            {
                "test_case_id": 2,
                "test_case_inputs": "Test Case Input:\n3\n1 2 3",
                "crispe_response": "PLAN:\n\nStep 1: Input Processing:\n- The program begins by reading an integer `N`. For the test case provided, `N` is 3. Subsequently, a list `a` of integers is read, corresponding to the sequence of numbers [1, 2, 3]. Execution of this step implies that statements 1 and 2 are executed.\n- Observation 1: All sets of code coverage are applicable as they all include statements 1 and 2.\n\nStep 2: Initialization of Dynamic Programming Table:\n- A 2D list `dp` is initialized with dimensions `(N+1) x (N+1)`, filled with zeroes. This corresponds to the execution of statement 3.\n- Observation 2: All sets of code coverage remain applicable as they all include statement 3.\n\nStep 3: Entering the Nested Loop:\n- The outer loop iterates over `l` from 1 to `N` inclusive. For `N=3`, `l` will take values 1, 2, and 3. This is part of statement 4.\n- Observation 3: All sets of code coverage remain applicable as they all include statement 4.\n\nStep 4: First Iteration with l = 1:\n- For `l = 1`, the inner loop iterates with `i` ranging from 0 to `N-l` inclusive, which gives ranges [0, 1, 2]. Consequently, `j = i + l` gives `j` values [1, 2, 3].\n- Since `(N - l) % 2 == 0` evaluates to true (2 % 2 == 0), statement 6 is executed in all iterations of this loop.\n- Observation 4: Sets 1, 2, and 3 are applicable as they include statement 6.\n\nStep 5: Second Iteration with l = 2:\n- For `l = 2`, the inner loop iterates with `i` ranging from 0 to `N-l` inclusive, which gives ranges [0, 1]. Consequently, `j = i + l` gives `j` values [2, 3].\n- Since `(N - l) % 2 == 1` evaluates to false (1 % 2 != 0), statement 7 is executed instead of statement 6.\n- Observation 5: Sets 1 and 2 are applicable as they include both statements 6 and 7.\n\nStep 6: Third Iteration with l = 3:\n- For `l = 3`, the inner loop iterates with `i` only ranging from 0 to `N-l` inclusive, which gives ranges [0]. Consequently, `j = i + l` gives `j` value [3].\n- Since `(N - l) % 2 == 0` evaluates to true (0 % 2 == 0), statement 6 is executed for this combination.\n- Observation 6: Set 1 remains the only applicable option as it includes execution of statement 6 during these conditions.\n\nStep 7: Printing the Result:\n- Finally, the program prints the value `dp[0][N]`, corresponding to statement 11.\n- Observation 7: Set 1 includes statement 11 and is the only set consistent with all previous observations.\n\nFINAL CODE COVERAGE:\nSet 1: Statements 1, 2, 3, 4, 5, 6, 7, 8, 11",
                "response_time": 16.02532196044922,
                "input_tokens": 718,
                "output_tokens": 467
            }
        ],
        "serialized_code": "Line 1: N = int(input())\nLine 2: a = list(map(int, input().split()))\nLine 3: dp = [[0] * (N + 1) for _ in range(N + 1)]\nLine 4: for l in range(1, N + 1):\nLine 5:   for i in range(N + 1 - l):\nLine 6:     j = i + l\nLine 7:     if (N - l) % 2 == 0:\nLine 8:       dp[i][j] = max(dp[i + 1][j] + a[i], dp[i][j - 1] + a[j - 1])\nLine 9:     else:\nLine 10:       dp[i][j] = min(dp[i + 1][j] - a[i], dp[i][j - 1] - a[j - 1])\nLine 11: print(dp[0][N])\n",
        "test_case_id": "1"
    }
]