[
    {
        "submission_id": "s550489494",
        "import_statements_removed": [],
        "import_statements_removed_libs": [],
        "number_of_imports_removed": 0,
        "number_of_calls": {},
        "lines_affected": {},
        "focc": [
            "Set 1: Statements 1, 2, 3, 4, 5, 6, 7, 8, 9, 11, 12, 13, 14",
            "Set 2: Statements 1, 2, 3, 4, 5, 6, 7, 8, 9, 11, 12, 15",
            "Set 3: Statements 1, 2, 3, 4, 5, 6, 7, 8, 9, 11, 18, 19, 20, 21, 22, 23, 24, 25",
            "Set 4: Statements 1, 2, 3, 4, 5, 6, 7, 8, 9, 11, 18, 19, 20, 21, 22, 23, 24",
            "Set 5: Statements 1, 2, 3, 4, 5, 6, 7, 8, 9, 11, 18, 19, 20, 21, 22, 24, 25",
            "Set 6: Statements 1, 2, 3, 4, 5, 6, 7, 8, 9, 11, 18, 19, 20, 21, 22, 24",
            "Set 7: Statements 1, 2, 3, 4, 5, 6, 7, 8, 9, 11, 18, 19, 20, 21, 24, 25",
            "Set 8: Statements 1, 2, 3, 4, 5, 6, 7, 8, 9, 11, 18, 19, 20, 21, 24",
            "Set 9: Statements 1, 2, 3, 4, 5, 6, 7, 8, 9, 11, 18, 19, 21, 22, 23, 24, 25",
            "Set 10: Statements 1, 2, 3, 4, 5, 6, 7, 8, 9, 11, 18, 19, 21, 22, 23, 24",
            "Set 11: Statements 1, 2, 3, 4, 5, 6, 7, 8, 9, 11, 18, 19, 21, 22, 24, 25",
            "Set 12: Statements 1, 2, 3, 4, 5, 6, 7, 8, 9, 11, 18, 19, 21, 22, 24"
        ],
        "code": "N=int(raw_input())\nAN=map(int, raw_input().split())\nBN=[0 for i in xrange(N)]\nfor i in AN:\n    BN[i-1] += 1\nBN.sort()\nLN = [0 for i in xrange(N)]\ns = 0\nj = 0\ntry:\n    for X in xrange(1, N+1):\n        while j<N and  BN[j] < X:\n            s += BN[j]\n            j += 1\n        LN[X-1] = (s + X*(N - j)) / X\nexcept IndexError:\n    pass\nKN = [0 for i in xrange(N)]\nfor i in xrange(len(LN)):\n    KN[LN[i]-1] = i+1\nfor i in xrange(len(KN)-2, -1, -1):\n    if KN[i] == 0:\n        KN[i] = KN[i+1]\nfor i in KN:\n    print (str(i))",
        "test_cases": [
            {
                "test_case_id": 1,
                "test_case_inputs": "Test Case Input:\n5\n1 2 3 4 5",
                "crispe_response": "To determine which set of statements will be covered by the given test case, we will analyze the provided Python program step by step, eliminating sets of code coverage that do not match the execution process of the test case inputs.\n\n### GIVEN TEST CASE INPUT:\n```\n5\n1 2 3 4 5\n```\n\n### PLAN:\n\n**Step 1: Input Reading:**\n- The first line of input is read to get `N`, the number of elements, which is `5`.\n- The second line of input is read as a list `AN`, which contains `[1, 2, 3, 4, 5]`.\n\n**Observation 1:**\n- Lines 1 and 2 will definitely be executed, so all sets with these lines are initially applicable.\n\n**Step 2: Initialization of BN:**\n- `BN` is initialized to a list of zeroes with length `N`. This is executed on line 3.\n\n**Observation 2:**\n- This step ensures line 3 is executed. All sets are still applicable as they include line 3.\n\n**Step 3: Frequency Count:**\n- The program iterates over `AN` to update elements in `BN`. Each element `i` in `AN` will result in `BN[i-1]` being incremented. Given AN = `[1, 2, 3, 4, 5]`, `BN` becomes `[1, 1, 1, 1, 1]`.\n\n**Observation 3:**\n- Line 4 is executed for these operations. All sets are still applicable because line 4 is included in all.\n\n**Step 4: Sort BN:**\n- Line 5 sorts `BN`, but since `BN` is already sorted, there is no change.\n\n**Observation 4:**\n- Line 5's execution narrows down the sets to those containing line 5. All sets still remain.\n\n**Step 5: Initialization of LN:**\n- `LN` is initialized as a list of zeroes with length `N`. This is executed on line 6.\n\n**Observation 5:**\n- Line 6 is executed, maintaining applicability of all sets.\n\n**Step 6: Populate LN with values:**\n- A loop iterates through values 1 to `N` (X takes values 1 through 5).\n- The inner while loop executed on line 8 checks `BN[j] < X`. Given `BN[]` values, since they are all less than `5`, this loop will execute and update `s` and `j`.\n- `LN` is updated accordingly using the formula `(s + X*(N - j)) / X` for `X = 1` to `5`. Any list index out-of-bounds access would trigger the exception.\n\n**Observation 6:**\n- Lines 7, 8, and 9 are executed to populate `LN[].` All sets contain these lines, keeping all options open.\n\n**Step 7: IndexError Handling:**\n- The `try` block has a `pass` in the `except` block to handle any potential `IndexError`. However, given the input, no index is out-of-bounds, so the `except` block is not triggered.\n\n**Observation 7:**\n- No IndexError occurs; therefore, we do not differentiate between sets based on line 15.\n\n**Step 8: Initialize KN:**\n- `KN` is initialized as a list of zeroes, executed on line 11.\n\n**Observation 8:**\n- Line 11 is executed, maintaining sets as they all include this line.\n\n**Step 9: Re-order based on LN:**\n- The loop on line 18 iterates through `LN` and reorders `KN`. Given any initial zero value in `LN` (if applicable), `KN[i] = i+1`.\n\n**Observation 9:**\n- Line 18 to 25 include operations that update `KN` and make corrections. Only sets that include lines 18, 19, 20, 21 to completion of execution paths are viable.\n  \n**Step 10: Final Adjustment of KN:**\n- The loop on line 22 adjusts `KN` based on the previous value if any entry is zero.\n\n**Observation 10:**\n- Lines involved in adjustment of `KN` (22 to 24) ensure KN is appropriately filled and printed ensuring we need set completion, reducing some options.\n\n**Step 11: Output KN:**\n- The loop on line 25 prints the computed `KN`.\n\n**Observation 11:**\n- The execution path is complete, covering all necessary actions.\n\n### FINAL CODE COVERAGE:\nUpon tracing the program's execution with the given test case:\nSet 3: Statements 1, 2, 3, 4, 5, 6, 7, 8, 9, 11, 18, 19, 20, 21, 22, 23, 24, 25 are most fitting as it encompasses all loops, logic operations, list index access and corrections that take place with given inputs.\n",
                "response_time": 19.519033908843994,
                "input_tokens": 909,
                "output_tokens": 679
            },
            {
                "test_case_id": 2,
                "test_case_inputs": "Test Case Input:\n3\n1 2 3",
                "crispe_response": "PLAN:\n\n**Step 1: Input Processing:**\n- The program starts by taking an integer input `N` and a list `AN` of integers which are separated by spaces.\n- Given test case input `3` for `N` and `1 2 3` for `AN`, the initial set of statements 1 and 2 are executed to process this input.\n  \n**Observation 1:** All sets of code coverage are applicable since they all include statements 1 and 2.\n\n**Step 2: Initialize Lists:**\n- The program initializes list `BN` with all elements set to 0 and of size `N`, thus executing statement 3.\n  \n**Observation 2:** All sets of code coverage remain applicable as they all include statement 3.\n\n**Step 3: Populating List BN:**\n- Iterate over each element in `AN` and increment `BN[i-1]` for each `i` in `AN`.\n- For `AN = [1, 2, 3]`, the list `BN` is incremented resulting in `BN = [1, 1, 1]`.\n- Therefore, the loop in statement 4 executes without error. Statement 5 is executed to populate `BN`, as no `i` in `AN` is out of range.\n  \n**Observation 3:** All sets of code coverage remain applicable as they all include statements 4 and 5.\n\n**Step 4: Sorting List BN:**\n- The `BN` list is sorted, which is explicitly shown by statement 6.\n  \n**Observation 4:** All sets of code coverage remain applicable as they all include statement 6.\n\n**Step 5: Calculating List LN:**\n- Initialize another list `LN` with 0s using statement 7.\n- Initialize variables `s` and `j` using statement 8.\n- The loop iterating over `xrange` in statement 9 increments `s` and `j` based on conditions, updating `LN`. With `BN = [1, 1, 1]`, the loop runs until `X=3`.\n- No IndexError occurs, so the except block (statement 10) does not execute, meaning statement 11 gets executed.\n\n**Observation 5:** All sets remain valid as they all contain statements 7, 8, 9, 11, which means the loop and calculations proceed with no exceptions.\n\n**Step 6: Populating List KN:**\n- Loop for populating `KN` based on `LN` starts. With range adjustments, statement 18 executes without going to the try-except segment (so statement 10 doesn't come into play).\n- Populates `KN` array, and as `LN` has all elements initialized properly, no `IndexError` occurs and statement 12 is not needed.\n  \n**Observation 6:** All sets that end with statement 11 remain valid as they have the next loop beginning with statement 18. This confirms the elimination of sets containing the IndexError catching block in statement 12.\n\n**Step 7: Adjusting and Printing KN:**\n- Adjust elements in `KN` using an iterative loop with statement 20.\n- Print each element in `KN` using statement 21.\n\n**Observation 7:** The concluding operations involve modifying `KN`, printing the `KN` list directly using statements 18 to 25. Since the exceptions and distinct conditions already validate operations, set 12 which does not involve adjustments and print completion, narrowly defining statement coverage ensures relevance.\n\nFINAL CODE COVERAGE:\n- Set 12: Statements 1, 2, 3, 4, 5, 6, 7, 8, 9, 11, 18, 19, 21, 22, 24.\n\nThe careful observation and stepping through logical flow directly correlate test inputs to executed steps matching set 12, excluding sequences requiring alternative paths like exception handling.",
                "response_time": 8.221025228500366,
                "input_tokens": 907,
                "output_tokens": 528
            }
        ],
        "serialized_code": "Line 1: N=int(raw_input())\nLine 2: AN=map(int, raw_input().split())\nLine 3: BN=[0 for i in xrange(N)]\nLine 4: for i in AN:\nLine 5:     BN[i-1] += 1\nLine 6: BN.sort()\nLine 7: LN = [0 for i in xrange(N)]\nLine 8: s = 0\nLine 9: j = 0\nLine 10: try:\nLine 11:     for X in xrange(1, N+1):\nLine 12:         while j<N and  BN[j] < X:\nLine 13:             s += BN[j]\nLine 14:             j += 1\nLine 15:         LN[X-1] = (s + X*(N - j)) / X\nLine 16: except IndexError:\nLine 17:     pass\nLine 18: KN = [0 for i in xrange(N)]\nLine 19: for i in xrange(len(LN)):\nLine 20:     KN[LN[i]-1] = i+1\nLine 21: for i in xrange(len(KN)-2, -1, -1):\nLine 22:     if KN[i] == 0:\nLine 23:         KN[i] = KN[i+1]\nLine 24: for i in KN:\nLine 25:     print (str(i))\n",
        "test_case_id": "1"
    }
]