[
    {
        "submission_id": "s669255791",
        "import_statements_removed": [],
        "import_statements_removed_libs": [],
        "number_of_imports_removed": 0,
        "number_of_calls": {},
        "lines_affected": {},
        "focc": [
            "Set 1: Statements 1, 2, 4",
            "Set 2: Statements 1, 2, 7, 8, 9",
            "Set 3: Statements 1, 2, 7, 8"
        ],
        "code": "s =\"\"while True:\n    try:\n        s += input().lower()\n    except:\n        break\ns = list(map(ord,list(s)))\nfor i in range(ord(\"a\"),ord(\"z\")+1):\n    print(chr(i) + \" : \" + str(s.count(i)))",
        "test_cases": [
            {
                "test_case_id": 1,
                "test_case_inputs": "Test Case Input:\nA\nB\nC\nD\nE\nF\nG\nH\nI\nJ\nK\nL\nM\nN\nO\nP\nQ\nR\nS\nT\nU\nV\nW\nX\nY\nZ",
                "crispe_response": "PLAN:\n\nStep 1: Input Processing Loop:\n- The program begins with a `while True` loop that reads inputs. As each letter from 'A' to 'Z' is given as input, the `try` block successfully executes each time, converting each input to lowercase and appending it to the string `s`. This continues until an exception occurs, most likely due to a lack of additional input.\n- Observation 1: The loop (statements 1 and 2) executes to process all inputs until an exception is raised. Therefore, all sets include statements 1 and 2.\n\nStep 2: Exception Handling and Exiting Loop:\n- The loop will eventually terminate when the input stream is exhausted, triggering the `except` block and breaking the loop.\n- Observation 2: Successfully handling input exceptions implies that statement 2 is involved. Thus, all sets still apply since they consider statement 2.\n\nStep 3: Converting String to ASCII Values:\n- After exiting the loop, `s` contains the sequence 'abcdefghijklmnopqrstuvwxyz', which is then converted to a list of ASCII values using `map(ord, list(s))`.\n- Observation 3: Since `map(ord, list(s))` directly follows the loop, all statements from 1 through 4 are involved (statement 4 mentioned is the next procedural statement after input handling). Thus, all sets are narrowed down to those which consider up to statement 4.\n\nStep 4: Counting Occurrences of Each Alphabet:\n- The program then iterates from the ASCII value for 'a' to 'z'. For each letter, it prints the letter and the count of its occurrence within the list `s`.\n- Observation 4: This iteration involves statements 7, 8, and 9, where the results of the counts are printed for each letter. As a result, only set configurations including statements 7, 8, and 9 are valid.\n\nStep 5: Final Code Execution Evaluation:\n- The iterations from Step 4 ensure each alphabet character is counted and printed.\n- Observation 5: With the conclusion of step 4, set 2 and set 3 remain as viable options.\n\nFINAL CODE COVERAGE:\n\nSet 2: Statements 1, 2, 7, 8, 9\n\nRationale:\n- Set 1 is eliminated as it only considers partial post-processing before counting.\n- Set 3 is eliminated as it lacks inclusion of all input processing directly.\n- Set 2 accurately reflects the complete path of input processing, conversion, and counting.",
                "response_time": 5.370736837387085,
                "input_tokens": 666,
                "output_tokens": 377
            },
            {
                "test_case_id": 2,
                "test_case_inputs": "Test Case Input:\n123\nABC\n!@#",
                "crispe_response": "Let's analyze the given Python program and the provided test case step-by-step to identify the set of code coverage that correctly represents the execution.\n\n**GIVEN PYTHON PROGRAM**:\n```python\ns = \"\"\nwhile True:\n    try:\n        s += input().lower()\n    except:\n        break\ns = list(map(ord, list(s)))\nfor i in range(ord(\"a\"), ord(\"z\") + 1):\n    print(chr(i) + \" : \" + str(s.count(i)))\n```\n\n**GIVEN TEST CASE INPUT**:\n```\n123\nABC\n!@#\n```\n\n**POSSIBLE SETS OF CODE COVERAGE**:\n- Set 1: Statements 1, 2, 4\n- Set 2: Statements 1, 2, 7, 8, 9\n- Set 3: Statements 1, 2, 7, 8\n\n**ANALYSIS**:\n\n**PLAN**:\n1. **Step 1: Initialization and Infinite Loop Setup**:\n   - The program initializes an empty string `s` and enters a `while True` loop to continuously read input until an exception breaks out of it.\n   - **Observation 1**: All sets (Sets 1, 2, and 3) include statements involved in initializing `s` and setting up the infinite loop (line 1).\n\n2. **Step 2: Input Handling and Concatenation**:\n   - Each provided input line is fetched, converted to lowercase, and concatenated to `s`.\n   - The inputs `123`, `ABC`, and `!@#` are processed within the `try` block. As they are successfully read and concatenated, there are no exceptions, so the `except` block is not triggered in this test case.\n   - After processing all inputs, `s` becomes `\"123abc!@#\"` (in lowercase).\n   - **Observation 2**: No exceptions occur, so the `except` block (associated with breaking out of the loop) in fact gets executed after entering an empty line or ending input; however, the initial observation suggests all sets are still applicable at this point because they assume loop execution (line 2).\n\n3. **Step 3: Conversion to ASCII Values**:\n   - The program converts each character in `s` into its ASCII value using `map(ord, list(s))`, resulting in a list of ASCII values.\n   - **Observation 3**: This conversion corresponds to statement 4. At this point, it can be inferred that Set 1 is still applicable as it includes statement 4.\n\n4. **Step 4: Counting and Printing Alphabet Occurrences**:\n   - The program enters a loop from `ord(\"a\")` to `ord(\"z\") + 1`, checking occurrences of each letter in `s`. It prints the frequency count of each letter.\n   - Since `s` contains only one occurrence of 'a', 'b', and 'c' from our inputs, the program will print specific lines indicating these counts.\n   - **Observation 4**: This loop execution corresponds to statements 7, 8, and optionally 9 for printing results. Sets 2 and 3 involve these statements.\n\n5. **Step 5: Final Observations**:\n   - We see that Sets 2 and 3 include statements 7 and 8, which are executed in the loop's counting mechanism. However, only Set 2 involves an additional context line (9) assumed to be part of output since it completes the counting.\n   - **Conclusion**: Set 2 is selected because it includes all relevant execution statements considering all inputs are processed, lowercased, and counted.\n\n**FINAL CODE COVERAGE**:\nSet 2: Statements 1, 2, 7, 8, 9",
                "response_time": 9.701579570770264,
                "input_tokens": 643,
                "output_tokens": 488
            }
        ],
        "serialized_code": "Line 1: s =\"\"while True:\nLine 2:     try:\nLine 3:         s += input().lower()\nLine 4:     except:\nLine 5:         break\nLine 6: s = list(map(ord,list(s)))\nLine 7: for i in range(ord(\"a\"),ord(\"z\")+1):\nLine 8:     print(chr(i) + \" : \" + str(s.count(i)))\n",
        "test_case_id": "1"
    }
]