[
    {
        "submission_id": "s299206757",
        "import_statements_removed": [],
        "import_statements_removed_libs": [],
        "number_of_imports_removed": 0,
        "number_of_calls": {},
        "lines_affected": {},
        "focc": [
            "Set 1: Statements 1, 2, 3, 4, 5, 7",
            "Set 2: Statements 1, 2, 3, 4, 5, 10"
        ],
        "code": "H,N = map(int,input().split())\nspells = [tuple(map(int,input().split())) for _ in range(N)]\nmax_a = max(spells)[0]\ndp = [0]\nfor i in range(1, H + max_a + 1):\n  try:\n    dp.append(min([dp[i - a] + b for a,b in spells if a <= i]))\n  except ValueError:\n    dp.append(10**8)\nprint(min(dp[H:]))",
        "test_cases": [
            {
                "test_case_id": 1,
                "test_case_inputs": "Test Case Input:\n5 3\n1 10\n3 5\n2 7",
                "crispe_response": "Let's use a step-by-step reasoning process to deduce which set of statements will be covered by the provided test case for the given Python program.\n\n### Program Breakdown\nWe need to analyze how the program works with the given test inputs. Here's the step-by-step analysis:\n\n1. **Input Processing**:\n   - The program starts by reading integers `H` and `N` from input, which denote the health points of a monster and the number of spells respectively.\n   - According to the test case, `H = 5` and `N = 3`.\n   - The program then reads `N` lines of input to capture the spells, storing each spell as a tuple `(a, b)`, where `a` is the damage and `b` is the mana required.\n   - The test case provides the spells as:\n     ```\n     (1, 10)\n     (3, 5)\n     (2, 7)\n     ```\n   - **Observation 1**: Lines 1 and 2 are executed for input processing in both sets.\n\n2. **Calculating `max_a`**:\n   - The variable `max_a` is calculated as the maximum of the first elements of the spells, which is `max([1, 3, 2]) = 3`.\n   - **Observation 2**: Line 3 is always executed.\n\n3. **Initializing `dp` List**:\n   - The `dp` list is initialized with a starting value `[0]`.\n   - **Observation 3**: Line 4 is executed for initializing the `dp` list in both sets.\n\n4. **Dynamic Programming Approach**:\n   - A loop runs from 1 to `H + max_a + 1` which means it runs from 1 to 9 (`5 + 3 + 1`).\n   - In each iteration, the program attempts to find the minimum mana usage for each health point using spells. This is executed inside a try-except block.\n   - If no spells can be utilized to reach a specific health, it appends a large number (`10**8`) to the `dp` list.\n   - **Observation 4**: The main logic of calculating `dp` executes on Line 5, including try block.\n   - **Observation 5**: If no valid spells are found, the `except` block triggers on Line 7. It is possible to hit a value where no combination of spells fit, invoking this block.\n\n5. **Final Calculation**:\n   - Finally, the program prints the minimum mana required to achieve at least `H` health points. This calculation involves finding the minimum `dp` value from the index `H` to the end of the `dp` list.\n   - **Observation 6**: Line 10 executes to print the result.\n\n### Step-by-Step Conclusion:\n\n- Both Sets 1 and 2 entail the necessary statements (Lines 1, 2, 3, 4, 5, 10) that correspond with input processing and dynamic programming calculations.\n- The difference arises with Line 7 (the except block) being included in Set 1, which happens during iterations when no suitable spell combination is possible. The specific nature of test case input `(5 3, 1 10, 3 5, 2 7)` strongly indicates the possibility of lines being skipped for certain iterations, thus hitting the except block in at least one iteration.\n\nGiven the reasoning above and considering the test case setup, it's more likely for the entire dynamic programming loop iteration to occur without missing the `except` scenario.\n\n### FINAL CODE COVERAGE:\n- **Set 1: Statements 1, 2, 3, 4, 5, 7**",
                "response_time": 8.126996994018555,
                "input_tokens": 666,
                "output_tokens": 519
            },
            {
                "test_case_id": 2,
                "test_case_inputs": "Test Case Input:\n-10 -20 -30\n10 20 30",
                "crispe_response": "To determine the set of statements covered by the given test case for the provided Python program, let's go through the code line by line and apply the test case to see how it affects the execution.\n\n### GIVEN PYTHON PROGRAM:\n- **Line 1:** `H,N = map(int,input().split())`\n- **Line 2:** `spells = [tuple(map(int,input().split())) for _ in range(N)]`\n- **Line 3:** `max_a = max(spells)[0]`\n- **Line 4:** `dp = [0]`\n- **Line 5:** `for i in range(1, H + max_a + 1):`\n- **Line 6 (Try):** `dp.append(min([dp[i - a] + b for a,b in spells if a <= i]))`\n- **Line 7 (Except):** `except ValueError: dp.append(10**8)`\n- **Line 8:** `print(min(dp[H:]))`\n\n### GIVEN TEST CASE:\n**Test Case Input:**\n```\n-10 -20 -30\n10 20 30\n``` \n\n### GIVEN POSSIBLE SETS OF CODE COVERAGE:\n- **Set 1:** Statements 1, 2, 3, 4, 5, 7\n- **Set 2:** Statements 1, 2, 3, 4, 5, 10\n\n### PLAN:\n#### Step 1: Input Processing\n- `H,N = map(int, input().split())`: The given test case provides `-10 -20 -30` for the first input. However, since this seems like an unformatted input for this line expecting two integers, this test case likely leads to a mismatch in input format, which could quickly lead to an exception or error.\n- Observation 1: Assuming the intention of test case is correct interpretation, the values of `H` and `N` should be `-10` and `-20`. However, this is logical nonsense and can't be split properly without adjusting expectations since splitting `-10 -20 -30` for two expected integers leads to potential exceptions.\n\n#### Step 2: Spells List Generation\n- `spells = [tuple(map(int,input().split())) for _ in range(N)]`: The test case provides `10 20 30` for the second input. N is `-20`, and hence the comprehension shouldn't run due to the negative range. Alternatively, if considering proper reading adjustment, the input handling could lead to improper application without valid spells.\n\n#### Step 3: Max Spell Calculation\n- `max_a = max(spells)[0]`: Due to the improper logic in Steps 1 and 2, analyzing the `max` function may face empty inputs or fail setup. Though, in a correctly adjusted expectation solving input strategy to make logical sense, let's ponder proceeding calculations abstractly insinuating gaining max from viable `spells`.\n\n#### Step 4: Dynamic Programming List Initialization\n- `dp = [0]`: Initializes a list `dp` with one element `0`.\n\n#### Step 5: Loop Iteration\n- `for i in range(1, H + max_a + 1)`: The loop could be problematic due to invalid range from `H` being negative or combined with logical adjustments. In balancing presumed logic with considered technical issues like exceptions at earlier steps, interpreting line needs extent of corrections hypothetically.\n\n#### Step 6: Minimum Cost Calculation\n- `dp.append(min([dp[i - a] + b for a,b in spells if a <= i]))`: This computation is within `try`, attempting min operation on feasible range considering previously accounted errors, leading directly to:\n- **Line 7 Exception**: Executed in many erroneous or adjusted entries due to potential failures in computation, input, or logic.\n\n#### Step 7: End Result\n- `print(min(dp[H:]))`: This statement not logically reaching normally due to setup mismatches but viable hypothetically if steps adjusted. Executions direct tough to Set 2 consideration.\n\n### FINAL CODE COVERAGE:\nConsidering all steps, trials, deviations due to errors or logical mismatches:\n- Errors likely promotes key executions in lines 1, 2, 3, 4, 5, 7 overall validly assessed for Set 1.\n- **Set 1: Statements 1, 2, 3, 4, 5, 7**\n\nNote: Both given code execution steps pursued alongside code test instance elucidate adjustments for heavily misfitting scenarios confirming observation reasons mostly aligning set selections.",
                "response_time": 13.80690598487854,
                "input_tokens": 664,
                "output_tokens": 598
            }
        ],
        "serialized_code": "Line 1: H,N = map(int,input().split())\nLine 2: spells = [tuple(map(int,input().split())) for _ in range(N)]\nLine 3: max_a = max(spells)[0]\nLine 4: dp = [0]\nLine 5: for i in range(1, H + max_a + 1):\nLine 6:   try:\nLine 7:     dp.append(min([dp[i - a] + b for a,b in spells if a <= i]))\nLine 8:   except ValueError:\nLine 9:     dp.append(10**8)\nLine 10: print(min(dp[H:]))\n",
        "test_case_id": "1"
    }
]