[
    {
        "submission_id": "s726891348",
        "import_statements_removed": [],
        "import_statements_removed_libs": [],
        "number_of_imports_removed": 0,
        "number_of_calls": {},
        "lines_affected": {},
        "focc": [
            "Set 1: Statements 1, 2, 3, 4, 5, 6, 7, 8, 9, 10, 11, 12",
            "Set 2: Statements 1, 2, 3, 4, 6, 7, 8, 9, 10, 11, 12",
            "Set 3: Statements 1, 2, 3, 4, 5, 6, 7, 8, 9, 10, 11, 13, 14",
            "Set 4: Statements 1, 2, 3, 4, 6, 7, 8, 9, 10, 11, 13, 14",
            "Set 5: Statements 1, 2, 3, 4, 5, 6, 7, 8, 9, 10, 11, 13, 15, 16, 17, 18, 19, 22",
            "Set 6: Statements 1, 2, 3, 4, 6, 7, 8, 9, 10, 11, 13, 15, 16, 17, 18, 19, 22",
            "Set 7: Statements 1, 2, 3, 7, 8, 9, 10, 11, 13, 15, 16, 17, 18, 23",
            "Set 8: Statements 1, 2, 3, 4, 5, 6, 7, 8, 9, 10, 11, 13, 15, 16, 17, 19, 22",
            "Set 9: Statements 1, 2, 3, 4, 6, 7, 8, 9, 10, 11, 13, 15, 16, 17, 19, 22",
            "Set 10: Statements 1, 2, 3, 4, 5, 6, 7, 8, 9, 10, 11, 13, 15, 16, 17, 19, 20, 22",
            "Set 11: Statements 1, 2, 3, 4, 6, 7, 8, 9, 10, 11, 13, 15, 16, 17, 19, 20, 22",
            "Set 12: Statements 1, 2, 3, 7, 8, 9, 10, 11, 13, 15, 16, 17, 19, 20, 23"
        ],
        "code": "n = int(input())\na = list(map(int,input().split()))\ndef gcd(a,b):\n    while b != 0:\n        a,b = b,a%b\n    return a\nright_gcd = [0]*(n)\nleft_gcd = [0]*(n)\nright_gcd[n-1] = a[n-1]\nleft_gcd[0] = a[0]\nfor i in range(n-1,0,-1):\n    right_gcd[i-1] = gcd(right_gcd[i],a[i-1])\nfor i in range(n-1):\n    left_gcd[i+1] = gcd(left_gcd[i],a[i+1])\nexcept_gcd = [0]*n\nfor i in range(n):\n    if i == 0:\n        except_gcd[i] = right_gcd[1]\n    elif i == n-1:\n        except_gcd[i] = left_gcd[n-2]\n    else:\n        except_gcd[i] = gcd(left_gcd[i-1],right_gcd[i+1])\nprint(max(except_gcd))",
        "test_cases": [
            {
                "test_case_id": 1,
                "test_case_inputs": "Test Case Input:\n\n5\n10 20 30 40 50",
                "crispe_response": "PLAN:\n\n**Step 1: Input Reading and Initial Setup**  \nThe program starts by reading an integer `n` which determines the size of the list `a`. The test case provides `n = 5` and the list `a = [10, 20, 30, 40, 50]`.  \nObservation 1: This implies that statements 1 and 2 are executed to process the input. All possible coverage sets include lines 1 and 2.\n\n**Step 2: Initialization of Arrays and Functions**  \nThe function `gcd(a, b)` is defined to compute the greatest common divisor using a while loop. The arrays `right_gcd` and `left_gcd` are initialized with length `n`.  \nObservation 2: Statements 3, 4, 5, 6, 7, 8, 9, and 10 are executed during this initialization, keeping all coverage sets as potentially applicable.\n\n**Step 3: Calculation of Right GCD Array**  \nThe loop running from `n-1` to `0` in reverse order sets up `right_gcd`. For `n = 5`, iterations occur with `i = 4, 3, 2, 1`.  \nObservation 3: Statements 11 and 12 are executed only on the first pass, eliminating sets that exclude these lines. Set 7 and set 12 are eliminated because they do not cover line 12.\n\n**Step 4: Calculation of Left GCD Array**  \nThe loop from `0` to `n-1` calculates `left_gcd`, processing `i = 0, 1, 2, 3`.  \nObservation 4: Cover statements for this pass include lines 13 and 14. Set 5, set 6, set 9, and set 11 are eliminated, leaving only sets that consistently cover this loop and subsequent steps.\n\n**Step 5: Construction of Except GCD Array**  \nThe loop iterates through `i = 0` to `n-1` to compute the `except_gcd` for each element, making use of `right_gcd` and `left_gcd`.  \nObservation 5: During this part, line 15 executes as part of a conditional sequence that checks `i == 0`, line 16 checks `i == n-1`, and line 17 is otherwise executed. This narrows our candidate sets to those with lines 15, 16, and 17. Sets 3 and 4 get eliminated as they miss part of or all of this functionality.  \nLine 18 runs within the gcd calculation, but its particulars were in prior gcd evaluations.\n\n**Step 6: Final Step for Output**  \nThe final part involves computing `max(except_gcd)` and printing the result. The statement on line 22 is executed to produce the final output, thereby closing out sets missing this end-step. Re-visiting earlier constraints and loops, only applicable sets are 8 and 10.\n\n**FINAL CODE COVERAGE:**  \nSet 10: Statements 1, 2, 3, 4, 5, 6, 7, 8, 9, 10, 11, 13, 15, 16, 17, 19, 20, 22",
                "response_time": 7.1871747970581055,
                "input_tokens": 878,
                "output_tokens": 419
            },
            {
                "test_case_id": 2,
                "test_case_inputs": "Test Case Input:\n3\n1 2 3",
                "crispe_response": "PLAN:\n\nStep 1: Input Processing:  \nThe program begins by reading an integer `n` and a list of `n` integers. For the test case with input `3` and the list `1 2 3`, lines responsible for input processing are executed successfully.  \nObservation 1: All sets of code coverage are applicable as they all include the input processing statements: Lines 1 and 2.\n\nStep 2: Define the GCD Function:  \nA function `gcd(a, b)` is defined to compute the greatest common divisor of two numbers. This function is crucial for subsequent calculations.  \nObservation 2: All sets contain line 3 (function definition), so they remain applicable.\n\nStep 3: Initialize Arrays:  \nTwo arrays, `right_gcd` and `left_gcd`, are initialized to store the gcd computations from the right and left sides, respectively. Initially, the last element of `right_gcd` is set to `a[n-1]` (line 7) and the first element of `left_gcd` is set to `a[0]` (line 8).  \nObservation 3: Sets without the initialization lines (lines 4 and 5) are not applicable. This eliminates sets 7 and 12 which do not include these statements.\n\nStep 4: Compute Right GCDs:  \nA loop calculates the gcd for `right_gcd` from right to left (lines 9-11). For the input `[1, 2, 3]`, this involves calculations that go through successfully, without skipping any part of the loop.  \nObservation 4: All remaining sets include these lines, so no immediate elimination is possible based on this step alone.\n\nStep 5: Compute Left GCDs:  \nAnother loop calculates the gcd for `left_gcd` from left to right (lines 12-14). These also execute fully as none of the lines are avoided for the given input.  \nObservation 5: Sets which do not include these lines (12-14) cannot be applicable. From previous eliminations, all remaining sets include these lines, so no elimination occurs at this point.\n\nStep 6: Calculate Except GCD:  \nA loop (line 15) iterates `n` times to compute `except_gcd`. For `i = 0`, `i = n-1`, and all other positions, appropriate `gcd` calculations occur according to lines 16, 17, and 18. This leads to complete execution of all these statements within the loop.\nObservation 6: This will not differentiate further beyond previous eliminations as sets still in contention all account for the loop constructs.\n\nStep 7: Output the Maximum Value:  \nFinally, the program prints the maximum value in the `except_gcd` array (line 22). This marks successful termination of the program's intended operations.  \nObservation 7: As any working code must ultimately execute a print statement (line 22), sets lacking this will have been filtered out already. This does not allow further distinction among remaining candidates.\n\nFINAL CODE COVERAGE:  \nEvery step executed aligns with the functionality captured in Set 5. It includes all the necessary initializations, array operations, and terminal output processes established in our step-by-step.\n\nSet 5: Statements 1, 2, 3, 4, 5, 6, 7, 8, 9, 10, 11, 13, 15, 16, 17, 19, 22",
                "response_time": 10.856177568435669,
                "input_tokens": 876,
                "output_tokens": 474
            }
        ],
        "serialized_code": "Line 1: n = int(input())\nLine 2: a = list(map(int,input().split()))\nLine 3: def gcd(a,b):\nLine 4:     while b != 0:\nLine 5:         a,b = b,a%b\nLine 6:     return a\nLine 7: right_gcd = [0]*(n)\nLine 8: left_gcd = [0]*(n)\nLine 9: right_gcd[n-1] = a[n-1]\nLine 10: left_gcd[0] = a[0]\nLine 11: for i in range(n-1,0,-1):\nLine 12:     right_gcd[i-1] = gcd(right_gcd[i],a[i-1])\nLine 13: for i in range(n-1):\nLine 14:     left_gcd[i+1] = gcd(left_gcd[i],a[i+1])\nLine 15: except_gcd = [0]*n\nLine 16: for i in range(n):\nLine 17:     if i == 0:\nLine 18:         except_gcd[i] = right_gcd[1]\nLine 19:     elif i == n-1:\nLine 20:         except_gcd[i] = left_gcd[n-2]\nLine 21:     else:\nLine 22:         except_gcd[i] = gcd(left_gcd[i-1],right_gcd[i+1])\nLine 23: print(max(except_gcd))\n",
        "test_case_id": "1"
    }
]