[
    {
        "submission_id": "s753898073",
        "import_statements_removed": [],
        "import_statements_removed_libs": [],
        "number_of_imports_removed": 0,
        "number_of_calls": {},
        "lines_affected": {},
        "focc": [
            "Set 1: Statements 1, 4, 5, 6, 7, 10, 11, 15, 21, 22, 23, 24",
            "Set 2: Statements 1, 4, 5, 6, 7, 10, 11, 15, 16, 21, 22, 23, 24",
            "Set 3: Statements 1, 4, 5, 6, 7, 8, 9, 10, 11, 15, 16, 18, 20, 22, 23, 24",
            "Set 4: Statements 1, 4, 5, 6, 7, 8, 9, 10, 11, 15, 16, 18, 19, 20, 22, 23, 24",
            "Set 5: Statements 1, 4, 5, 6, 7, 10, 11, 13, 15, 21, 22, 23, 24",
            "Set 6: Statements 1, 4, 5, 6, 7, 8, 9, 10, 11, 13, 15, 16, 18, 20, 22, 23, 24",
            "Set 7: Statements 1, 4, 5, 6, 7, 8, 9, 10, 11, 13, 15, 16, 18, 19, 20, 22, 23, 24",
            "Set 8: Statements 1, 4, 5, 6, 7, 10, 11, 12, 15, 21, 22, 23, 24",
            "Set 9: Statements 1, 4, 5, 6, 7, 8, 9, 10, 11, 12, 15, 16, 18, 20, 22, 23, 24",
            "Set 10: Statements 1, 4, 5, 6, 7, 8, 9, 10, 11, 12, 15, 16, 18, 19, 20, 22, 23, 24",
            "Set 11: Statements 1, 4, 5, 6, 7, 10, 11, 14, 15, 21, 22, 23, 24",
            "Set 12: Statements 1, 4, 5, 6, 7, 8, 9, 10, 11, 14, 15, 16, 18, 20, 22, 23, 24"
        ],
        "code": "def dot3(O, A, B):\n    ox, oy = O; ax, ay = A; bx, by = B\n    return (ax - ox) * (bx - ox) + (ay - oy) * (by - oy)\ndef cross3(O, A, B):\n    ox, oy = O; ax, ay = A; bx, by = B\n    return (ax - ox) * (by - oy) - (bx - ox) * (ay - oy)\ndef dist2(A, B):\n    ax, ay = A; bx, by = B\n    return (ax - bx) ** 2 + (ay - by) ** 2\ndef is_intersection(P0, P1, Q0, Q1):\n    C0 = cross3(P0, P1, Q0)\n    C1 = cross3(P0, P1, Q1)\n    D0 = cross3(Q0, Q1, P0)\n    D1 = cross3(Q0, Q1, P1)\n    if C0 == C1 == 0:\n        E0 = dot3(P0, P1, Q0)\n        E1 = dot3(P0, P1, Q1)\n        if not E0 < E1:\n            E0, E1 = E1, E0\n        return E0 <= dist2(P0, P1) and 0 <= E1\n    return C0 * C1 <= 0 and D0 * D1 <= 0\nfor q in range(int(input())):\n    x0, y0, x1, y1, x2, y2, x3, y3 = map(int, input().split())\n    print(+is_intersection((x0, y0), (x1, y1), (x2, y2), (x3, y3)))",
        "test_cases": [
            {
                "test_case_id": 1,
                "test_case_inputs": "Test Case Input:\n2\n0 0 2 2 1 0 0 1\n1 1 3 3 2 1 1 2",
                "crispe_response": "PLAN:\n\n**Step 1: Input Processing:**  \nThe program starts by reading the number of test cases, which is 2, and then proceeds to read the corresponding line segments data. For each test case, it processes the coordinates of points P0, P1, Q0, and Q1. The program performs this input manipulation using `input()` and `map(int, input().split())`.\n\n**Observation 1:**  \nAll sets of code coverage include the loop and the input reading mechanism, i.e., statements 1 through 15. Hence, sets 1 through 12 are all applicable at this stage.\n\n**Step 2: First Test Case Processing:**  \nFor the first test case `(0, 0, 2, 2, 1, 0, 0, 1)`:\n\n1. **Cross Product Calculation:**  \n   - `C0 = cross3(P0, P1, Q0)` calculates the cross product for the first triplet of points.\n   - `C1 = cross3(P0, P1, Q1)` calculates the cross product for the second triplet.\n   - `D0 = cross3(Q0, Q1, P0)` calculates the cross product for the reversed order.\n   - `D1 = cross3(Q0, Q1, P1)`.\n\n   **Observation 2:**  \n   Statements 4 and 5 are executed across all function calls for the cross product, making sets 1 through 12 applicable as they all include these statements.\n\n2. **Intersection Check:**  \n   Depending on the results of `C0`, `C1`, `D0`, and `D1`, the program checks if these result in the segments intersecting.\n\n   **Observation 3:**  \n   For this test case, the cross products do not indicate parallel lines, nor do they fall on each other. Hence, the main if condition (`C0 == C1 == 0`) is false, proceeding to the return statement `return C0 * C1 <= 0 and D0 * D1 <= 0`. This skips the inner blocks that check for collinear overlap using dot product and distance (tutorial statements 8 to 19), thus sets including these can be eliminated unless proceeding with the second test case demands it.\n   \n   The check using cross product indicates potential intersection, so the simple `return` condition is evaluated based on the products of the cross results.\n  \n3. **Output for First Test Case:**  \n   The program executes the print statement for the result of the intersection check.\n\n**Observation 4:**  \nThe coverage for this test case up to the `return` statement excludes cases relying on dot products and distance checking in conditions (`E0, E1`), implying that for the first test case:\n- Sets 3, 4, 6, 7, 9, 10, 12 essentially are excluded due to reliance on statements not reached for this direct return shortcut path.\n\n**Step 3: Second Test Case Processing:**  \nFor the second set of coordinates `(1, 1, 3, 3, 2, 1, 1, 2)`:\n\n1. **Cross Product Calculations:**  \n   Additional sets apart from 1, 2, 5, 8, and 11 are not required to simulate cross-validation.\n\n2. **Intersection Check Again:**  \n   Similar conditions apply; if no direct line discriminant in the cross is available leading again to a non-parallel condition and evaluates the final intersection path with a focus on segments not reaching the extra comparison of overlaps with dots.\n\n3. **Output for Second Test Case:**  \n   Confirms whether intersections are unique or not, iterating over straight outcomes. Another print confirms the pathway to confirming the active source points.\n\n**Final Coverage Consideration:**  \nAll directly traversed points following the summarized checks consider:\n- Eliminate set options inclusive of statements engaged in elif's conditional comparison (dot3 and distance specifics), which form coverage reliant on zero equality throughput overlap regions in a specific plan.\n\nTherefore,** FINAL CODE COVERAGE:**  \n**Set 2:** Statements 1, 4, 5, 6, 7, 10, 11, 15, 16, 21, 22, 23, 24.  \n\nIt accounts adequately for initial intersection checks but skips any optional backdrop zero intersect specific calculations required in complete subsets, consistently aligning with statements directly navigated within given test contexts.",
                "response_time": 14.854284286499023,
                "input_tokens": 1006,
                "output_tokens": 598
            },
            {
                "test_case_id": 2,
                "test_case_inputs": "Test Case Input:\n0\n0 0 1 1 2 2 3 3\n\nThis test case involves two line segments that do not intersect.",
                "crispe_response": "PLAN:\n\nStep 1: Input Handling and Initialization\nThe program begins by reading an integer input which indicates the number of test cases. In this test case, the input is 0, meaning there will be no iterations for line 20 that reevaluates the input reading. Statements executed include line 1 for function definitions and line 21 for reading data.\nObservation 1: All sets of code coverage are applicable as they all include line 1.\n\nStep 2: Variable Assignment and Function Calls\nThe input 0 0 1 1 2 2 3 3 assigns the coordinates for two line segments: P0 (0, 0), P1 (1, 1), Q0 (2, 2), and Q1 (3, 3). These values are processed using the functions `cross3` and `dot3`.\nThe respective function calls result in:\n- C0 = cross3(P0, P1, Q0): Executes line 4 in `cross3`.\n- C1 = cross3(P0, P1, Q1): Executes line 4 in `cross3`.\n- D0 = cross3(Q0, Q1, P0): Executes line 5 in `cross3`.\n- D1 = cross3(Q0, Q1, P1): Executes line 5 in `cross3`.\nThese prepare values for checking the segment intersection in line 10.\nObservation 2: All sets of code coverage remain applicable as they all include lines 1, 4, and 5 for capturing input and initializing variables.\n\nStep 3: Check for Parallel and Overlapping Lines\nC0 == C1 == 0 identifies the lines as collinear. As the given case requires handling collinear segments, the program calls `dot3` for checking overlap:\n- E0 = dot3(P0, P1, Q0): Executes line 6 in `dot3`.\n- E1 = dot3(P0, P1, Q1): Executes line 6 in `dot3`.\nThe program assumes no overlap as the earlier segment fully precedes the comparison result at this point.\nObservation 3: This specific scenario rules out sets 5, 8, and 11, which derive from lines outside apparent overlap handling (based on execution of function `dot3`).\n\nStep 4: Evaluate for Line Overlap or Intersection\nThis involves checking conditions after cross products and determining overlap or lack thereof. `dist2` is employed:\n- line 7 evaluates if E0 <= dist2(P0, P1) and 0 <= E1 ensuring proper conditional logic.\nThis step fully captures any potentially successful conditions after evaluation of the data set.\nObservation 4: Sets 2 and 8 are excluded here as they do not align with executing of distinction check of overlaps seen in number forms.\n\nStep 5: Final Processing and Output\nExecution advances to line 23 with the result processed through `is_intersection` (via encapsulated logic) to express the presence or absence of intersecting points.\nBy the conclusion, viable intersections remain without advanced semantic involvement of further data calculations.\nObservation 5: Sets 3, 4, 6, 7, and 9 provide all necessary reach for practical outputs under collinearity circumstances, permitting expanded parameter parsing.\n\nThe final observation confirms which sets efficiently mark steps followed by the second segment, verifying `cross3` outcome essentials and distinguishing intersection logic currently unaffected.\n\n**FINAL CODE COVERAGE:**\nSet 9: Results in handling both initiating through `cross3` comprehensive statement prospects, delivering conditioned responses in line with successful verification - matching output expressions based on statement consequence.",
                "response_time": 12.789499759674072,
                "input_tokens": 1009,
                "output_tokens": 504
            }
        ],
        "serialized_code": "Line 1: def dot3(O, A, B):\nLine 2:     ox, oy = O; ax, ay = A; bx, by = B\nLine 3:     return (ax - ox) * (bx - ox) + (ay - oy) * (by - oy)\nLine 4: def cross3(O, A, B):\nLine 5:     ox, oy = O; ax, ay = A; bx, by = B\nLine 6:     return (ax - ox) * (by - oy) - (bx - ox) * (ay - oy)\nLine 7: def dist2(A, B):\nLine 8:     ax, ay = A; bx, by = B\nLine 9:     return (ax - bx) ** 2 + (ay - by) ** 2\nLine 10: def is_intersection(P0, P1, Q0, Q1):\nLine 11:     C0 = cross3(P0, P1, Q0)\nLine 12:     C1 = cross3(P0, P1, Q1)\nLine 13:     D0 = cross3(Q0, Q1, P0)\nLine 14:     D1 = cross3(Q0, Q1, P1)\nLine 15:     if C0 == C1 == 0:\nLine 16:         E0 = dot3(P0, P1, Q0)\nLine 17:         E1 = dot3(P0, P1, Q1)\nLine 18:         if not E0 < E1:\nLine 19:             E0, E1 = E1, E0\nLine 20:         return E0 <= dist2(P0, P1) and 0 <= E1\nLine 21:     return C0 * C1 <= 0 and D0 * D1 <= 0\nLine 22: for q in range(int(input())):\nLine 23:     x0, y0, x1, y1, x2, y2, x3, y3 = map(int, input().split())\nLine 24:     print(+is_intersection((x0, y0), (x1, y1), (x2, y2), (x3, y3)))\n",
        "test_case_id": "1"
    }
]