[
    {
        "submission_id": "s666073202",
        "import_statements_removed": [],
        "import_statements_removed_libs": [],
        "number_of_imports_removed": 0,
        "number_of_calls": {},
        "lines_affected": {},
        "focc": [
            "Set 1: Statements 1, 2, 3, 4, 5, 6, 7, 8, 9, 10, 11, 12",
            "Set 2: Statements 1, 2, 3, 4, 5, 6, 7, 8, 9, 10, 12",
            "Set 3: Statements 1, 2, 3, 4, 5, 6, 7, 8, 12",
            "Set 4: Statements 1, 2, 3, 4, 5, 6, 7, 12"
        ],
        "code": "n,k = map(int,input().split())\nline = list(map(int,input().split()))\ninf = float('inf')\nline.extend([inf for i in range(k)])\nbox = [inf for i in range(n + k)]\nbox[0] = 0\nfor x in range(n):   \n  for i in range(1,k+1):\n    cost = abs(line[x] - line[x+i])\n    if box[x+i] >= box[x] + cost:\n      box[x+i] = box[x] + cost\nprint(box[n-1])",
        "test_cases": [
            {
                "test_case_id": 1,
                "test_case_inputs": "Test Case Input:\n5 3\n1 2 3 4 5",
                "crispe_response": "Let's analyze the given Python program step-by-step to determine the code coverage for the provided test case:\n\n---\n\n**GIVEN TEST CASE INPUT:**\n```\nn = 5, k = 3\nline = [1, 2, 3, 4, 5]\n```\n\n**GIVEN PROGRAM ANALYSIS:**\n\n**Step 1: Input Processing**\n\n- **Lines 1 and 2:**\n  - The program reads two integers, `n` and `k`, and processes a list `line` from input. Given the test case, this corresponds to `n = 5`, `k = 3`, and `line = [1, 2, 3, 4, 5]`. These lines will be executed as part of input processing.\n  \n  **Observation 1:** All sets (1, 2, 3, 4) include lines 1 and 2, making them all initially applicable.\n\n**Step 2: Extend Line with `inf` Values**\n\n- **Line 3:**\n  - The program extends the `line` list by appending `k` times the value `inf`. This will modify the `line` to `[1, 2, 3, 4, 5, inf, inf, inf]`.\n  \n  **Observation 2:** All sets (1, 2, 3, 4) account for line 3's execution.\n\n**Step 3: Initialize Box with `inf` Values**\n\n- **Line 4:**\n  - The `box` list is initialized with `n + k` times the value `inf`, giving `[inf, inf, inf, inf, inf, inf, inf, inf]`.\n  \n  **Observation 3:** All sets (1, 2, 3, 4) include line 4's execution.\n\n**Step 4: Set Initial Box Value**\n\n- **Line 5:**\n  - The first element of `box` is set to `0`, resulting in `box = [0, inf, inf, inf, inf, inf, inf, inf]`.\n\n  **Observation 4:** All sets (1, 2, 3, 4) include line 5.\n\n**Step 5: Outer Loop Iteration Over `n`**\n\n- **Line 6:**\n  - The program utilizes a loop from `x = 0` to `x = n-1`. In this test case, the loop will iterate over `x = 0, 1, 2, 3, 4`.\n  \n  **Observation 5:** All sets (1, 2, 3, 4) cover the execution of line 6.\n\n**Step 6: Inner Loop Iteration Over `k`**\n\n- **Line 7:**\n  - For each `x`, there is an inner loop iterating over `i = 1` to `i = k=3`. So, for each `x`, `i` takes the values 1, 2, and 3.\n  \n  **Observation 6:** All sets (1, 2, 3, 4) include line 7.\n\n**Step 7: Compute Cost and Conditional Update**\n\n- **Lines 8, 9:**\n  - For each value of `x` and `i`, the `cost` is calculated as `abs(line[x] - line[x+i])`.\n  - **Line 9:** If `box[x+i] >= box[x] + cost`, then `box[x+i]` is updated with `box[x] + cost`.\n  - The condition checks and possible updates will execute for valid indices in each loop.\n\n  **Observation 7:** All sets (1, 2, 3) account for line 8. Sets 1, 2, 3 explicitly include line 9, making them relevant when the condition leads to an update.\n\n**Step 8: Print Final Result**\n\n- **Line 12:**\n  - The last statement prints the value `box[n-1]`. Here, `box[4]` is printed after all loop iterations.\n  \n  **Observation 8:** Sets 1, 2, 3 include line 12, supporting result output.\n\n**Conclusion:**\n- **Line 11** was not mentioned in any possible set. Therefore, by ruling out inclusion due to lack of any coverage indication, it seems unlikely to be part of logical flow necessary for recognition.\n- The absence of coverage or output control lines 10 and 11, concludes that feasible code coverage in all cases is a print function executed last.\n\n**FINAL CODE COVERAGE:**\nSet 3: Statements 1, 2, 3, 4, 5, 6, 7, 8, 12",
                "response_time": 13.261730194091797,
                "input_tokens": 705,
                "output_tokens": 557
            },
            {
                "test_case_id": 2,
                "test_case_inputs": "Test Case Input:\n0 0",
                "crispe_response": "To determine the code coverage for the given test case with the program provided, let's go through the reasoning steps:\n\n### PLAN:\n\n**Step 1: Input Processing:**\n- The program begins by reading input values for `n` and `k`. In this test case, `n` and `k` are both 0.\n- This means that the `line` list will be empty after `line = list(map(int,input().split()))`.\n  \n  **Observation 1:** All sets of code coverage begin with statements 1 and 2 because these lines handle input processing.\n\n**Step 2: Line List Creation:**\n- The line `line.extend([inf for i in range(k)])` attempts to extend the list `line` with `k` copies of `inf`. Since `k=0`, this does not change the `line` list.\n- Similarly, `box` is initialized with `n+k` copies of `inf`. Since both `n` and `k` are 0, `box = [inf for i in range(0)]` results in an empty list.\n- Then, `box[0] = 0` is attempted, but since `box` is empty, this action would normally trigger an IndexError. However, the reasoning assumes no error, which means these lines will be skipped due to the inputs.\n  \n  **Observation 2:** The presence of input handling and initializations (statements 3, 4, and 5) suggests possible continuation, but practically, this would lead to an error or would be skipped in a controlled environment. However, we must consider the statements as potentially encountered due to clear inputs.\n\n**Step 3: Outer Loop Evaluation:**\n- The outer loop runs for `x in range(n)`. With `n=0`, this loop doesn't execute, so the nested loop starting at statement 7 and any subsequent lines inside it are skipped.\n\n  **Observation 3:** Since the outer loop does not execute, statements 7, 8, 9, and 10 (and any inner loops or if conditions they might affect) are not applicable. This rules out Set 1, as it includes the statement 11, executed only within the loop context.\n\n**Step 4: Print Statement Evaluation:**\n- The statement `print(box[n-1])` attempts to print an element from the `box` list. With `n=0`, `box[n-1]` is actually `box[-1]`, which might not exist given the list is possibly empty. However, since the reasoning doesn't consider errors, line 12 may still be encountered in a theoretically safe environment.\n\n  **Observation 4:** If line 12 is evaluated in an error-tolerant setting, any set that includes it remains viable. This eliminates Set 4, which doesn't include line 12.\n\n### FINAL CODE COVERAGE:\n\n**Set 3:** Statements 1, 2, 3, 4, 5, 6, 7, 8, 12\n\nThis set includes the initialization and input handling, skips the loops due to input constraints, and ends with the final print \u2013 aligning with the functional path given the peculiarities of the input.",
                "response_time": 7.1157941818237305,
                "input_tokens": 700,
                "output_tokens": 434
            }
        ],
        "serialized_code": "Line 1: n,k = map(int,input().split())\nLine 2: line = list(map(int,input().split()))\nLine 3: inf = float('inf')\nLine 4: line.extend([inf for i in range(k)])\nLine 5: box = [inf for i in range(n + k)]\nLine 6: box[0] = 0\nLine 7: for x in range(n):   \nLine 8:   for i in range(1,k+1):\nLine 9:     cost = abs(line[x] - line[x+i])\nLine 10:     if box[x+i] >= box[x] + cost:\nLine 11:       box[x+i] = box[x] + cost\nLine 12: print(box[n-1])\n",
        "test_case_id": "1"
    }
]