[
    {
        "submission_id": "s640366106",
        "import_statements_removed": [],
        "import_statements_removed_libs": [],
        "number_of_imports_removed": 0,
        "number_of_calls": {},
        "lines_affected": {},
        "focc": [
            "Set 1: Statements 1, 20",
            "Set 2: Statements 1, 20, 22, 23"
        ],
        "code": "def function(a,b,c,d,e):\n\tA=[a,b,c,d,e]\n\tA.sort()\n\tif A[0]==A[3] or A[1]==A[4]:\n\t\tprint(\"four card\")\n\telif (A[0]==A[1] and A[2]==A[4]) or (A[0]==A[2] and A[3]==A[4]):\n\t\tprint(\"full house\")\n\telif A[0]==A[2] or A[1]==A[3] or A[2]==A[4]:\n\t\tprint(\"three card\")\n\telif (A[0]==A[1] and A[2]==A[3]) or (A[0]==A[1] and A[3]==A[4]) or (A[1]==A[2] and A[3]==A[4]):\n\t\tprint(\"two pair\")\n\telif A[0]==A[1] or A[1]==A[2] or A[2]==A[3] or A[3]==A[4]:\n\t\tprint(\"one pair\")\n\telif A==[1,10,11,12,13]:\n\t\tprint(\"straight\")\n\telif A[0]==A[1]-1==A[2]-2==A[3]-3==A[4]-4:\n\t\tprint(\"straight\")\n\telse:\n\t\tprint(\"null\")\nwhile True:\n\ttry:\n\t\ta,b,c,d,e=map(int,input().split(','))\n\t\tfunction(a,b,c,d,e)\n\texcept EOFError:\n\t\tbreak",
        "test_cases": [
            {
                "test_case_id": 1,
                "test_case_inputs": "Test Case Input:\n1, 2, 3, 4, 5",
                "crispe_response": "Let's break down the execution of the given Python program with the provided test case input (1, 2, 3, 4, 5) and apply the step-by-step reasoning to identify which set of statements will be covered.\n\nPLAN:\n\n**Step 1: Input Handling**  \n- The program uses a `while True` loop to continuously accept input until an EOFError occurs, which happens when the input ends.  \n- Our test case is `1, 2, 3, 4, 5`. The program will use `map(int, input().split(','))` to parse these values and assign them to `a`, `b`, `c`, `d`, and `e`. This process will be covered by line 20.\n- **Observation 1:** Both sets include line 20, so neither can be eliminated based on this step.\n\n**Step 2: Function Execution**  \n- The `function` is called with arguments 1, 2, 3, 4, and 5.\n- Statement 1 (the function definition) is executed when calling `function(a, b, c, d, e)`.\n- **Observation 2:** Both sets include statement 1, meaning both are still possible at this stage.\n\n**Step 3: Sorting**  \n- The array `A = [a, b, c, d, e]` is initialized as `[1, 2, 3, 4, 5]` and then sorted. Sorting doesn't change this particular sequence because it is already in order.\n- This step still does not eliminate any possible sets, as it does not correspond to any of the otherwise identified statements.\n\n**Step 4: Conditional Checks**  \n- The first condition `if A[0] == A[3] or A[1] == A[4]` checks for \"four card\", which is false since `1 != 4` and `2 != 5`.\n- The second condition `elif (A[0] == A[1] and A[2] == A[4]) or (A[0] == A[2] and A[3] == A[4])` checks for \"full house\", which is false.\n- The third condition `elif A[0] == A[2] or A[1] == A[3] or A[2] == A[4]` checks for \"three card\", which is false.\n- The fourth condition `elif (A[0] == A[1] and A[2] == A[3]) or (A[0] == A[1] and A[3] == A[4]) or (A[1] == A[2] and A[3] == A[4])` checks for \"two pair\", which is false.\n- The fifth condition `elif A[0] == A[1] or A[1] == A[2] or A[2] == A[3] or A[3] == A[4]` checks for \"one pair\", which is false.\n- The sixth condition `elif A == [1, 10, 11, 12, 13]` checks for a specific \"straight\" (Aces and high cards), which is false.\n- The seventh condition `elif A[0] == A[1] - 1 == A[2] - 2 == A[3] - 3 == A[4] - 4` checks for a \"straight\", which is true for [1, 2, 3, 4, 5].\n- Thus, the program executes the statement to print \"straight\".\n\n**Step 5: Completing Execution**  \n- Upon successful execution of \"straight\", the program ends since no exception occurs to terminate the loop prematurely, transitioning to the subsequent input request or termination on EOF.\n\n**Final Observation:**  \n- Since the condition for \"straight\" was met and executed, the program includes statements covered up to line 22, which corresponds to the execution of the input handling and function execution block.\n- The exception handling block (statements 22, 23) to break out of the loop is unaffected, as the program doesn't encounter an EOFError during normal input processing.\n\n**FINAL CODE COVERAGE: Set 1**  \nThe correct coverage includes function execution and initial input handling statement up to 20 but not statement 22 and 23 since our test case didn't reach EOFError during this input sequence.",
                "response_time": 11.392245054244995,
                "input_tokens": 682,
                "output_tokens": 564
            },
            {
                "test_case_id": 2,
                "test_case_inputs": "Test Case Input:\n5,5,5,5,5",
                "crispe_response": "To determine which set of statements will be covered by the given test case, we should analyze the program and follow logical deductions step by step as it processes the test case input.\n\n### PLAN:\n\n**Step 1: Input Processing:**\n- The program begins by waiting for input in the form of integers separated by commas. In the given test case, the input is \"5,5,5,5,5\".\n- These integers are then mapped and passed as arguments to the `function(a, b, c, d, e)`.\n- Observation 1: The input is correctly formatted and processed without any errors, so execution proceeds to the function. Both Set 1 and Set 2 include the statement 1 (function call with input processing).\n\n**Step 2: Function Execution:**\n- The function `function(a, b, c, d, e)` is called with arguments (5, 5, 5, 5, 5).\n\n**Step 3: Sorting the List:**\n- Inside the function, the list A = [a, b, c, d, e] is created: A = [5, 5, 5, 5, 5].\n- The list is sorted, but remains unchanged as A = [5, 5, 5, 5, 5] because all elements are equal.\n- Observation 2: Sorting doesn't alter the list, which maintains all values as 5. This operation is trivial, and Set 1 and Set 2 both include whatever steps might encompass preparing the list for upcoming conditions.\n\n**Step 4: Evaluating Conditions:**\n- The first condition `if A[0] == A[3] or A[1] == A[4]` is checked:\n  - Here, A[0] == 5 and A[3] == 5, thus A[0] == A[3] is `True`.\n  - Observation 3: Since the first condition is satisfied, the \"four card\" print statement executes. This would be on line 22 or whatever the equivalent line number is in running code assuming a listing mismatch. Set 2 includes a successful condition leading to print output; Set 1 does not specify line 22.\n\n**Step 5: Skipping Remaining Conditions:**\n- Given that a match was found in the first condition, all subsequent `elif` and `else` statements are skipped.\n- Observation 4: As we've only satisfied the first check, this narrows our final applicable set down.\n\n**Step 6: Loop and Input Handling Verification:**\n- The function continues executing due to the `while True` loop, attempting to intake another input.\n- If input is omitted or `EOFError` occurs, the loop breaks.\n\n**Final Observation and Outcome:**\n- Considering the path of execution and condition satisfaction, only the sets covering the condition resulting in the \"four card\" message apply.\n- **Set 2** correctly predicts not only correct input but also matches and outputs through the initial condition check, including line 22.\n\n### FINAL CODE COVERAGE:\nSet 2: Statements 1, 20, 22, 23",
                "response_time": 7.841951608657837,
                "input_tokens": 678,
                "output_tokens": 439
            }
        ],
        "serialized_code": "Line 1: def function(a,b,c,d,e):\nLine 2: \tA=[a,b,c,d,e]\nLine 3: \tA.sort()\nLine 4: \tif A[0]==A[3] or A[1]==A[4]:\nLine 5: \t\tprint(\"four card\")\nLine 6: \telif (A[0]==A[1] and A[2]==A[4]) or (A[0]==A[2] and A[3]==A[4]):\nLine 7: \t\tprint(\"full house\")\nLine 8: \telif A[0]==A[2] or A[1]==A[3] or A[2]==A[4]:\nLine 9: \t\tprint(\"three card\")\nLine 10: \telif (A[0]==A[1] and A[2]==A[3]) or (A[0]==A[1] and A[3]==A[4]) or (A[1]==A[2] and A[3]==A[4]):\nLine 11: \t\tprint(\"two pair\")\nLine 12: \telif A[0]==A[1] or A[1]==A[2] or A[2]==A[3] or A[3]==A[4]:\nLine 13: \t\tprint(\"one pair\")\nLine 14: \telif A==[1,10,11,12,13]:\nLine 15: \t\tprint(\"straight\")\nLine 16: \telif A[0]==A[1]-1==A[2]-2==A[3]-3==A[4]-4:\nLine 17: \t\tprint(\"straight\")\nLine 18: \telse:\nLine 19: \t\tprint(\"null\")\nLine 20: while True:\nLine 21: \ttry:\nLine 22: \t\ta,b,c,d,e=map(int,input().split(','))\nLine 23: \t\tfunction(a,b,c,d,e)\nLine 24: \texcept EOFError:\nLine 25: \t\tbreak\n",
        "test_case_id": "1"
    }
]