[
    {
        "submission_id": "s760743179",
        "import_statements_removed": [],
        "import_statements_removed_libs": [],
        "number_of_imports_removed": 0,
        "number_of_calls": {},
        "lines_affected": {},
        "focc": [
            "Set 1: Statements 1, 2, 3, 4, 5, 6, 7, 8, 9, 10, 12",
            "Set 2: Statements 1, 2, 3, 4, 5, 6, 7, 8, 9, 12"
        ],
        "code": "import statistics\nimport math\nN = int(input())\nA = list(map(int, input().split(\" \")))\nA_i = [0]*N\nK_1 = 0\nK_2 = 0\nK_3 = 0\nfor i in range(N):\n    A_i[i] = A[i] - i - 1\ntry:\n    b_1 = statistics.mode(A_i)\nexcept:\n    b_1 = int(statistics.mean(A_i))\nb_2= int(statistics.mean(A_i))\nb_3 = int(statistics.median(A_i))\nfor i in range(N):\n    K_1 = K_1 + abs(A_i[i] - b_1)\n    K_2 = K_2 + abs(A_i[i] - b_2)\n    K_3 = K_3 + abs(A_i[i] - b_3)\nprint(min(K_1, K_2, K_3))",
        "test_cases": [
            {
                "test_case_id": 1,
                "test_case_inputs": "Test Case Input:\n4\n1 2 3 4",
                "crispe_response": "To determine the best code coverage set for the given Python program with the provided test case, we will employ a step-by-step reasoning approach. Let's analyze which statements are actually executed when we run the program with the test case.\n\n### GIVEN CODE:\n```python\nimport statistics\nimport math\nN = int(input())\nA = list(map(int, input().split(\" \")))\nA_i = [0]*N\nK_1 = 0\nK_2 = 0\nK_3 = 0\nfor i in range(N):\n    A_i[i] = A[i] - i - 1\ntry:\n    b_1 = statistics.mode(A_i)\nexcept:\n    b_1 = int(statistics.mean(A_i))\nb_2= int(statistics.mean(A_i))\nb_3 = int(statistics.median(A_i))\nfor i in range(N):\n    K_1 = K_1 + abs(A_i[i] - b_1)\n    K_2 = K_2 + abs(A_i[i] - b_2)\n    K_3 = K_3 + abs(A_i[i] - b_3)\nprint(min(K_1, K_2, K_3))\n```\n\n### GIVEN TEST CASE:\n- Input: \n  ```\n  4\n  1 2 3 4\n  ```\n\n### POSSIBLE SETS OF CODE COVERAGE:\n- Set 1: Statements 1, 2, 3, 4, 5, 6, 7, 8, 9, 10, 12\n- Set 2: Statements 1, 2, 3, 4, 5, 6, 7, 8, 9, 12\n\n### ANALYSIS AND REASONING:\n\n**Step 1: Input Processing**  \n- The program starts with importing modules and reading input values for `N` and `A`.\n- Given the test case, `N = 4` and `A = [1, 2, 3, 4]`.\n- Statements 1, 2, and 3 are executed to accomplish this.\n  \n**Observation 1:**  \nBoth sets are applicable since they include these statements.\n\n**Step 2: Initialize Variables**  \n- Arrays `A_i` and counters `K_1`, `K_2`, `K_3` are initialized.\n- Statements 4 and 5 are executed.\n  \n**Observation 2:**  \nBoth sets include these statements, so they remain applicable.\n\n**Step 3: First Loop Execution**  \n- A for-loop calculates `A_i[i] = A[i] - i - 1` for each index `i`. \n- Given `A = [1, 2, 3, 4]`, the resulting `A_i` will be `[0, 0, 0, 0]`.\n- Statement 6 is executed.\n\n**Observation 3:**  \nBoth sets include line 6 and hence are still applicable.\n\n**Step 4: Mode Calculation with Exception Handling**  \n- `statistics.mode(A_i)` is attempted. Since all elements in `A_i` are the same (0), mode calculation will not raise an exception. Thus, the try block executes, setting `b_1 = 0`.\n- Statement 7 is executed. Statement 8 is not executed because there is no exception.\n  \n**Observation 4:**  \nBoth sets include statement 7 and omit statement 8, so all sets are applicable here.\n\n**Step 5: Mean and Median Calculation**  \n- Calculate `b_2` as the mean and `b_3` as the median of `A_i`, which are both 0 as well.\n- Statement 9 is executed.\n\n**Observation 5:**  \nBoth sets include statement 9. All sets remain possible.\n\n**Step 6: Second Loop for K Calculations**  \n- Loop executes to compute `K_1`, `K_2`, and `K_3`. Since `A_i = [0, 0, 0, 0]` and `b_1 = b_2 = b_3 = 0`, all K values remain 0.\n- Statement 10 is executed.\n\n**Observation 6:**  \nSet 1 includes statement 10, but Set 2 does not. This executes line 10, narrowing down applicability to Set 1.\n\n**Step 7: Print Minimum K Value**  \n- The minimum of `K_1`, `K_2`, and `K_3` is printed, which is 0.\n- Statement 12 implements this.\n\n**Observation 7:**  \nBoth sets include statement 12, but Set 2 misses line 10. Therefore, only Set 1 remains completely applicable.\n\n### FINAL CODE COVERAGE:\n- **Set 1:** Statements 1, 2, 3, 4, 5, 6, 7, 9, 10, 12\n\nThe reasoning process helps confirm that Set 1 is the correct code coverage for the given test case.",
                "response_time": 10.348812580108643,
                "input_tokens": 705,
                "output_tokens": 567
            },
            {
                "test_case_id": 2,
                "test_case_inputs": "Test Case Input:\n0 0",
                "crispe_response": "To determine the set of statements executed by the given test case, we will go through a step-by-step reasoning process similar to the sample example. Here is the detailed process:\n\n### PLAN:\n\n**Step 1: Input Processing**\n- The program begins by taking an integer input `N` and a list of integers `A` based on `N` numbers separated by spaces.\n- Test case input provided is `0 0`, suggesting that `N` is `2` and `A` contains two elements: `[0, 0]`.\n- **Observation 1:** Since both possible code coverages (Set 1 and Set 2) include the input reading statements (lines 1, 2), they are both applicable at this point.\n\n**Step 2: Initialize Arrays and Variables**\n- The array `A_i` with default zero values is initialized to the length of `N`. Here, `A_i = [0, 0]`. Also, `K_1`, `K_2`, and `K_3` are set to `0`.\n- **Observation 2:** Both sets of code coverage still apply as they describe the initialization steps (lines 3, 4, 5, 6, 7).\n\n**Step 3: Adjust the Array `A_i`**\n- Iterate over `A` to compute `A_i[i] = A[i] - i - 1` for each index `i`.\n- For `i=0`: `A_i[0] = 0 - 0 - 1 = -1`.\n- For `i=1`: `A_i[1] = 0 - 1 - 1 = -2`.\n- Thus, `A_i = [-1, -2]`.\n- **Observation 3:** The loop (lines 8, 9) is executed, keeping both code coverage sets relevant.\n\n**Step 4: Calculating Statistical Metrics**\n- The program attempts to calculate `b_1` as the mode of `A_i`. If a mode cannot be determined (all elements unique or no mode), it will assign `b_1` as the mean instead.\n- `A_i = [-1, -2]`, so the mode should not exist for unique numbers, leading to an exception.\n- As a result, `b_1` is set to the mean of `A_i`, which is `int((-1 + -2) / 2) = -1`.\n- Next, calculate `b_2` as the mean of `A_i`; `b_2 = -1` is already computed.\n- Calculate `b_3` as the median of `A_i`; `b_3 = -1.5`, which rounds to `-1`.\n- **Observation 4:** The calculation steps and try-except execution imply that both Sets 1 and 2 remain valid, with lines 10 and 12 relevant.\n\n**Step 5: Calculating K Values**\n- Loop through `A_i` to compute `K_1`, `K_2`, `K_3` using absolute differences:\n  - For `i=0`: `K_1 = 0 + abs(-1 - (-1)) = 0`, `K_2 = 0 + abs(-1 - (-1)) = 0`, `K_3 = 0 + abs(-1 - (-1)) = 0`.\n  - For `i=1`: `K_1 = 0 + abs(-2 - (-1)) = 1`, `K_2 = 0 + abs(-2 - (-1)) = 1`, `K_3 = 0 + abs(-2 - (-1)) = 1`.\n- All `K` values are computed as `1`.\n- **Observation 5:** The for loop over `A_i` elements and computations for `K_1`, `K_2`, and `K_3` are executed as indicated in both Sets 1 and 2 (line 9).\n\n**Step 6: Printing the Result**\n- Finally, the smallest value of `K_1`, `K_2`, `K_3` is printed, which is `1`.\n- **Observation 6:** The printing step (line 12) has been observed, but both sets already include this line, maintaining their applicability.\n\n**FINAL CODE COVERAGE:**\n\nBoth Set 1 and Set 2 have been consistently applicable throughout. Therefore, the test case coverage can correspond to:\n\n**Set 2: Statements 1, 2, 3, 4, 5, 6, 7, 8, 9, 12** \n\nThis set accurately covers usage of try-except block where only necessary lines have been executed throughout the program.",
                "response_time": 12.866717338562012,
                "input_tokens": 702,
                "output_tokens": 569
            }
        ],
        "serialized_code": "Line 1: import statistics\nLine 2: import math\nLine 3: N = int(input())\nLine 4: A = list(map(int, input().split(\" \")))\nLine 5: A_i = [0]*N\nLine 6: K_1 = 0\nLine 7: K_2 = 0\nLine 8: K_3 = 0\nLine 9: for i in range(N):\nLine 10:     A_i[i] = A[i] - i - 1\nLine 11: try:\nLine 12:     b_1 = statistics.mode(A_i)\nLine 13: except:\nLine 14:     b_1 = int(statistics.mean(A_i))\nLine 15: b_2= int(statistics.mean(A_i))\nLine 16: b_3 = int(statistics.median(A_i))\nLine 17: for i in range(N):\nLine 18:     K_1 = K_1 + abs(A_i[i] - b_1)\nLine 19:     K_2 = K_2 + abs(A_i[i] - b_2)\nLine 20:     K_3 = K_3 + abs(A_i[i] - b_3)\nLine 21: print(min(K_1, K_2, K_3))\n",
        "test_case_id": "1"
    },
    {
        "submission_id": "s760743179",
        "import_statements_removed": [
            "import statistics"
        ],
        "import_statements_removed_libs": [
            "statistics"
        ],
        "number_of_imports_removed": 1,
        "number_of_calls": {
            "statistics": 4
        },
        "lines_affected": {
            "statistics": [
                11,
                13,
                14,
                15
            ]
        },
        "focc": [
            "Set 1: Statements 1, 2, 3, 4, 5, 6, 7, 8, 9, 11",
            "Set 2: Statements 1, 2, 3, 4, 5, 6, 7, 8, 11"
        ],
        "code": "import math\nN = int(input())\nA = list(map(int, input().split(\" \")))\nA_i = [0]*N\nK_1 = 0\nK_2 = 0\nK_3 = 0\nfor i in range(N):\n    A_i[i] = A[i] - i - 1\ntry:\n    b_1 = statistics.mode(A_i)\nexcept:\n    b_1 = int(statistics.mean(A_i))\nb_2= int(statistics.mean(A_i))\nb_3 = int(statistics.median(A_i))\nfor i in range(N):\n    K_1 = K_1 + abs(A_i[i] - b_1)\n    K_2 = K_2 + abs(A_i[i] - b_2)\n    K_3 = K_3 + abs(A_i[i] - b_3)\nprint(min(K_1, K_2, K_3))",
        "test_cases": [
            {
                "test_case_id": 1,
                "test_case_inputs": "Test Case Input:\n4\n1 2 3 4",
                "crispe_response": "PLAN:\n\nStep 1: Input Processing:\nThe program begins by taking two inputs. The first input is the integer `N`, which indicates the number of elements, and the second input is a list of integers. For the test case provided, `N = 4` and the list is `[1, 2, 3, 4]`. This means lines 1 and 2 will execute to read the input values.\n\nObservation 1: Both sets of code coverage include lines 1 and 2, so they are both currently applicable.\n\nStep 2: Initialize Variables:\nThe variables `A_i`, `K_1`, `K_2`, and `K_3` are initialized. `A_i` is initialized as a list of zeros with the same length as `N`, and the other variables are initialized to zero. This means line 3 is executed.\n\nObservation 2: Both sets of code coverage include line 3, so they remain applicable.\n\nStep 3: Calculate A_i Values:\nA loop runs from 0 to `N-1`, in this case, from 0 to 3. The list `A_i` is populated with values calculated by `A[i] - i - 1`. For the test case, this results in `A_i = [0, 0, 0, 0]` since `A[i]` is `i + 1` for each `i`.\n\nObservation 3: Line 4 is part of both sets, so both sets remain applicable.\n\nStep 4: Calculate b_1 Using Mode or Mean:\nThe program tries to calculate the mode of `A_i`. Since `A_i = [0, 0, 0, 0]` has all identical elements, the mode exists and will be `0`. Therefore, line 5 executes successfully without raising an exception, choosing `b_1 = 0`.\n\nObservation 4: Line 5 is part of both sets, so both sets remain applicable. Line 6 is not executed because the `try` block succeeds.\n\nStep 5: Calculate b_2 and b_3:\nThe program calculates the mean and median of `A_i`, which will both be `0`. So `b_2 = 0` and `b_3 = 0`.\n\nObservation 5: Line 7 is executed and is part of both sets. Neither set includes line 8 (mean calculation), so this doesn't impact our selection.\n\nStep 6: Compute K Values:\nThe program enters another loop where it calculates `K_1`, `K_2`, and `K_3` using the absolute differences between `A_i[i]` and `b_1`, `b_2`, and `b_3` respectively. Given that all `A_i[i]` are zero and `b_1, b_2, and b_3` are also zero, each of `K_1`, `K_2`, and `K_3` results in `0`.\n\nObservation 6: Line 9 is executed and part of both sets since the body of the loop is executed.\n\nStep 7: Print the Minimum K Value:\nFinally, the program prints the minimum of `K_1`, `K_2`, and `K_3`, which is `0`. Line 11 is executed as this is part of both sets.\n\nObservation 7: Line 11 is executed, part of both sets.\n\nFINAL CODE COVERAGE:\nSince all executed lines (1, 2, 3, 4, 5, 7, 9, 11) match both sets of code coverage, we need an additional criteria connected to unexecuted lines to differentiate the sets. \n\nIn this test case execution: Given that the mode calculation was successful, the exception block for mode calculation (line 6) is not executed. Therefore, the more accurate set reflecting the execution would eliminate line 6.\n\nSet 2: Statements 1, 2, 3, 4, 5, 7, 9, 11",
                "response_time": 28.235799551010132,
                "input_tokens": 701,
                "output_tokens": 523
            },
            {
                "test_case_id": 2,
                "test_case_inputs": "Test Case Input:\n0 0",
                "crispe_response": "Let's analyze the given Python program with the test case input \"0 0\" to determine the code coverage set that fits best by following a step-by-step reasoning process:\n\n### Step-by-Step Analysis:\n\n#### Step 1: Input Processing\n- The program begins by reading a single integer `N` and a list `A` of `N` integers from the input. In the given test case, `N` is 2 (though it's not specified directly, it can be inferred from the input), and `A` is [0, 0].\n- **Observation 1**: Based on this input handling, lines 1 and 2 are executed to capture `N` and populate `A`.\n\n#### Step 2: Variable Initialization\n- The program initializes lists and counters: `A_i` is initialized as a list of zeros with length `N`; `K_1`, `K_2`, and `K_3` are initialized to zero.\n- **Observation 2**: Lines 3, 4, and 5 are executed to initialize these structures.\n\n#### Step 3: Adjust Array Elements\n- A for-loop modifies the elements of `A` to populate `A_i`. For each element `i` in `A`, `A_i[i]` is set to `A[i] - i - 1`.\n- With `A = [0, 0]`:\n  - For `i = 0`: `A_i[0] = 0 - 0 - 1 = -1`\n  - For `i = 1`: `A_i[1] = 0 - 1 - 1 = -2`\n- **Observation 3**: The loop in line 6 is executed twice, iterating over each element of `A`, therefore covering line 7.\n\n#### Step 4: Statistical Calculations\n- The program attempts to find the mode of `A_i`. Given `A_i = [-1, -2]`, there is no unique mode, causing an exception and defaulting to the mean.\n- Hence, `b_1`, `b_2`, and `b_3` are set to the mean and median of `A_i`:\n  - Mean of `A_i`: (-1 + -2) / 2 = -1.5\n  - Median of `A_i`: -1.5 (as it's the middle value of a sorted list [-2, -1])\n- **Observation 4**: Line 8 covers the try-except block. The mode calculation raises an exception, thus line 9 is executed.\n\n#### Step 5: Accumulate Differences\n- For each element in `A_i`, the absolute differences from `b_1`, `b_2`, and `b_3` are computed to update `K_1`, `K_2`, and `K_3` respectively.\n- **Observation 5**: The loop in line 11 is iterated, covering computation in relation to `K_1`, `K_2`, and `K_3`. Lines 12, 13, and 14 are executed respectively.\n\n#### Step 6: Conclusion\n- The program prints the minimum of `K_1`, `K_2`, and `K_3`, fulfilling the purpose of the program.\n- **Observation 6**: With the completion of the program, line 15 is executed.\n\n### Final Code Coverage Determination\n1. **Set 1** includes lines 9, which are executed when an exception is raised due to the absence of a unique mode.\n2. **Set 2** does not include line 9, which is executed due to the exception handling.\n\nBased on the complete walkthrough, **Set 1** is the correct set of code coverage since all lines, including the try-except block handling on line 9, are executed under this scenario.\n\n### FINAL CODE COVERAGE\n**Set 1:** Statements 1, 2, 3, 4, 5, 6, 7, 8, 9, 11, 12, 13, 14, 15",
                "response_time": 14.896295309066772,
                "input_tokens": 698,
                "output_tokens": 511
            }
        ],
        "serialized_code": "Line 1: import math\nLine 2: N = int(input())\nLine 3: A = list(map(int, input().split(\" \")))\nLine 4: A_i = [0]*N\nLine 5: K_1 = 0\nLine 6: K_2 = 0\nLine 7: K_3 = 0\nLine 8: for i in range(N):\nLine 9:     A_i[i] = A[i] - i - 1\nLine 10: try:\nLine 11:     b_1 = statistics.mode(A_i)\nLine 12: except:\nLine 13:     b_1 = int(statistics.mean(A_i))\nLine 14: b_2= int(statistics.mean(A_i))\nLine 15: b_3 = int(statistics.median(A_i))\nLine 16: for i in range(N):\nLine 17:     K_1 = K_1 + abs(A_i[i] - b_1)\nLine 18:     K_2 = K_2 + abs(A_i[i] - b_2)\nLine 19:     K_3 = K_3 + abs(A_i[i] - b_3)\nLine 20: print(min(K_1, K_2, K_3))\n",
        "test_case_id": "2"
    },
    {
        "submission_id": "s760743179",
        "import_statements_removed": [
            "import math"
        ],
        "import_statements_removed_libs": [
            "math"
        ],
        "number_of_imports_removed": 1,
        "number_of_calls": {
            "math": 0
        },
        "lines_affected": {
            "math": []
        },
        "focc": [
            "Set 1: Statements 1, 2, 3, 4, 5, 6, 7, 8, 9, 11",
            "Set 2: Statements 1, 2, 3, 4, 5, 6, 7, 8, 11"
        ],
        "code": "import statistics\nN = int(input())\nA = list(map(int, input().split(\" \")))\nA_i = [0]*N\nK_1 = 0\nK_2 = 0\nK_3 = 0\nfor i in range(N):\n    A_i[i] = A[i] - i - 1\ntry:\n    b_1 = statistics.mode(A_i)\nexcept:\n    b_1 = int(statistics.mean(A_i))\nb_2= int(statistics.mean(A_i))\nb_3 = int(statistics.median(A_i))\nfor i in range(N):\n    K_1 = K_1 + abs(A_i[i] - b_1)\n    K_2 = K_2 + abs(A_i[i] - b_2)\n    K_3 = K_3 + abs(A_i[i] - b_3)\nprint(min(K_1, K_2, K_3))",
        "test_cases": [
            {
                "test_case_id": 1,
                "test_case_inputs": "Test Case Input:\n4\n1 2 3 4",
                "crispe_response": "PLAN:\n\n*Initial Analysis*:\n- The program starts by importing the `statistics` module and takes an integer input `N` followed by a list of `N` integers. For the given test case, \\( N = 4 \\) and the list is [1, 2, 3, 4].\n\n**Step 1: Initialization and Input Processing**:\n- **Execute Lines**: 1 and 2\n- **Reasoning**: The import statement (Line 1) and integer input (Line 2) are executed as part of the program's initialization.\n  \n**Observation 1**: All possible code coverage sets are applicable after these initializations.\n\n**Step 2: List Conversion**:\n- **Execute Line**: 3\n- **Reasoning**: Converts the input numbers string into a list of integers using `map` and `input().split()`.\n\n**Observation 2**: The applicable sets remain because they all include these initial steps.\n\n**Step 3: Adjustment Calculation**:\n- **Execute Lines**: 4, 5, 6\n- **Reasoning**: Initializes arrays and zero values, preparatory for the loop operation which will adjust elements in the list.\n\n**Step 4: Loop and Array Adjustment**:\n- **Execute Line**: 7 (Loop iteration)\n- **Reasoning**: The program modifies list `A_i` such that `A_i[i] = A[i] - i - 1`. During four iterations (for `i` from 0 to 3), this transformation alters the array based on the test case input [1, 2, 3, 4].\n  - Iteration results in `A_i` as `[0, 0, 0, 0]`, as each `A[i]` is equal to `i + 1`.\n\n**Step 5: Calculation of Statistics**:\n- **Execute Line**: 8\n- **Reasoning**: Since `A_i` is `[0, 0, 0, 0]`, `b_1`, `b_2`, and `b_3` are all calculated. The `try` block is executed without exception because mode, mean, and median are the same (all zeros).\n\n**Observation 3**: The try block did not raise an exception as mode could be computed.\n\n**Step 6: Sum of Absolute Differences**:\n- **Execute Lines**: 9, 10\n- **Reasoning**: The program calculates `K_1`, `K_2`, and `K_3` through iteration. All values of `A_i` are zeros, resulting in no differences from `b_1`, `b_2`, and `b_3` \u2014 hence all Ks are zero after completing loops through Lines 9 and 10.\n\n**Observation 4**: Since all statistic calculations occur without issue, statistics-based operations (mean, median, and mode) stay relevant to all sets.\n\n**Step 7: Find Minimum**:\n- **Execute Line**: 11\n- **Reasoning**: The program calculates and prints the minimum of `K_1`, `K_2`, and `K_3`. All values are zero, so zero is printed.\n\n**Final Observation**: The applicable sets are narrowed based on lines covered and no exception occurrence during mode compute. Additionally, no separate else process or alternative handling happens for exceptions in statistics calculation.\n\n**CONCLUSION**:\nGiven each step rationalization,\nFinal Code Coverage: **Set 1**: Statements 1, 2, 3, 4, 5, 6, 7, 8, 9, 11",
                "response_time": 9.036839246749878,
                "input_tokens": 701,
                "output_tokens": 435
            },
            {
                "test_case_id": 2,
                "test_case_inputs": "Test Case Input:\n0 0",
                "crispe_response": "Let's perform a step-by-step analysis to determine which set of statements will be covered by the given test case.\n\n**PLAN:**\n\n**Step 1: Input Processing**  \nThe program begins by accepting two inputs: an integer `N` and a list `A`. The test case provides inputs `0 0`. Given this input, `N` = 0, which means the program will not iterate over `A` and `A_i` because there are no elements in the list.  \n**Observation 1**: Statements 1 and 2 are executed for importing the `statistics` module and taking input. Statements 3 and 4 are executed to assign `N` and `A`.  \nBoth sets (Set 1 and Set 2) include statements 1 to 4, so they remain applicable.\n\n**Step 2: Initialization and Iteration through `A`**  \nWith `N` = 0, the for loop from statement 5 (`for i in range(N)`) will not execute any iterations. Therefore, statements 5 to 6 are bypassed because there are no elements to process in `A`.  \n**Observation 2**: The non-execution of the loop does not affect either set, as both include statement 7 and 8 which follow the loop.\n\n**Step 3: Try-Except Block for Mode Calculation**  \nThe program attempts to compute the mode of the empty list `A_i`. Since an error is likely raised due to the list being empty, the except block will execute. Thus, instead of statement 9 (calculating mode), statement 11 (calculating mean) runs without error.  \n**Observation 3**: Both Set 1 and Set 2 account for the execution after the try-except block, including statement 11 so both are still viable.\n\n**Step 4: Mean and Median Calculation**  \nSince there are no elements in `A_i`, both `b_2` and `b_3` are calculated using the mean and median on what would effectively be zero operations, but nonetheless reached statements 10 and 12 without special modifications to execution flow by design. Since the test case creates these scenarios, they effectively carry no further exclusions.  \n**Observation 4**: Both sets include statements around calculation and or continuation, verifying both remain possible.\n\n**Step 5: Differences Calculation using Values of `b`**  \nSimilar to the loop above, `N` = 0 causes the subsequent loop (statements 13 to 16) calculating `K_1`, `K_2`, and `K_3` to not execute any iterations.  \n**Observation 5**: Since no statement related to iterations is included unconditionally, both sets exclude any bespoke inside computations as both Sets contain valid exit once the given test case concludes insights of this loop.\n\n**Step 6: Final Print Statement**  \nThe program prints the minimum of `K_1`, `K_2`, and `K_3` (statement 17). While `K_1 = 0`, `K_2 = 0`, and `K_3 = 0` since no previous computations modify these variables, printing still occurs.  \n**Observation 6**: The output thus is determined by boundary evaluation against available static zero values, remaining functional within adaption to either provided Set framework, i.e., both Sets 1 and 2 comport with Step inclusion.\n\n**FINAL CODE COVERAGE:**  \nBoth Set 1 and Set 2 appear valid based purely on coverage expectation without differentiation needed via setup basis of the test case. Moving forward indicates refocus, highlighting selection despite non-active engagements, validating element based on static known generally. \n\nUpon reflecting holistic operation providence by coverage strategy, the appropriate selection, primarily carrying redundant lines or essential lines without deviation from main sequential goal internationally, results in **Set 2**: encompassing lines 1, 2, 3, 4, 5, 6, 7, 8, 11.",
                "response_time": 10.111216306686401,
                "input_tokens": 698,
                "output_tokens": 548
            }
        ],
        "serialized_code": "Line 1: import statistics\nLine 2: N = int(input())\nLine 3: A = list(map(int, input().split(\" \")))\nLine 4: A_i = [0]*N\nLine 5: K_1 = 0\nLine 6: K_2 = 0\nLine 7: K_3 = 0\nLine 8: for i in range(N):\nLine 9:     A_i[i] = A[i] - i - 1\nLine 10: try:\nLine 11:     b_1 = statistics.mode(A_i)\nLine 12: except:\nLine 13:     b_1 = int(statistics.mean(A_i))\nLine 14: b_2= int(statistics.mean(A_i))\nLine 15: b_3 = int(statistics.median(A_i))\nLine 16: for i in range(N):\nLine 17:     K_1 = K_1 + abs(A_i[i] - b_1)\nLine 18:     K_2 = K_2 + abs(A_i[i] - b_2)\nLine 19:     K_3 = K_3 + abs(A_i[i] - b_3)\nLine 20: print(min(K_1, K_2, K_3))\n",
        "test_case_id": "3"
    },
    {
        "submission_id": "s760743179",
        "import_statements_removed": [
            "import statistics",
            "import math"
        ],
        "import_statements_removed_libs": [
            "statistics",
            "math"
        ],
        "number_of_imports_removed": 2,
        "number_of_calls": {
            "statistics": 4,
            "math": 0
        },
        "lines_affected": {
            "statistics": [
                10,
                12,
                13,
                14
            ],
            "math": []
        },
        "focc": [
            "Set 1: Statements 1, 2, 3, 4, 5, 6, 7, 8, 10",
            "Set 2: Statements 1, 2, 3, 4, 5, 6, 7, 10"
        ],
        "code": "N = int(input())\nA = list(map(int, input().split(\" \")))\nA_i = [0]*N\nK_1 = 0\nK_2 = 0\nK_3 = 0\nfor i in range(N):\n    A_i[i] = A[i] - i - 1\ntry:\n    b_1 = statistics.mode(A_i)\nexcept:\n    b_1 = int(statistics.mean(A_i))\nb_2= int(statistics.mean(A_i))\nb_3 = int(statistics.median(A_i))\nfor i in range(N):\n    K_1 = K_1 + abs(A_i[i] - b_1)\n    K_2 = K_2 + abs(A_i[i] - b_2)\n    K_3 = K_3 + abs(A_i[i] - b_3)\nprint(min(K_1, K_2, K_3))",
        "test_cases": [
            {
                "test_case_id": 1,
                "test_case_inputs": "Test Case Input:\n4\n1 2 3 4",
                "crispe_response": "PLAN:\n\nStep 1: Input Processing:\nThe program begins by reading an integer input `N` and a list of integers `A`. In the test case, `N` is 4, and the list `A` is [1, 2, 3, 4]. This corresponds to executing lines 1 and 2 of the code.\nObservation 1: Both sets (Set 1 and Set 2) include lines 1 and 2, so both are applicable.\n\nStep 2: Initialize Arrays and Variables:\nThe program initializes an array `A_i` of size `N` with zeros, and three integers `K_1`, `K_2`, and `K_3` set to 0. This corresponds to executing lines 3, 4, and 5.\nObservation 2: Both sets (Set 1 and Set 2) include lines 3, 4, and 5, so both remain applicable.\n\nStep 3: Adjust Array `A_i`:\nThe program enters a loop where it computes `A_i[i] = A[i] - i - 1` for each `i` in range `N`. \nFor the test case, `N` is 4, so the loop will iterate four times:\n   - For `i = 0`: `A_i[0] = 1 - 0 - 1 = 0`\n   - For `i = 1`: `A_i[1] = 2 - 1 - 1 = 0`\n   - For `i = 2`: `A_i[2] = 3 - 2 - 1 = 0`\n   - For `i = 3`: `A_i[3] = 4 - 3 - 1 = 0`\nExecuting this loop corresponds to line 6.\nObservation 3: Both sets include line 6, making them still applicable.\n\nStep 4: Compute Statistical Measures `b_1`, `b_2`, `b_3`:\nThe program attempts to compute the mode of `A_i` using `statistics.mode`. Since all elements of `A_i` are 0, the mode is 0, which prevents an exception from occurring.\nThen, it calculates the mean and median of `A_i`, both of which will be 0 due to all elements being the same. This corresponds to executing lines 7, 8, and 9.\nObservation 4: Both sets include lines 7 and 8. However, line 10 (the exception handling) isn't needed because there is no exception. Thus, Set 1's inclusion of line 10 is irrelevant for this test case.\n\nStep 5: Calculate K Values:\nThe program calculates the sums `K_1`, `K_2`, and `K_3` through a loop that computes the absolute differences between elements of `A_i` and the statistical measures `b_1`, `b_2`, `b_3`. As all values of `A_i` and the statistical measures are 0, all these sums will be zero. This involves executing line 11.\nObservation 5: Both sets include line 11, but Set 1 previously considered the exception handling irrelevant. Therefore, only Set 2 provides coverage consistent with the test case.\n\nStep 6: Output the Minimum K Value:\nFinally, the program prints the minimum of `K_1`, `K_2`, and `K_3`, which in this case is 0. This corresponds to executing the print statement after the loop.\nObservation 6: Both sets would conclude with this print statement, indicating that the execution flow completes appropriately in either scenario. However, since Set 1 involves unnecessary coverage for the non-triggered exception, Set 2 is more precise regarding the test case conditions.\n\nFINAL CODE COVERAGE:\nSet 2: Statements 1, 2, 3, 4, 5, 6, 7, 10",
                "response_time": 10.357667207717896,
                "input_tokens": 697,
                "output_tokens": 507
            },
            {
                "test_case_id": 2,
                "test_case_inputs": "Test Case Input:\n0 0",
                "crispe_response": "To determine the set of statements covered by the given test case \"0 0\", we need to analyze the program step by step. Here's how we can approach it:\n\n### Plan\n\n#### Step 1: Input Processing\n- The program begins by taking input. The first input value, `N`, represents the number of elements in the list `A`. For the given test case \"0 0\":\n  - The value of `N` will be 0 (since the first number is 0, which indicates N according to typical input patterns).\n- Observation 1: Since `N` is 0, the list `A` will be empty as no further numbers are available. As such, processing lines 1, 2, and 3 for inputs are applicable in all sets.\n\n#### Step 2: Initialize Variables\n- The program initializes `A_i`, `K_1`, `K_2`, and `K_3`. Since `N` is 0, `A_i` remains an empty list. Statements involving these initializations cover lines 4 and 5, which remain applicable in all sets.\n\n#### Step 3: Main Loop for Adjusting List A_i\n- The loop starting at line 6 runs from 0 to `N-1`. Since `N` is 0, this loop will not execute. Therefore, there are no operations performed for adjusting `A_i`.\n- Observation 2: Since the loop doesn't execute, lines related to loop execution (like line 7) are not covered.\n\n#### Step 4: Attempt to Calculate Mode\n- The try-except block for calculating the mode of `A_i` (line 8) will execute. However, since `A_i` is empty, the `statistics.mode(A_i)` call will fail, triggering the `except` block. The fallback call to `statistics.mean(A_i)` will not execute either because `A_i` is still empty.\n- Since this is a critical point for differentiating between set coverages, trying to calculate the mode (line 8) and falling back to mean (line 9), if there's no exception, highlights differences. Set 1 includes the scenario when there\u2019s an exception and both mode and mean attempts happen, thus, lines 8 and 9 get covered if there's an exception. In contrast, no execution potentially results without including line 9 beforehand, aligning with set 2 which skips catching exceptions.\n\n#### Step 5: Calculating Mean and Median\n- Lines 11, 12, and 13 attempts to calculate mean and median. Calculating mean and median on an empty list `A_i` directly triggers lines 8 again across set 1 assessments in exception context but potentially skips median due to exact triggering catch. Lines 11 and 12 enable mean calculations too (though input-triggered differences for additions of lines 12 not clearly resorted adds up).\n\n#### Step 6: Calculation Loops\n- Similar to earlier loops, this set of loops calculating `K_1`, `K_2`, and `K_3` based on the deviations from the calculated `b_1`, `b_2`, and `b_3` will not execute as `N` is 0. Thus, lines from 14 onwards do not iterate further values of K arrangements across set 1, resolving constraints with set 2 statements altogether with explanations up to 10. Also, set 1 excludes mention since reaching outcome skips lines inherently from constraints so eligible set 2 informs execution.\n\n### Final Code Coverage:\n\nThe most accurate code coverage set given this reasoning, whether handling handled exceptions depends, remains ineligible therefore not aligning differences highlighted including continuation from initial definitions and operations assuring complete evaluations distinct throughout initializing guidelines thus:\n\n**Set 1: Statements 1, 2, 3, 4, 8, 10**",
                "response_time": 8.441417217254639,
                "input_tokens": 694,
                "output_tokens": 546
            }
        ],
        "serialized_code": "Line 1: N = int(input())\nLine 2: A = list(map(int, input().split(\" \")))\nLine 3: A_i = [0]*N\nLine 4: K_1 = 0\nLine 5: K_2 = 0\nLine 6: K_3 = 0\nLine 7: for i in range(N):\nLine 8:     A_i[i] = A[i] - i - 1\nLine 9: try:\nLine 10:     b_1 = statistics.mode(A_i)\nLine 11: except:\nLine 12:     b_1 = int(statistics.mean(A_i))\nLine 13: b_2= int(statistics.mean(A_i))\nLine 14: b_3 = int(statistics.median(A_i))\nLine 15: for i in range(N):\nLine 16:     K_1 = K_1 + abs(A_i[i] - b_1)\nLine 17:     K_2 = K_2 + abs(A_i[i] - b_2)\nLine 18:     K_3 = K_3 + abs(A_i[i] - b_3)\nLine 19: print(min(K_1, K_2, K_3))\n",
        "test_case_id": "4"
    }
]