[
    {
        "submission_id": "s085389365",
        "import_statements_removed": [],
        "import_statements_removed_libs": [],
        "number_of_imports_removed": 0,
        "number_of_calls": {},
        "lines_affected": {},
        "focc": [
            "Set 1: Statements 1, 2, 3, 4, 5, 6, 7, 8, 20, 21, 22",
            "Set 2: Statements 1, 2, 3, 4, 5, 6, 7, 8, 20, 21, 24, 25",
            "Set 3: Statements 1, 2, 3, 4, 5, 6, 7, 10, 11, 12, 20, 21, 22",
            "Set 4: Statements 1, 2, 3, 4, 5, 6, 7, 10, 11, 12, 20, 21, 24, 25",
            "Set 5: Statements 1, 2, 3, 4, 5, 6, 7, 10, 11, 14, 20, 21, 22",
            "Set 6: Statements 1, 2, 3, 4, 5, 6, 7, 10, 11, 14, 20, 21, 24, 25",
            "Set 7: Statements 1, 2, 3, 4, 5, 6, 7, 10, 16, 17, 20, 21, 22",
            "Set 8: Statements 1, 2, 3, 4, 5, 6, 7, 10, 16, 17, 20, 21, 24, 25",
            "Set 9: Statements 1, 2, 3, 4, 5, 6, 7, 10, 16, 19, 20, 21, 22",
            "Set 10: Statements 1, 2, 3, 4, 5, 6, 7, 10, 16, 19, 20, 21, 24, 25",
            "Set 11: Statements 1, 2, 3, 4, 5, 20, 21, 22",
            "Set 12: Statements 1, 2, 3, 4, 5, 20, 21, 24, 25"
        ],
        "code": "from collections import deque\nD=deque(input().rstrip())\nQ=int(input())\ncount=0\nfor _ in range(Q):\n\tY=list(input().split())\n\tif Y[0]==\"1\":\n\t\tcount=(count+1)%2\n\telse:\n\t\tif Y[1]==\"1\":\n\t\t\tif count==0:\n\t\t\t\tD.appendleft(Y[2])\n\t\t\telse:\n\t\t\t\tD.append(Y[2])\n\t\telse:\n\t\t\tif count==0:\n\t\t\t\tD.append(Y[2])\n\t\t\telse:\n\t\t\t\tD.appendleft(Y[2])\nD=list(D)\nif count==0:\n\tprint(\"\".join(D))\nelse:\n\tD.reverse()\n\tprint(\"\".join(D))",
        "test_cases": [
            {
                "test_case_id": 1,
                "test_case_inputs": "Test Case Input:\n1\n2\n3\n4\n5\n6\n7\n8\n9\n10",
                "crispe_response": "Let's proceed with the step-by-step reasoning for the provided program and test case:\n\n**PLAN:**\n\n**Step 1: Input Processing:**\n- We begin with the deque initialization from input. Given the test case, the input to the deque is processed (from `input().rstrip()`), and the integer `Q` is read from another input, which determines the number of operations.\n- Observation 1: Lines 1, 2, 3, 4, and 5 will be executed to set up the initial environment (`deque` and read `Q`), which is included in all the possible code coverage sets, thus no elimination at this stage.\n\n**Step 2: Loop Execution with `Q` Iterations:**\n- The program enters a loop for `Q` iterations, with `Q` being determined by the second input. Each iteration processes a list `Y` from input.\n- Observation 2: Every set includes the loop initialization (lines 6, 7), thus all sets remain applicable as the loop is necessary for iterating through operations. No elimination based on this step.\n\n**Step 3: Analyze branching based on `Y[0]`:**\n- In each iteration, the actions depend on `Y[0]`. If `Y[0]` is \"1\", the `count` is toggled (`count = (count + 1) % 2`).\n- Given the test case inputs consist of numbers and may not match the designed expected inputs directly. Hence lines 8 and 9 aren't satisfied with \"1\", eliminating sets not covering further processing (elimination of Set 11 and Set 12).\n\n**Step 4: Condition when `Y[0]` is not \"1\":**\n- If `Y[0]` is anything other than \"1\", the program goes through the else block. Here, it checks `Y[1]`. For the possible case of \"1\", it executes lines in the manner defined inside nested conditions handling `count == 0` or `count == 1` and subsequent deque operations.\n- Observation 4: With the characteristics of our inputs (likely producing errors or mismatching), none of these normal execution conditions match the set flows.\n  \n**Step 5: Collecting Deque State and Final Print Statements:**\n- After looping, the result is accumulated in a list `D`, followed by checking `count` to determine further printing actions, where statements depend on reversing `D` or not.\n- Observation 5: As previous steps didn't logically align with function paths intended for \"1\"/\"2\" manipulations with `count`, let's check executions paths within the collected viable sets for `print` processes post-loop that handle `count` branches.\n\n**Step 6: Consider viable sets - focus on endpoint logic:**\n- The consistent end states naturally focus on whether line 21 or lines 24, 25 print based on `count` on last processed path for given mismatched inputs.\n\n**FINAL CODE COVERAGE:**\nSet 1 and Set 2 fit ending logic execution with early direct paths without complex interactions, with given input styles likely swaying into immediate halts or basic deque assigns without complex inner processing. Hence, logically based on the direct inability to meaningfully stabilize at intermediate blocks due to miss-matching expected input application per step, choose Set 1.",
                "response_time": 7.367040157318115,
                "input_tokens": 817,
                "output_tokens": 477
            },
            {
                "test_case_id": 2,
                "test_case_inputs": "Test Case Input:\n1 1",
                "crispe_response": "PLAN:\n\n**Step 1: Initial Setup**\n\nThe program begins by importing deque from collections and initializes a deque `D` with the input string. Then, it reads an integer `Q` which denotes the number of queries, followed by initializing a `count` variable to 0.\n\n- **Given Test Case Input:** \"1 1\"\n- Lines 1, 2, 3, 4, and 5 execute because they set up the input reading process.\n- **Observation 1:** All sets include these lines; hence, all sets remain applicable.\n\n**Step 2: Processing Queries**\n\nFor each query, the program splits the input string and checks the first element of the list `Y`.\n\n- **First Query in Test Input:** \"1 1\"\n- The first element `Y[0]` is \"1\", meaning the `count` variable will be toggled using `(count+1)%2`.\n\n- Lines 6, 7, and 8 execute due to the `if` statement checking `Y[0] == \"1\"`.\n- **Observation 2:** Eligible sets must include lines 6, 7, and 8.\n- Applies to Sets 1, 2, 3, and 4.\n\n**Step 3: No Queries with Y[0] == \"2\"**\n\nAs the test case only has a single query with `Y[0] == \"1\"`, the inner nested conditions (lines 10 to 19) do not run.\n\n- **Observation 3:** Sets that include statements from the nested `Y[0] == \"2\"` block can be eliminated.\n- Sets 3, 4, 5, 6, 7, 8, 9, and 10 can be eliminated.\n\n**Step 4: Output Based on Count**\n\nOnce all queries have been processed, the program checks the `count` value to determine whether to reverse `D` before converting it to a string and printing.\n\n- Given the query toggled `count` once, `count` is now 1.\n- Line 21 executes (since `count != 0`), which reverses `D` and prints `\"\".join(D)`.\n  \n- **Observation 4:** Sets must include lines where `print(\"\".join(D))` is conditioned on the `count` value.\n- Applies to Sets 2 and 12, since set 1 does not include line 24, which reverses `D`.\n\n**Step 5: Conclusion**\n\n- The test case works with toggling `count` and the program expects an action contingent on the value of `count` that leads directly to output.\n\n**FINAL CODE COVERAGE:**\n\nSet 2: Statements 1, 2, 3, 4, 5, 6, 7, 8, 20, 21, 24, 25.",
                "response_time": 9.908279418945312,
                "input_tokens": 809,
                "output_tokens": 361
            }
        ],
        "serialized_code": "Line 1: from collections import deque\nLine 2: D=deque(input().rstrip())\nLine 3: Q=int(input())\nLine 4: count=0\nLine 5: for _ in range(Q):\nLine 6: \tY=list(input().split())\nLine 7: \tif Y[0]==\"1\":\nLine 8: \t\tcount=(count+1)%2\nLine 9: \telse:\nLine 10: \t\tif Y[1]==\"1\":\nLine 11: \t\t\tif count==0:\nLine 12: \t\t\t\tD.appendleft(Y[2])\nLine 13: \t\t\telse:\nLine 14: \t\t\t\tD.append(Y[2])\nLine 15: \t\telse:\nLine 16: \t\t\tif count==0:\nLine 17: \t\t\t\tD.append(Y[2])\nLine 18: \t\t\telse:\nLine 19: \t\t\t\tD.appendleft(Y[2])\nLine 20: D=list(D)\nLine 21: if count==0:\nLine 22: \tprint(\"\".join(D))\nLine 23: else:\nLine 24: \tD.reverse()\nLine 25: \tprint(\"\".join(D))\n",
        "test_case_id": "1"
    },
    {
        "submission_id": "s085389365",
        "import_statements_removed": [
            "from collections import deque"
        ],
        "import_statements_removed_libs": [
            "collections"
        ],
        "number_of_imports_removed": 1,
        "number_of_calls": {
            "collections": 0
        },
        "lines_affected": {
            "collections": []
        },
        "focc": [
            "Set 1: Statements 1, 2, 3, 4, 5, 6, 7, 19, 20, 21",
            "Set 2: Statements 1, 2, 3, 4, 5, 6, 7, 19, 20, 23, 24",
            "Set 3: Statements 1, 2, 3, 4, 5, 6, 9, 10, 11, 19, 20, 21",
            "Set 4: Statements 1, 2, 3, 4, 5, 6, 9, 10, 11, 19, 20, 23, 24",
            "Set 5: Statements 1, 2, 3, 4, 5, 6, 9, 10, 13, 19, 20, 21",
            "Set 6: Statements 1, 2, 3, 4, 5, 6, 9, 10, 13, 19, 20, 23, 24",
            "Set 7: Statements 1, 2, 3, 4, 5, 6, 9, 15, 16, 19, 20, 21",
            "Set 8: Statements 1, 2, 3, 4, 5, 6, 9, 15, 16, 19, 20, 23, 24",
            "Set 9: Statements 1, 2, 3, 4, 5, 6, 9, 15, 18, 19, 20, 21",
            "Set 10: Statements 1, 2, 3, 4, 5, 6, 9, 15, 18, 19, 20, 23, 24",
            "Set 11: Statements 1, 2, 3, 4, 19, 20, 21",
            "Set 12: Statements 1, 2, 3, 4, 19, 20, 23, 24"
        ],
        "code": "D=deque(input().rstrip())\nQ=int(input())\ncount=0\nfor _ in range(Q):\n\tY=list(input().split())\n\tif Y[0]==\"1\":\n\t\tcount=(count+1)%2\n\telse:\n\t\tif Y[1]==\"1\":\n\t\t\tif count==0:\n\t\t\t\tD.appendleft(Y[2])\n\t\t\telse:\n\t\t\t\tD.append(Y[2])\n\t\telse:\n\t\t\tif count==0:\n\t\t\t\tD.append(Y[2])\n\t\t\telse:\n\t\t\t\tD.appendleft(Y[2])\nD=list(D)\nif count==0:\n\tprint(\"\".join(D))\nelse:\n\tD.reverse()\n\tprint(\"\".join(D))",
        "test_cases": [
            {
                "test_case_id": 1,
                "test_case_inputs": "Test Case Input:\n1\n2\n3\n4\n5\n6\n7\n8\n9\n10",
                "crispe_response": "To determine the code coverage for the given test case with the provided Python program, let's follow a structured step-by-step reasoning approach.\n\n### GIVEN PYTHON PROGRAM CONTEXT\n\nThe code is structured to:\n1. Accept initial input values into a deque `D`.\n2. Perform operations based on further input and commands (Y[0] and Y[1]).\n3. Keep track of modifications with a `count` toggle.\n4. Output the modified deque based on the final state of `count`.\n\n### TEST CASE INPUT\n\nThe input lines are numbered sequentially from 1 to 10. Since the program seems to expect commands after the initial setup, assume each numbered line is fed into the program as input.\n\n### Step-by-Step Reasoning\n\n**Step 1: Initialization**\n- **Statements 1 & 2**: The deque `D` is initialized with input. Since the input assumed to be processed for D would be from `input().rstrip()`, it would typically be line \"1\" initially. `Q` is subsequently set by `int(input())`.\n- **Observation 1**: All sets of code coverage include lines 1 and 2.\n\n**Step 2: Query Execution**\n- For each of the `Q` queries (assumed here for simplification to consider subsequent numerical inputs), we process with the command logic:\n  - **Statements 3, 4, 5, 6**: Iteration predicates the decision making. Y[0] would be matched, and Y[1] determines the execution pathway. The conditionals alter or utilize the `count` variable for proper deque manipulation.\n\n**Step 3: Evaluate Specific Set Logic**\n- **Handling \"1\" Commands**: Anytime \"1\" is input, it may cause `count` modification.\n- **Handling Other Commands**: Subsequent values provided dictate execution branches using inputs \u2013 aiming either append or appendleft conditions based on \"count\" and \"Y[1].\"\n\n**Sets Inclusion Context**:\n- **Observation 2**: After parsing for specific lines like 19-24, since deque operations and output are crucial:\n  - **Lines 19, 20**: Critical for closing out the program and examining final deque state.\n  - **Lines from each set would cover different combinations**: Primarily evaluated on append operations.\n\n**Step 4: Final Output**\n- The output phase ensures:\n  - **Statements 19-24**: Dependent on `count` toggles \u2013 impacting deque order in print.\n\n### Conclusion & Eliminate Improbable Sets:\n\nAnalyze reasoning against the provided sets:\n- After the supposed repeat nature of commands, we aim to evaluate logically the transformation by toggling \u201cY[0]\u201d and structure an even command chain.\n  \n### FINAL CODE COVERAGE PREDICTION\nGiven ensuring settlements based on toggles, to cover more broad scenario sets without leaving specific toggle viewpoints depending on no zero or one-based branches fall executed completely:\n  \n**Set 6:** Likely most applicable covering core decision branches with numeric input intents: Statements 1, 2, 3, 4, 5, 6, 9, 10, 13, 19, 20, 23, 24. \n\nAnalyzing the specific points in terms of input processing, updates, and outcome determination places heavier reliance on combined broad outcomes anticipated through selections of branches with possible validates of existing input sequences on toggle behaviors in proximity through given map pathways.",
                "response_time": 10.723800420761108,
                "input_tokens": 801,
                "output_tokens": 476
            },
            {
                "test_case_id": 2,
                "test_case_inputs": "Test Case Input:\n1 1",
                "crispe_response": "PLAN:\n\nStep 1: Initial Setup:\nThe program starts by defining a deque `D` and reading a number `Q` which dictates how many operations will be performed. The `count` variable is initialized to 0. The test case input directly provides \"1 1\", which will be processed in subsequent steps.\nObservation 1: All sets of code coverage are applicable as they all include statements 1, 2, 3, and 4.\n\nStep 2: Loop Execution:\nThe loop will execute `Q` times. In this test case, `Q` is 1, which means the loop will run only once.\nObservation 2: All sets beyond statement 4 remain applicable as they account for the loop's execution (statements 5 and 6 implement the loop structure).\n\nStep 3: Inside Loop with Input \"1 1\":\nThe input \"1 1\" means `Y[0] = \"1\"` and `Y[1] = \"1\"`.\n- The program checks the condition `if Y[0] == \"1\"`, which is true.\n- Thus, the `count` is updated with the expression `(count + 1) % 2`, resulting in `count = 1`.\nObservation 3: This operation ensures that statements 7 is executed. Therefore, sets 1, 2, 3, 4, 5, and 6 are no longer applicable as they do not include statement 7. \n\nStep 4: Exiting Loop\nAfter the loop has completed its operations (only one iteration in this case), the program moves on to the final conditional block.\nObservation 4: Statements 19 and 20 continue to be executed, so sets dealing with these terminal statements are still viable. Sets 9, 10, 11, and 12 are eliminated as they do not cover either branch of the if-else on line 19.\n\nStep 5: Final Output:\nSince `count = 1`, it leads to the `else` block being executed, which reverses `D` and prints the output. However, as no deque operation was performed (addition or removal), `D` remains empty.\nObservation 5: Statements 23 and 24 are executed as the deque is reversed and the result is printed. This aligns with set 8, ensuring its accuracy in this scenario.\n\nFINAL CODE COVERAGE:\nSet 8: Statements 1, 2, 3, 4, 5, 6, 9, 15, 16, 19, 20, 23, 24",
                "response_time": 7.700413465499878,
                "input_tokens": 793,
                "output_tokens": 349
            }
        ],
        "serialized_code": "Line 1: D=deque(input().rstrip())\nLine 2: Q=int(input())\nLine 3: count=0\nLine 4: for _ in range(Q):\nLine 5: \tY=list(input().split())\nLine 6: \tif Y[0]==\"1\":\nLine 7: \t\tcount=(count+1)%2\nLine 8: \telse:\nLine 9: \t\tif Y[1]==\"1\":\nLine 10: \t\t\tif count==0:\nLine 11: \t\t\t\tD.appendleft(Y[2])\nLine 12: \t\t\telse:\nLine 13: \t\t\t\tD.append(Y[2])\nLine 14: \t\telse:\nLine 15: \t\t\tif count==0:\nLine 16: \t\t\t\tD.append(Y[2])\nLine 17: \t\t\telse:\nLine 18: \t\t\t\tD.appendleft(Y[2])\nLine 19: D=list(D)\nLine 20: if count==0:\nLine 21: \tprint(\"\".join(D))\nLine 22: else:\nLine 23: \tD.reverse()\nLine 24: \tprint(\"\".join(D))\n",
        "test_case_id": "2"
    }
]