[
    {
        "submission_id": "s251573276",
        "import_statements_removed": [],
        "import_statements_removed_libs": [],
        "number_of_imports_removed": 0,
        "number_of_calls": {},
        "lines_affected": {},
        "focc": [
            "Set 1: Statements 1, 2, 3, 4, 5, 7, 8, 9, 10, 11, 12, 14, 22, 23, 24, 25, 26",
            "Set 2: Statements 1, 2, 3, 4, 5, 7, 8, 9, 10, 11, 12, 14, 22, 23, 24, 26",
            "Set 3: Statements 1, 2, 3, 4, 5, 7, 8, 9, 10, 11, 12, 14, 22, 23, 26",
            "Set 4: Statements 1, 2, 3, 4, 5, 7, 8, 9, 10, 11, 12, 14, 16, 17, 18, 22, 23, 24, 25, 26",
            "Set 5: Statements 1, 2, 3, 4, 5, 7, 8, 9, 10, 11, 12, 14, 16, 17, 18, 22, 23, 24, 26",
            "Set 6: Statements 1, 2, 3, 4, 5, 7, 8, 9, 10, 11, 12, 14, 16, 17, 18, 22, 23, 26",
            "Set 7: Statements 1, 2, 3, 4, 5, 7, 8, 9, 10, 11, 12, 14, 16, 20, 21, 22, 23, 24, 25, 26",
            "Set 8: Statements 1, 2, 3, 4, 5, 7, 8, 9, 10, 11, 12, 14, 16, 20, 21, 22, 23, 24, 26",
            "Set 9: Statements 1, 2, 3, 4, 5, 7, 8, 9, 10, 11, 12, 14, 16, 20, 21, 22, 23, 26",
            "Set 10: Statements 1, 2, 3, 4, 5, 6, 7, 8, 9, 10, 11, 12",
            "Set 11: Statements 1, 2, 3, 4, 7, 8, 9, 10, 11, 12, 13, 14, 22, 23, 24, 25, 26",
            "Set 12: Statements 1, 2, 3, 4, 7, 8, 9, 10, 11, 12, 13, 14, 22, 23, 24, 26"
        ],
        "code": "N,M=map(int,input().split())\nroot=[-1]*N\ndef search(i):\n    if root[i]>=0:\n        root[i]=search(root[i])\n        return root[i]\n    return i\nfor i in range(M):\n    x,y,z=map(int,input().split())\n    x-=1\n    y-=1\n    rx=search(x)\n    ry=search(y)\n    if rx==ry:\n        continue\n    elif root[rx]<=root[ry]:\n        root[ry]+=root[rx]\n        root[rx]=ry\n    else:\n        root[rx]+=root[ry]\n        root[ry]=rx\nans=0\nfor i in range(N):\n    if root[i]<0:\n        ans+=1\nprint(ans)",
        "test_cases": [
            {
                "test_case_id": 1,
                "test_case_inputs": "Test Case Input:\n5 4\n1 2 1\n2 3 2\n3 4 3\n4 5 4",
                "crispe_response": "PLAN:\n\nStep 1: Input Processing:\nThe program begins by reading the values of N and M. Based on the given test case, N = 5 and M = 4. This corresponds to line 1 of the code, initializing a root list of size N with all elements set to -1.\nObservation 1: All sets include line 1, so they remain applicable.\n\nStep 2: Looping through M:\nThe code then enters a loop that runs M times to process each edge input. Given M = 4, the loop will iterate four times (lines 6 to 14).\nObservation 2: Only sets that include these main loop lines remain applicable, which are all sets except for set 10.\n\nStep 3: Processing Each Edge:\n- First Iteration: (1, 2, 1)\n  - Adjust indices: x = 0, y = 1.\n  - `search(x)` and `search(y)` are both root nodes, i.e., root[0] = -1 and root[1] = -1.\n  - Since rx != ry, execute the `elif` block, updating root[root[1]] += root[root[0]] and root[0] = 1. Executes lines 16-18.\n  Observation 3: Sets 1 to 9 are applicable as they include lines 16, 17, and 18.\n\n- Second Iteration: (2, 3, 2)\n  - Adjust indices: x = 1, y = 2.\n  - `search(x)` finds 0 with root[0] = 1, `search(y)` finds 2.\n  - Again, rx != ry and root[rx] <= root[ry], execute `elif` block updating root[root[2]] += root[root[0]], root[0] = 2. Executes lines 16-18.\n  Observation 4: Sets 1-6 are still applicable as they cover lines 16-18.\n  \n- Third Iteration: (3, 4, 3)\n  - Adjust indices: x = 2, y = 3.\n  - Process by finding roots for x and y as 0 and 3 respectively. Update root[root[3]] += root[root[0]], root[0] = 3. Executes lines 16-18.\n  Observation 5: Sets 1-6 still apply with execution of lines 16-18.\n  \n- Fourth Iteration: (4, 5, 4)\n  - Adjust indices: x = 3, y = 4.\n  - Process by finding roots for x and y as 0 and 4 respectively. Update root[root[4]] += root[root[0]], root[0] = 4. Executes lines 16-18.\n  Observation 6: Sets 1-6 continue to be applicable as they contain lines 16-18.\n\nStep 4: Counting Components:\nAfter processing all edges, the code counts the number of sets. This is done in lines 22-26.\nObservation 7: Sets that include these lines remain relevant - all sets from 1 to 5.\n\nStep 5: Comparison:\nReviewing previous steps, the conditions confirm the execution of lines relevant to union operations, and counting disjoint sets, which eliminates sets that do not correspond to these operations.\n\nFINAL CODE COVERAGE:\nSet 5: Statements 1, 2, 3, 4, 5, 7, 8, 9, 10, 11, 12, 14, 16, 17, 18, 22, 23, 24, 26",
                "response_time": 10.610760688781738,
                "input_tokens": 883,
                "output_tokens": 442
            },
            {
                "test_case_id": 2,
                "test_case_inputs": "Test Case Input:\n-1 -1\n\nThis test case will raise the following errors:\n- ValueError: invalid literal for int() with base 10: '-1'\n- IndexError: list index out of range",
                "crispe_response": "PLAN:\n\n**Step 1: Input Processing**  \n- The program starts by trying to read two integers from input for variables `N` and `M`. However, the test case provides the input \"-1 -1\", which is invalid for further processing in the context intended by the program (likely expecting positive integers or zero).\n- Observation 1: Since both inputs `N` and `M` are negative and do not suit the programming context (likely representing counts), the execution is likely to encounter logical or runtime issues early on. All sets of code coverage that assume valid non-negative integers could be eliminated. However, since the negative input does not match required semantics, validation error situations like these would typically involve minimal code coverage, unless explicitly handled. The invalid input only tells that Set 10 is immediately invalid as it expects further loop execution based on `N`.\n\n**Step 2: Initial Checks**  \n- Input reading attempts to execute line 1 to parse `N` and `M`, but this fails semantically as these values do not support subsequent operations on input data due to being negative. An exception might occur elsewhere in the logic due to this semantic error.\n- Observation 2: Given the lack of positive integers, logic further in the code does not process these numbers appropriately, possibly leading to an exception before testing or iterating further code lines. This makes the sets that naturally expect further number processing beyond basic GUI input layers potentially invalid.\n\n**Step 3: Error Identification**  \n- The provided test case states two exceptions: \n  - `ValueError` is supposed to indicate an issue in conversion (but as-is, the input -1 can be converted into an integer). The problem more likely arises from either list manipulation exceeding acknowledged boundaries.\n  - `IndexError` (such as observed with list manipulations in line allocations potentially with `maps[int]` or due to wrong loop setup).\n- Observation 3: Realistically, the main fallout would stem from misaligned assumptions (such as any loop operations which would process `m` parse operations in line 6 with negative indices due to subtraction adjustment represented, an unhandled error for a negative count of operations). Thus, likely line execution fails early.\n\n**Final Code Coverage Determination:**\n- Given the semantic mismatch, the critical program flow is likely interrupted due to negative parameters affecting subsequent programming logic.\n- The error-prone input values mean secondary central lines (such as settings and operations within a loop (lines more significant than line 13)) likely remain unchecked without proper supportive preconditions. Particularly, `IndexError` would base on going out of list range within the given hasty input.\n- Failure thus most fittingly confirms Set 10 as possible output since basic semantics like initialization and activation of error gates occur, but no further operative step occurs because of checks failing swiftly.\n\n**FINAL CODE COVERAGE:**\n\nSet 10: Statements 1, 2, 3, 4, 5, 6, 7, 8, 9, 10, 11, 12",
                "response_time": 8.355135917663574,
                "input_tokens": 896,
                "output_tokens": 472
            }
        ],
        "serialized_code": "Line 1: N,M=map(int,input().split())\nLine 2: root=[-1]*N\nLine 3: def search(i):\nLine 4:     if root[i]>=0:\nLine 5:         root[i]=search(root[i])\nLine 6:         return root[i]\nLine 7:     return i\nLine 8: for i in range(M):\nLine 9:     x,y,z=map(int,input().split())\nLine 10:     x-=1\nLine 11:     y-=1\nLine 12:     rx=search(x)\nLine 13:     ry=search(y)\nLine 14:     if rx==ry:\nLine 15:         continue\nLine 16:     elif root[rx]<=root[ry]:\nLine 17:         root[ry]+=root[rx]\nLine 18:         root[rx]=ry\nLine 19:     else:\nLine 20:         root[rx]+=root[ry]\nLine 21:         root[ry]=rx\nLine 22: ans=0\nLine 23: for i in range(N):\nLine 24:     if root[i]<0:\nLine 25:         ans+=1\nLine 26: print(ans)\n",
        "test_case_id": "1"
    }
]