[
    {
        "submission_id": "s978188949",
        "import_statements_removed": [],
        "import_statements_removed_libs": [],
        "number_of_imports_removed": 0,
        "number_of_calls": {},
        "lines_affected": {},
        "focc": [
            "Set 1: Statements 1, 2, 3, 4, 5, 6, 7, 8, 9, 10, 18, 19",
            "Set 2: Statements 1, 2, 3, 4, 5, 6, 7, 8, 9, 12, 18, 19",
            "Set 3: Statements 1, 2, 3, 4, 5, 6, 7, 8, 14, 15, 18, 19",
            "Set 4: Statements 1, 2, 3, 4, 5, 6, 7, 8, 14, 17, 18, 19"
        ],
        "code": "import bisect\nlis = [1, 13]\nstr = input()\ntp = int(str[:2])\nbt = int(str[2:])\ntplo = bisect.bisect_right(lis, tp)\nbtlo = bisect.bisect_right(lis, bt)\nif tplo == 1:\n    if btlo == 1:\n        jd = 2\n    else:\n        jd = 1\nelse:\n    if btlo == 1:\n        jd = 0\n    else:\n        jd = 3\njudge = [\"YYMM\", \"MMYY\", \"AMBIGUOUS\", \"NA\"]\nprint(judge[jd])",
        "test_cases": [
            {
                "test_case_id": 1,
                "test_case_inputs": "Test Case Input:\n1313",
                "crispe_response": "PLAN:\n\nStep 1: Importing and Initial Setup:\nThe program starts by importing the `bisect` module and defining a list `lis = [1, 13]`. It then waits for a string input to be provided.\nObservation 1: All sets of code coverage are applicable as they all include statements 1, 2, and 3.\n\nStep 2: Processing Input:\nThe test input \"1313\" is provided. The program extracts the first two characters as `tp` and the last two as `bt`, both of which are converted to integers. Therefore, `tp = 13` and `bt = 13`.\nObservation 2: Statements 4, 5, 6, and 7 are executed to handle input processing, so all sets remain applicable.\n\nStep 3: Finding Positions with bisect:\nThe program uses `bisect.bisect_right` to find insertion points for `tp` and `bt` within `lis`. Since both `tp` and `bt` are 13, `bisect.bisect_right(lis, 13)` returns 2 for both `tplo` and `btlo`.\nObservation 3: Execution of `bisect.bisect_right` is essential for reasoning. All sets include this, so they remain applicable.\n\nStep 4: Conditional Logic:\nThe outer `if` condition checks if `tplo == 1`. In this case, `tplo == 2`, so the program moves to the `else` block (statement 14).\nObservation 4: Sets that include statement 8 for the `if` block's condition check and statement 14 for the `else` path remain applicable, eliminating sets that resolve in line 8 and the path starting from statement 10 or 12.\n\nStep 5: Nested Conditional Logic:\nWithin the `else` block, the program checks if `btlo == 1`. Here, `btlo == 2`, so the program takes the `else` path, setting `jd = 3`.\nObservation 5: Only sets encompassing statements 14 and the subsequent `else` block condition, leading to setting `jd = 3`, remain applicable.\n\nStep 6: Conclusion:\nThe program concludes by printing `judge[jd]`, which corresponds to \"NA\".\nObservation 6: Considering the prior observations, Set 4 accurately represents the executed path.\n\nFINAL CODE COVERAGE:\nSet 4: Statements 1, 2, 3, 4, 5, 6, 7, 8, 14, 17, 18, 19",
                "response_time": 6.336806774139404,
                "input_tokens": 713,
                "output_tokens": 326
            },
            {
                "test_case_id": 2,
                "test_case_inputs": "Test Case Input:\n20\n21",
                "crispe_response": "**PLAN:**\n\n**Step 1: Input Processing:**\n\n- The program starts by importing the `bisect` module and defining `lis = [1, 13]`.\n- The input is taken as a string, and then the first two characters are converted to an integer (`tp`), and the remaining characters are converted to another integer (`bt`).\n  \n  **Test Case Input:**  \n  Input string \"20\\n21\" is given, where:\n  - `tp = 20`\n  - `bt = 21`\n\n- Note: Since the execution of lines 1-4 is consistent across all possible code coverage sets, they remain applicable at this step.\n\n  **Observation 1:** All sets of code coverage (Set 1, Set 2, Set 3, and Set 4) include lines 1-4 and remain applicable.\n\n**Step 2: Determine tplo and btlo:**\n\n- The `bisect_right` function determines the insertion point for `tp` and `bt` in the list `lis`.\n  \n  For `tp = 20`:  \n  - `tplo = bisect.bisect_right(lis, 20)` results in `tplo = 2` because 20 is greater than any element in `lis`.\n  \n  For `bt = 21`:  \n  - `btlo = bisect.bisect_right(lis, 21)` results in `btlo = 2` for the same reason.\n\n- Note: Lines 5-6 are executed for these calculations and are included in all sets.\n\n  **Observation 2:** All sets (Set 1, Set 2, Set 3, Set 4) include lines 5 and 6 and remain applicable.\n\n**Step 3: Evaluation of Conditional Statements:**\n\n- The program evaluates the conditional statements with:\n  - `tplo = 2` and `btlo = 2`.\n\n- The first if-condition checks `if tplo == 1:` which evaluates to `False`. Thus, it proceeds to the else block (line 11) where it checks `if btlo == 1:`; this also evaluates to `False`, so we go to the else block where `jd = 3` is assigned (line 16).\n\n  **Observation 3:** \n  - Only Set 4 includes line 16 (jd = 3) and remains applicable.\n\n**Step 4: Judge List and Output:**\n\n- The `judge` list is defined and used to determine the print output using `jd`.\n  \n  For `jd = 3`:  \n  - `judge[jd]` evaluates to `\"NA\"`, which is printed (line 18-19).\n\n  **Observation 4:** The final output aligns with Set 4, as it includes lines 18 and 19.\n\n**FINAL CODE COVERAGE:**\n\n- **Set 4:**  \n  - Lines 1, 2, 3, 4, 5, 6, 7, 8, 14, 17, 18, 19 are applicable and executed based on the given test case.",
                "response_time": 6.587296009063721,
                "input_tokens": 714,
                "output_tokens": 376
            }
        ],
        "serialized_code": "Line 1: import bisect\nLine 2: lis = [1, 13]\nLine 3: str = input()\nLine 4: tp = int(str[:2])\nLine 5: bt = int(str[2:])\nLine 6: tplo = bisect.bisect_right(lis, tp)\nLine 7: btlo = bisect.bisect_right(lis, bt)\nLine 8: if tplo == 1:\nLine 9:     if btlo == 1:\nLine 10:         jd = 2\nLine 11:     else:\nLine 12:         jd = 1\nLine 13: else:\nLine 14:     if btlo == 1:\nLine 15:         jd = 0\nLine 16:     else:\nLine 17:         jd = 3\nLine 18: judge = [\"YYMM\", \"MMYY\", \"AMBIGUOUS\", \"NA\"]\nLine 19: print(judge[jd])\n",
        "test_case_id": "1"
    },
    {
        "submission_id": "s978188949",
        "import_statements_removed": [
            "import bisect"
        ],
        "import_statements_removed_libs": [
            "bisect"
        ],
        "number_of_imports_removed": 1,
        "number_of_calls": {
            "bisect": 2
        },
        "lines_affected": {
            "bisect": [
                5,
                6
            ]
        },
        "focc": [
            "Set 1: Statements 1, 2, 3, 4, 5, 6, 7, 8, 9, 17, 18",
            "Set 2: Statements 1, 2, 3, 4, 5, 6, 7, 8, 11, 17, 18",
            "Set 3: Statements 1, 2, 3, 4, 5, 6, 7, 13, 14, 17, 18",
            "Set 4: Statements 1, 2, 3, 4, 5, 6, 7, 13, 16, 17, 18"
        ],
        "code": "lis = [1, 13]\nstr = input()\ntp = int(str[:2])\nbt = int(str[2:])\ntplo = bisect.bisect_right(lis, tp)\nbtlo = bisect.bisect_right(lis, bt)\nif tplo == 1:\n    if btlo == 1:\n        jd = 2\n    else:\n        jd = 1\nelse:\n    if btlo == 1:\n        jd = 0\n    else:\n        jd = 3\njudge = [\"YYMM\", \"MMYY\", \"AMBIGUOUS\", \"NA\"]\nprint(judge[jd])",
        "test_cases": [
            {
                "test_case_id": 1,
                "test_case_inputs": "Test Case Input:\n1313",
                "crispe_response": "PLAN:\n\n**Step 1: Input Processing:**\nThe program starts by taking a string input and then splits it into two integers, `tp` and `bt`, based on the first two and the last two characters of the string respectively. Given the test case input is \"1313\", `tp` will be 13 and `bt` will also be 13.\n\n- **Observation 1:** All sets of code coverage are applicable as they all include the input processing statements 1, 2, 3, and 4.\n\n**Step 2: Using bisect on `tp`:**\nThe program uses the `bisect.bisect_right` method to find the insertion point for `tp` (13) in the list `[1, 13]`. Since 13 is in the list, `tplo` will be 2 (the position just to the right of 13).\n\n- **Observation 2:** All sets of code coverage remain applicable as they include statements 5 and 6 where `tplo` is determined.\n\n**Step 3: Using bisect on `bt`:**\nSimilarly, the `bisect.bisect_right` method is applied to `bt` (13) in the list `[1, 13]`. Again, since 13 is in the list, `btlo` will be 2.\n\n- **Observation 3:** All sets of code coverage remain applicable as they include statements 7 and 8 where `btlo` is determined.\n\n**Step 4: Determine `jd` based on `tplo` and `btlo`:**\nThe conditional statements will determine the value of `jd`. In this case:\n\n- Since `tplo == 2` we move to the else block of the first condition (in statement 11 and beyond).\n- Inside this else block, since `btlo == 2`, the else part is executed, setting `jd` to 3.\n\n- **Observation 4:** Sets that include the pathway through line 14 (else block where both `tplo` and `btlo` are not equal to 1) are applicable. This eliminates Set 1 and Set 2, which focus on pathways where `btlo` equals 1 and moves through line 9 or line 11. We are left with Set 3 and Set 4.\n\n**Step 5: Final Output:**\nThe program then prints the appropriate string based on `jd` using the `judge` list. Since `jd` is set to 3, the output will be \"NA\".\n\n- **Observation 5:** Both Set 3 and Set 4 include the execution of statement 18 (the print statement).\n\n**Step 6: Further Narrow Down:**\nWe need to ensure that we select the correct set of statements by considering the relevant conditions. Since no condition met a scenario where `btlo == 1`, the condition at line 13 was executed, avoiding the scenario in Set 3 where it accounts for `tplo != 1` and `btlo == 1`.\n\n- **Final Observation:** Set 4 is the most fitting coverage pathway because it correctly follows the logical path through else conditions leading to `jd` being 3.\n\nFINAL CODE COVERAGE:\n**Set 4:** Statements 1, 2, 3, 4, 5, 6, 7, 13, 16, 17, 18",
                "response_time": 9.178529262542725,
                "input_tokens": 707,
                "output_tokens": 455
            },
            {
                "test_case_id": 2,
                "test_case_inputs": "Test Case Input:\n20\n21",
                "crispe_response": "Let's perform a step-by-step analysis of the given Python program with the provided test case and determine which set of code coverage is most appropriate.\n\n**GIVEN PROGRAM:**\n```python\nlis = [1, 13]\nstr = input()  # Statement 2\ntp = int(str[:2])  # Statement 3\nbt = int(str[2:])  # Statement 4\ntplo = bisect.bisect_right(lis, tp)  # Statement 5\nbtlo = bisect.bisect_right(lis, bt)  # Statement 6\nif tplo == 1:  # Statement 7\n    if btlo == 1:  # Statement 8\n        jd = 2  # Statement 9\n    else:  \n        jd = 1  # Statement 11\nelse:  \n    if btlo == 1:  # Statement 13\n        jd = 0  # Statement 14\n    else:\n        jd = 3  # Statement 16\njudge = [\"YYMM\", \"MMYY\", \"AMBIGUOUS\", \"NA\"]\nprint(judge[jd])  # Statement 17\n```\n\n**TEST CASE INPUT:**\n```\n2021\n```\n\n**PLAN:**\n\n**Step 1: Input Processing**\n- The program reads an input string `str`. Given the test case input \"2021\", this covers statement 2.\n- Observations: All sets include statement 2, so all are presently applicable.\n\n**Step 2: Extracting and Converting Components**\n- `tp` is assigned `int(str[:2])`, so `tp = 20` (statement 3 is executed).\n- `bt` is assigned `int(str[2:])`, so `bt = 21` (statement 4 is executed).\n- Observations: All sets include statements 3 and 4. Thus, all sets remain applicable.\n\n**Step 3: Bisect to Find Positions**\n- `tplo = bisect.bisect_right(lis, tp)` evaluates to 2 because 20 is greater than all elements in `lis`, covering statement 5.\n- `btlo = bisect.bisect_right(lis, bt)` evaluates to 2 because 21 is also greater than all elements in `lis`, covering statement 6.\n- Observations: All sets include statements 5 and 6. All remain applicable.\n\n**Step 4: Conditional Logic for `jd` Assignment**\n- Since `tplo` is 2, the program goes to the else block (bypass lines 7 to 11) coming directly to `if btlo == 1:`.\n- Since `btlo` is 2, this `if` condition (statement 13) is false, so the else block is executed setting `jd` to 3 (statement 16).\n- Observations: Execution follows the path statements 13 and 16. Thus, only Sets 3 and 4 potentially correspond as they account for an else condition resulting in `jd = 3`.\n\n**Step 5: Print the Result**\n- The program prints `judge[jd]`, which is `judge[3]`, resulting in output \"NA\" (statement 17).\n- Observations: Sets 3 and 4 both include statement 17.\n\n**Final Decision:**\n- After analyzing the logical flow and executing only the necessary conditions, the execution does not touch block reserved for `jd = 2` or `jd = 0`, effectively leaving us with the possibility of either `jd = 1` or `jd = 3`.\n- Given the conditions, Set 4: Statements 1, 2, 3, 4, 5, 6, 7, 13, 16, 17, 18, is the final code coverage as it aligns closely with the logical control flow and final conditions under which the input was processed.\n\n**FINAL CODE COVERAGE:**\nSet 4: Statements 1, 2, 3, 4, 5, 6, 7, 13, 16, 17, 18",
                "response_time": 10.428481817245483,
                "input_tokens": 708,
                "output_tokens": 485
            }
        ],
        "serialized_code": "Line 1: lis = [1, 13]\nLine 2: str = input()\nLine 3: tp = int(str[:2])\nLine 4: bt = int(str[2:])\nLine 5: tplo = bisect.bisect_right(lis, tp)\nLine 6: btlo = bisect.bisect_right(lis, bt)\nLine 7: if tplo == 1:\nLine 8:     if btlo == 1:\nLine 9:         jd = 2\nLine 10:     else:\nLine 11:         jd = 1\nLine 12: else:\nLine 13:     if btlo == 1:\nLine 14:         jd = 0\nLine 15:     else:\nLine 16:         jd = 3\nLine 17: judge = [\"YYMM\", \"MMYY\", \"AMBIGUOUS\", \"NA\"]\nLine 18: print(judge[jd])\n",
        "test_case_id": "2"
    }
]