[
    {
        "submission_id": "s257832680",
        "import_statements_removed": [],
        "import_statements_removed_libs": [],
        "number_of_imports_removed": 0,
        "number_of_calls": {},
        "lines_affected": {},
        "focc": [
            "Set 1: Statements 1, 2, 3, 4, 5, 6, 7, 8, 9, 19",
            "Set 2: Statements 1, 2, 3, 4, 5, 6, 7, 8, 10, 11, 19",
            "Set 3: Statements 1, 2, 3, 4, 5, 6, 7, 8, 10, 12, 13, 19",
            "Set 4: Statements 1, 2, 3, 4, 5, 6, 7, 8, 10, 12, 14, 16, 19",
            "Set 5: Statements 1, 2, 3, 4, 5, 6, 7, 8, 10, 12, 14, 19",
            "Set 6: Statements 1, 2, 3, 4, 5, 6, 19"
        ],
        "code": "import sys\nfrom collections import deque\nn = int(sys.stdin.readline())\nlines = sys.stdin.readlines()\nQ = deque()\nfor i in range(n):\n    command = lines[i].split()\n    if command[0] == \"insert\":\n        Q.appendleft(command[1])\n    elif command[0] == \"deleteFirst\":\n        Q.popleft()\n    elif command[0] == \"deleteLast\":\n        Q.pop()\n    elif command[0] == \"delete\":\n        try:\n            Q.remove(command[1])\n        except:\n            pass\nprint(\" \".join(Q))",
        "test_cases": [
            {
                "test_case_id": 1,
                "test_case_inputs": "Test Case Input:\n5\ninsert 1\ninsert 2\ninsert 3\ndeleteFirst\ndeleteLast",
                "crispe_response": "PLAN:\n\n**Step 1: Input Processing**\n- The program begins by reading an integer `n` from input, which indicates the number of commands, followed by reading the actual commands.\n- For the given test case, the input indicates that there are 5 commands.\n- Lines 1, 2, 3, and 4 are executed to process this input.\n- **Observation 1:** All sets of code coverage include lines 1, 2, 3, and 4, so all sets are still applicable.\n\n**Step 2: Command Processing Loop**\n- The program enters a loop that will iterate `n` (5) times to process each command.\n- **Observation 2:** All sets include the execution of line 6, which is the loop, so all sets remain applicable.\n\n**Step 3: First Three Commands (\"insert 1\", \"insert 2\", \"insert 3\")**\n- For each \"insert\" command, the program executes `Q.appendleft(command[1])`, which corresponds to line 8.\n- After processing the \"insert\" commands, `Q` contains `['3', '2', '1']`.\n- **Observation 3:** All sets include the execution of line 8, so all sets remain applicable.\n\n**Step 4: Fourth Command (\"deleteFirst\")**\n- The command \"deleteFirst\" leads to the execution of `Q.popleft()`, corresponding to line 10.\n- `Q` becomes `['2', '1']` after this command.\n- **Observation 4:** Sets 2, 3, 4, and 5 are applicable as they all include line 10. Set 1 is eliminated as it does not include line 10.\n\n**Step 5: Fifth Command (\"deleteLast\")**\n- The command \"deleteLast\" leads to executing `Q.pop()`, which corresponds to line 12.\n- After this command, `Q` contains `['2']`.\n- **Observation 5:** Sets 3, 4, and 5 are applicable as they include line 12. Set 2 is eliminated as it does not include line 12.\n\n**Step 6: Printing Final Result**\n- After all commands are processed, the program prints the contents of `Q`, corresponding to line 19.\n- **Observation 6:** All remaining sets (3, 4, and 5) include line 19.\n\n**Step 7: Exception Handling Check**\n- There are no \"delete\" commands with nonexistent elements in this test case, meaning line 14 (exception handling) is not executed.\n- **Observation 7:** Set 3 is the most accurate as it does not include line 14, unlike sets 4 and 5 which do.\n\nFINAL CODE COVERAGE:\n- **Set 3:** Statements 1, 2, 3, 4, 5, 6, 7, 8, 10, 12, 13, 19",
                "response_time": 10.686574935913086,
                "input_tokens": 732,
                "output_tokens": 378
            },
            {
                "test_case_id": 2,
                "test_case_inputs": "Test Case Input:\ninsert A\ndeleteFirst\ndeleteLast\ndelete B",
                "crispe_response": "PLAN:\n\nStep 1: Initialization and Input:\nThe program begins by importing necessary modules, reading an integer \\( n \\) that represents the number of commands, and then reading multiple lines of commands from input.\nObservation 1: Since all sets include the import line (1), reading \\( n \\) (line 3), reading lines (line 4), and setting up a deque (line 5), all sets are applicable at this stage.\n\nStep 2: Process the commands:\nCommands are iterated over using a loop from 0 to \\( n-1 \\). Given the test case, \\( n \\) is implicitly 4 (as there are 4 commands).\nObservation 2: Since all sets contain lines that precede and include the loop start (line 6), they all remain applicable.\n\nStep 3: First Iteration with command \"insert A\":\nThe command \"insert A\" matches the condition in line 7. Thus, line 8 will be executed to append \"A\" to the deque.\nObservation 3: Sets 1, 2, 3, 4, and 5 remain applicable since they include the lines for inserting an element (lines 7 and 8).\n\nStep 4: Second Iteration with command \"deleteFirst\":\nThe command \"deleteFirst\" matches the condition in line 9. Thus, line 10 will be executed to remove the first element from the deque.\nObservation 4: Sets 2, 3, 4, and 5 remain applicable, as they include the lines for deleting the first element (lines 9 and 10).\n\nStep 5: Third Iteration with command \"deleteLast\":\nThe command \"deleteLast\" matches the condition in line 11. Thus, line 12 will be executed to remove the last element from the deque.\nObservation 5: Sets 3, 4, and 5 remain applicable, as they include the lines for deleting the last element (lines 11 and 12).\n\nStep 6: Fourth Iteration with command \"delete B\":\nThe command \"delete B\" matches the condition in line 13. The program attempts to remove \"B\" from the deque, but since \"B\" is not present, it raises an exception, which is caught and passed without any operation.\nObservation 6: Sets 4 and 5 remain applicable as they include an attempt to remove an element that may not exist (lines 13, 14, and the exception handling lines 16).\n\nStep 7: Print the deque:\nFinally, the program prints the elements remaining in the deque (line 19).\nObservation 7: Given previous steps, both sets 4 and 5 remain applicable and include the final print statement (line 19).\n\nStep 8: Conclusion:\nSince both sets 4 and 5 are viable, the absence of a specific zero-like scenario or handling edge cases related to different command sequences means both are equally representative given the test case.\n\nFINAL CODE COVERAGE:\nSet 5: Statements 1, 2, 3, 4, 5, 6, 7, 8, 10, 12, 14, 19",
                "response_time": 6.936992883682251,
                "input_tokens": 729,
                "output_tokens": 448
            }
        ],
        "serialized_code": "Line 1: import sys\nLine 2: from collections import deque\nLine 3: n = int(sys.stdin.readline())\nLine 4: lines = sys.stdin.readlines()\nLine 5: Q = deque()\nLine 6: for i in range(n):\nLine 7:     command = lines[i].split()\nLine 8:     if command[0] == \"insert\":\nLine 9:         Q.appendleft(command[1])\nLine 10:     elif command[0] == \"deleteFirst\":\nLine 11:         Q.popleft()\nLine 12:     elif command[0] == \"deleteLast\":\nLine 13:         Q.pop()\nLine 14:     elif command[0] == \"delete\":\nLine 15:         try:\nLine 16:             Q.remove(command[1])\nLine 17:         except:\nLine 18:             pass\nLine 19: print(\" \".join(Q))\n",
        "test_case_id": "1"
    },
    {
        "submission_id": "s257832680",
        "import_statements_removed": [
            "import sys"
        ],
        "import_statements_removed_libs": [
            "sys"
        ],
        "number_of_imports_removed": 1,
        "number_of_calls": {
            "sys": 2
        },
        "lines_affected": {
            "sys": [
                2,
                3
            ]
        },
        "focc": [
            "Set 1: Statements 1, 2, 3, 4, 5, 6, 7, 8, 18",
            "Set 2: Statements 1, 2, 3, 4, 5, 6, 7, 9, 10, 18",
            "Set 3: Statements 1, 2, 3, 4, 5, 6, 7, 9, 11, 12, 18",
            "Set 4: Statements 1, 2, 3, 4, 5, 6, 7, 9, 11, 13, 15, 18",
            "Set 5: Statements 1, 2, 3, 4, 5, 6, 7, 9, 11, 13, 18",
            "Set 6: Statements 1, 2, 3, 4, 5, 18"
        ],
        "code": "from collections import deque\nn = int(sys.stdin.readline())\nlines = sys.stdin.readlines()\nQ = deque()\nfor i in range(n):\n    command = lines[i].split()\n    if command[0] == \"insert\":\n        Q.appendleft(command[1])\n    elif command[0] == \"deleteFirst\":\n        Q.popleft()\n    elif command[0] == \"deleteLast\":\n        Q.pop()\n    elif command[0] == \"delete\":\n        try:\n            Q.remove(command[1])\n        except:\n            pass\nprint(\" \".join(Q))",
        "test_cases": [
            {
                "test_case_id": 1,
                "test_case_inputs": "Test Case Input:\n5\ninsert 1\ninsert 2\ninsert 3\ndeleteFirst\ndeleteLast",
                "crispe_response": "PLAN:\n\n**Step 1: Input Processing:**\n- The program reads an integer `n` and then `n` lines of commands. \n- For the given test case input, `n` is 5, meaning the program expects 5 command lines.\n- This implies lines 1, 2, and 3 are executed to initialize input reading and the deque `Q`.\n- **Observation 1:** All sets of code coverage include lines 1, 2, and 3. Therefore, all sets remain applicable.\n\n**Step 2: Initialize Deque:**\n- The deque `Q` is initialized to be empty, which is at line 4.\n- **Observation 2:** All sets of code coverage contain line 4, so all sets remain applicable.\n\n**Step 3: Loop Over Commands:**\n- The for loop runs `n` times; in this case, 5 iterations. This ensures line 5 is reached, as commands will be processed.\n- **Observation 3:** All sets of code coverage take into account the loop execution (line 5). Thus, all sets remain applicable.\n\n**Step 4: Processing First Command (\"insert 1\"):**\n- The first command `insert 1` is split and processed within the loop. \n- The condition on line 6 `if command[0] == \"insert\":` holds true, executing line 7, where `1` is appended to `Q`.\n- **Observation 4:** Sets that include lines 6 and 7 remain applicable. Hence, sets 1, 2, 3, 4, and 5 are applicable.\n\n**Step 5: Processing Second Command (\"insert 2\"):**\n- The second command `insert 2` is similar to the first and will also satisfy the condition on line 6, executing line 7.\n- **Observation 5:** All sets from the previous step (sets 1, 2, 3, 4, and 5) remain valid as they cover this case (lines 6 and 7).\n\n**Step 6: Processing Third Command (\"insert 3\"):**\n- The third command `insert 3` follows the same condition, resulting in execution of lines 6 and 7.\n- **Observation 6:** Further narrows down to sets already containing lines 6 and 7, which are sets 1, 2, 3, 4, and 5.\n\n**Step 7: Processing Fourth Command (\"deleteFirst\"):**\n- The fourth command `deleteFirst` checks the condition `elif command[0] == \"deleteFirst\":` on line 9, which evaluates true, executing line 10 (`Q.popleft()`).\n- **Observation 7:** Sets that include lines 9 and 10 are now applicable, reducing possibilities to sets 2, 3, and 4.\n\n**Step 8: Processing Fifth Command (\"deleteLast\"):**\n- The final command `deleteLast` is evaluated for the condition `elif command[0] == \"deleteLast\":` on line 11, executing the subsequent pop action on line 12 (`Q.pop()`).\n- **Observation 8:** Sets containing lines 11 and 12 are applicable: set 3.\n\n**Step 9: Print Deque:**\n- The print statement `print(\" \".join(Q))` occurs at the end (line 18).\n- **Observation 9:** All remaining sets already include line 18.\n\n**FINAL CODE COVERAGE:**\n- Set 3: Statements 1, 2, 3, 4, 5, 6, 7, 9, 11, 12, 18",
                "response_time": 8.965365886688232,
                "input_tokens": 724,
                "output_tokens": 461
            },
            {
                "test_case_id": 2,
                "test_case_inputs": "Test Case Input:\ninsert A\ndeleteFirst\ndeleteLast\ndelete B",
                "crispe_response": "Sure, let's analyze the given Python program and test case step by step to identify the applicable sets of code coverage.\n\n### GIVEN PYTHON PROGRAM\n```python\nfrom collections import deque\nn = int(sys.stdin.readline())  # 1\nlines = sys.stdin.readlines()  # 2\nQ = deque()                    # 3\nfor i in range(n):             # 4\n    command = lines[i].split() # 5\n    if command[0] == \"insert\": # 6\n        Q.appendleft(command[1])  # 7\n    elif command[0] == \"deleteFirst\": # 8\n        Q.popleft()            # 9\n    elif command[0] == \"deleteLast\":  # 10\n        Q.pop()                # 11\n    elif command[0] == \"delete\":  # 12\n        try:                   # 13\n            Q.remove(command[1])  # 14\n        except:                # 15\n            pass               # 16\nprint(\" \".join(Q))             # 18\n```\n\n### GIVEN TEST CASE\n```\ninsert A\ndeleteFirst\ndeleteLast\ndelete B\n```\n\n### POSSIBLE SETS OF CODE COVERAGE\n- Set 1: Statements 1, 2, 3, 4, 5, 6, 7, 8, 18\n- Set 2: Statements 1, 2, 3, 4, 5, 6, 7, 9, 10, 18\n- Set 3: Statements 1, 2, 3, 4, 5, 6, 7, 9, 11, 12, 18\n- Set 4: Statements 1, 2, 3, 4, 5, 6, 7, 9, 11, 13, 15, 18\n- Set 5: Statements 1, 2, 3, 4, 5, 6, 7, 9, 11, 13, 18\n- Set 6: Statements 1, 2, 3, 4, 5, 18\n\n### PLAN:\n#### Step 1: Input Processing\n- The program starts by reading the input 'n' for looping through the commands.\n- Subsequently reads all lines of input as commands.\n- Set 'n' will be 4 given the test case has four lines.\n\n**Observation 1**: All sets contain lines 1, 2, 3, so all sets are initially applicable.\n\n#### Step 2: Initialize the Deque\n- Line 3 initializes a deque Q, preparing for command execution.\n\n**Observation 2**: All sets account for line 3 execution; all sets remain applicable.\n\n#### Step 3: Loop Through Commands\n- Loop through each command as derived from the input.\n\n**Observation 3**: The loop at line 4 executes for each command once; all sets include line 4 and 5, remaining applicable.\n\n#### Step 4: Command Execution and Deque Operation\n**Command 1: insert A**\n- The 'insert' check (line 6) is satisfied, leading to Q.appendleft('A') executing (line 7).\n\n**Observation 4**: Sets 1, 2, 3, 4, 5 include lines 6, 7.\n\n**Command 2: deleteFirst**\n- Line 8 triggers Q.popleft() (line 9).\n\n**Observation 5**: Only sets 2, 3, 4, 5 include lines 8, 9.\n\n**Command 3: deleteLast**\n- Line 10 triggers Q.pop() (line 11).\n\n**Observation 6**: Sets 3, 4, 5 include lines 10, 11.\n\n**Command 4: delete B**\n- Line 12 will not find 'B', will lead to the try-except block executing to handle the removal exception safely (lines 13, 15).\n\n**Observation 7**: Only sets 4, 5 consider lines 13, 15.\n\n#### Step 5: Printing Remaining Elements\n- Line 18 prints joined elements of deque Q. \n- Line 18 is in all possible coverage sets.\n\n**Observation 8**: From previous observations, sets that perform all the specified command operations and handle exceptions. This narrows it down to set 4.\n\n### FINAL CODE COVERAGE\n**Set 4**: Statements 1, 2, 3, 4, 5, 6, 7, 9, 11, 13, 15, 18",
                "response_time": 12.589977025985718,
                "input_tokens": 721,
                "output_tokens": 515
            }
        ],
        "serialized_code": "Line 1: from collections import deque\nLine 2: n = int(sys.stdin.readline())\nLine 3: lines = sys.stdin.readlines()\nLine 4: Q = deque()\nLine 5: for i in range(n):\nLine 6:     command = lines[i].split()\nLine 7:     if command[0] == \"insert\":\nLine 8:         Q.appendleft(command[1])\nLine 9:     elif command[0] == \"deleteFirst\":\nLine 10:         Q.popleft()\nLine 11:     elif command[0] == \"deleteLast\":\nLine 12:         Q.pop()\nLine 13:     elif command[0] == \"delete\":\nLine 14:         try:\nLine 15:             Q.remove(command[1])\nLine 16:         except:\nLine 17:             pass\nLine 18: print(\" \".join(Q))\n",
        "test_case_id": "2"
    },
    {
        "submission_id": "s257832680",
        "import_statements_removed": [
            "from collections import deque"
        ],
        "import_statements_removed_libs": [
            "collections"
        ],
        "number_of_imports_removed": 1,
        "number_of_calls": {
            "collections": 0
        },
        "lines_affected": {
            "collections": []
        },
        "focc": [
            "Set 1: Statements 1, 2, 3, 4, 5, 6, 7, 8, 18",
            "Set 2: Statements 1, 2, 3, 4, 5, 6, 7, 9, 10, 18",
            "Set 3: Statements 1, 2, 3, 4, 5, 6, 7, 9, 11, 12, 18",
            "Set 4: Statements 1, 2, 3, 4, 5, 6, 7, 9, 11, 13, 15, 18",
            "Set 5: Statements 1, 2, 3, 4, 5, 6, 7, 9, 11, 13, 18",
            "Set 6: Statements 1, 2, 3, 4, 5, 18"
        ],
        "code": "import sys\nn = int(sys.stdin.readline())\nlines = sys.stdin.readlines()\nQ = deque()\nfor i in range(n):\n    command = lines[i].split()\n    if command[0] == \"insert\":\n        Q.appendleft(command[1])\n    elif command[0] == \"deleteFirst\":\n        Q.popleft()\n    elif command[0] == \"deleteLast\":\n        Q.pop()\n    elif command[0] == \"delete\":\n        try:\n            Q.remove(command[1])\n        except:\n            pass\nprint(\" \".join(Q))",
        "test_cases": [
            {
                "test_case_id": 1,
                "test_case_inputs": "Test Case Input:\n5\ninsert 1\ninsert 2\ninsert 3\ndeleteFirst\ndeleteLast",
                "crispe_response": "To determine which set of statements will be covered by the given test case, we'll analyze the program step by step according to the provided test inputs.\n\n### PLAN:\n\n**Step 1: Input Reading and Initialization**\n\n- **Line 1:** Reads `n` from input using `sys.stdin.readline()`. For the test case, `n = 5`. This step will execute successfully as the input is correctly formatted.\n- **Line 2:** Reads the next `n` lines using `sys.stdin.readlines()`. These lines correspond to the commands that will be executed: \n  - \"insert 1\"\n  - \"insert 2\"\n  - \"insert 3\"\n  - \"deleteFirst\"\n  - \"deleteLast\"\n\n**Observation 1:** Lines 1 and 2 are executed, which are covered by all sets. All sets are still applicable at this point.\n\n**Step 2: Initialization of `deque` and Loop Setup**\n\n- **Line 3:** A `deque` named `Q` is initialized. This line is mandatory for all sets as the `deque` is used in future operations.\n- **Line 4:** A `for` loop starts, which will iterate `n` times based on the value of `n = 5`.\n\n**Observation 2:** Lines 3 and 4 are executed for the setup loop. All sets, therefore, remain applicable.\n\n**Step 3: Command Execution Loop**\n\n- **First Iteration (command = \"insert 1\"):**\n  - **Lines 5-6:** The command \"insert\" is found, and \"1\" is inserted at the front of `deque` using `Q.appendleft(\"1\")`.\n\n- **Second Iteration (command = \"insert 2\"):**\n  - **Lines 5-6:** The command \"insert\" is again executed, inserting \"2\" at the front using `Q.appendleft(\"2\")`.\n\n- **Third Iteration (command = \"insert 3\"):**\n  - **Lines 5-6:** Once more, \"insert\" is executed, adding \"3\" at the front with `Q.appendleft(\"3\")`.\n\n**Observation 3:** The first three iterations all execute the \"insert\" command, covering lines 5 and 6. This observation eliminates Set 6, which doesn't cover these lines.\n\n- **Fourth Iteration (command = \"deleteFirst\"):**\n  - **Line 7-8:** The command \"deleteFirst\" is found and executed using `Q.popleft()`, removing \"3\" from the front.\n\n**Observation 4:** The fourth iteration executes an existing \"deleteFirst\" command on line 7, marking covers on line 8. This observation ensures continued consideration of Sets 1 and 2, but eliminates sets lacking lines 8.\n\n- **Fifth Iteration (command = \"deleteLast\"):**\n  - **Line 9-10:** The command \"deleteLast\" is found and executed using `Q.pop()`, removing \"1\" from the back.\n\n**Observation 5:** The fifth iteration executes \"deleteLast,\" reaching line 10. This previous line's execution eliminates sets without line 10, but in this case, only Set 3 lacks completeness up to this point.\n\n**Step 4: End of Execution**\n\n- **Line 18:** After all commands, the final `print` command outputs the remaining elements in `Q` as a space-separated string.\n\n**Observation 6:** Lines 18 conclude the execution for all test case scenarios. Thus, Sets 1 and 5 are considered viable.\n\n### FINAL CODE COVERAGE:\n\nUsing all the observations, Set 5: Statements 1, 2, 3, 4, 5, 6, 7, 9, 11, 13, 18 is the remaining optimal choice. The operations align perfectly without unneeded exception handling through tries and catch.",
                "response_time": 8.268712043762207,
                "input_tokens": 722,
                "output_tokens": 484
            },
            {
                "test_case_id": 2,
                "test_case_inputs": "Test Case Input:\ninsert A\ndeleteFirst\ndeleteLast\ndelete B",
                "crispe_response": "PLAN:\n\nStep 1: Input Processing:\nThe program starts by reading integer input using `sys.stdin.readline()` which specifies the number of subsequent lines of commands (`n`). For this test case, however, we directly consider the commands provided ([\u201cinsert A\u201d, \u201cdeleteFirst\u201d, \u201cdeleteLast\u201d, \u201cdelete B\u201d]) representing `n = 4`. Thus, lines responsible for reading inputs are executed (lines 1 and 2).\nObservation 1: All sets of code coverage are applicable as they all include the statements for input reading (lines 1 and 2).\n\nStep 2: Command Loop Initialization:\nThe program initializes a deque `Q` to process commands. The loop starts executing, iterating over the commands provided (`n = 4`), which means lines 3 and 4 will be processed for setting up the loop and deque, respectively.\nObservation 2: All sets of code coverage remain applicable as they all account for lines 3 and 4.\n\nStep 3: Process Command \"insert A\":\nThe first command \"insert A\" will result in the `appendleft` operation in the deque `Q`, which corresponds to the execution of line 6. \nObservation 3: Sets that contain line 6 are applicable. This includes sets 1, 2, 3, 4, 5, and 6.\n\nStep 4: Process Command \"deleteFirst\":\nThe second command \"deleteFirst\" will result in `popleft` operation in the deque `Q`, corresponding to the execution of line 7.\nObservation 4: Sets that contain line 7 are applicable. This includes sets 1, 2, 3, 4, and 5.\n\nStep 5: Process Command \"deleteLast\":\nThe third command \"deleteLast\" will result in `pop` operation in the deque, which corresponds to the execution of line 9.\nObservation 5: Sets that contain line 9 are applicable. This includes sets 2, 3, 4, and 5.\n\nStep 6: Process Command \"delete B\":\nThe fourth command \"delete B\" attempts to remove an element not present in the deque `Q`. This triggers the `remove` operation enclosed in a try-except block on line 11. Since `B` is not present, the exception is caught, and the program continues without performing a removal.\nObservation 6: Sets that include line 11 and allow exceptional handling remain applicable. This includes sets 3, 4, and 5.\n\nStep 7: Final Output:\nAfter processing all commands, the program executes line 18 to print the remaining elements of the deque. Given the above steps, it consolidates the final execution into covered sets.\nObservation 7: Considering previous observations, the only viable sets include line 18 and account for all operations attempted: sets 3, 4, and 5.\n\nStep 8: Non-execution clauses:\nSince the commands `delete B` results in an exception and `pop` pertains to additional clauses in set 4 (line 13), we examine if all conditions in sets 3 and 5 perform similarly. Regardless, an empty deque results from successful completions.\nObservation 8: Set 5 particularly reflects execution without additional consequences from line 13.\n\nFINAL CODE COVERAGE:\nSet 5: Statements 1, 2, 3, 4, 5, 6, 7, 9, 11, 13, 18.",
                "response_time": 17.218703031539917,
                "input_tokens": 719,
                "output_tokens": 475
            }
        ],
        "serialized_code": "Line 1: import sys\nLine 2: n = int(sys.stdin.readline())\nLine 3: lines = sys.stdin.readlines()\nLine 4: Q = deque()\nLine 5: for i in range(n):\nLine 6:     command = lines[i].split()\nLine 7:     if command[0] == \"insert\":\nLine 8:         Q.appendleft(command[1])\nLine 9:     elif command[0] == \"deleteFirst\":\nLine 10:         Q.popleft()\nLine 11:     elif command[0] == \"deleteLast\":\nLine 12:         Q.pop()\nLine 13:     elif command[0] == \"delete\":\nLine 14:         try:\nLine 15:             Q.remove(command[1])\nLine 16:         except:\nLine 17:             pass\nLine 18: print(\" \".join(Q))\n",
        "test_case_id": "3"
    },
    {
        "submission_id": "s257832680",
        "import_statements_removed": [
            "import sys",
            "from collections import deque"
        ],
        "import_statements_removed_libs": [
            "sys",
            "collections"
        ],
        "number_of_imports_removed": 2,
        "number_of_calls": {
            "sys": 2,
            "collections": 0
        },
        "lines_affected": {
            "sys": [
                1,
                2
            ],
            "collections": []
        },
        "focc": [
            "Set 1: Statements 1, 2, 3, 4, 5, 6, 7, 17",
            "Set 2: Statements 1, 2, 3, 4, 5, 6, 8, 9, 17",
            "Set 3: Statements 1, 2, 3, 4, 5, 6, 8, 10, 11, 17",
            "Set 4: Statements 1, 2, 3, 4, 5, 6, 8, 10, 12, 14, 17",
            "Set 5: Statements 1, 2, 3, 4, 5, 6, 8, 10, 12, 17",
            "Set 6: Statements 1, 2, 3, 4, 17"
        ],
        "code": "n = int(sys.stdin.readline())\nlines = sys.stdin.readlines()\nQ = deque()\nfor i in range(n):\n    command = lines[i].split()\n    if command[0] == \"insert\":\n        Q.appendleft(command[1])\n    elif command[0] == \"deleteFirst\":\n        Q.popleft()\n    elif command[0] == \"deleteLast\":\n        Q.pop()\n    elif command[0] == \"delete\":\n        try:\n            Q.remove(command[1])\n        except:\n            pass\nprint(\" \".join(Q))",
        "test_cases": [
            {
                "test_case_id": 1,
                "test_case_inputs": "Test Case Input:\n5\ninsert 1\ninsert 2\ninsert 3\ndeleteFirst\ndeleteLast",
                "crispe_response": "PLAN:\n\nStep 1: Input Processing:\nThe program begins by reading an integer `n` (line 1) which indicates how many commands will follow. The subsequent lines (line 2) are the commands. Given the test case input, we have 5 commands.\nObservation 1: All possible sets of code coverage are applicable at this point as they all include lines 1 and 2.\n\nStep 2: Command Processing:\nThe program initializes a `deque` named `Q` (line 3). It then iterates `n` times (line 4) to process each command.\nObservation 2: All sets remain applicable as they all cover lines 3 and 4.\n\nStep 3: First Command - \"insert 1\":\nThe command is split into `[\"insert\", \"1\"]`. The program checks if the command is \"insert\" (line 5), which is true, so it appends `1` to the left of `Q` using `appendleft` (line 6).\nObservation 3: Sets 1, 2, 3, 4, and 5 are applicable as they include lines 5 and 6.\n\nStep 4: Second Command - \"insert 2\":\nThe command is `[\"insert\", \"2\"]`. The check for \"insert\" is true again (line 5), so `2` is appended to the left of `Q` (line 6).\nObservation 4: Sets 1, 2, 3, 4, and 5 remain applicable as they include the required lines for this operation.\n\nStep 5: Third Command - \"insert 3\":\nSimilarly, the command `[\"insert\", \"3\"]` is processed, and `3` is appended to the left of `Q` (line 6).\nObservation 5: Sets 1, 2, 3, 4, and 5 continue to be applicable as they account for multiple insert operations.\n\nStep 6: Fourth Command - \"deleteFirst\":\nThe command is `[\"deleteFirst\"]`. The program checks for \"deleteFirst\" (line 7), and this condition is true, so it pops the front of `Q` using `popleft` (line 8).\nObservation 6: Sets 2, 3, 4, and 5 are applicable since they include lines 7 and 8.\n\nStep 7: Fifth Command - \"deleteLast\":\nThe command is `[\"deleteLast\"]`. The program checks for \"deleteLast\" (line 9), which is true, therefore the last item is popped from `Q` using `pop` (line 10).\nObservation 7: Sets 3, 4, and 5 are applicable because they include lines 9 and 10.\n\nStep 8: End of Program:\nAfter processing all commands, the program prints the remaining elements in `Q` using `join` (line 17).\nObservation 8: All remaining applicable sets include line 17.\n\nStep 9: \"delete\" Command and Exception Handling:\nThe test case does not include a \"delete\" command that would use the `remove` method (lines 11-14), nor an exception handling scenario (lines 13-14).\nObservation 9: Set 3 can be eliminated since it includes lines 11 and further, which are not executed.\n\nFINAL CODE COVERAGE:\nSet 5: Statements 1, 2, 3, 4, 5, 6, 8, 10, 12, 17",
                "response_time": 8.40454363822937,
                "input_tokens": 714,
                "output_tokens": 446
            },
            {
                "test_case_id": 2,
                "test_case_inputs": "Test Case Input:\ninsert A\ndeleteFirst\ndeleteLast\ndelete B",
                "crispe_response": "To analyze the code coverage based on the given test case input for the provided Python program, we proceed with a systematic step-by-step reasoning approach:\n\n**PLAN:**\n\n**Step 1: Input Processing:**\n\n- The program begins by reading the integer `n` from input, which determines the number of command lines to process.\n- The subsequent lines are stored in the variable `lines`.\n- As the test case provides commands directly and does not specify `n`, we'll assume `n = 4` based on the number of input commands. Therefore, lines 1 and 2 are executed to set up for reading commands.\n\n**Observation 1:** All possible code coverage sets start with lines 1 and 2, so they all remain applicable.\n\n**Step 2: Initialization of Deque:**\n\n- A deque `Q` is initialized on line 3, which will be used to execute the commands.\n\n**Observation 2:** Line 3 is in all coverage sets, keeping them all applicable.\n\n**Step 3: Process Each Command:**\n\n- The program loops through each command using a `for` loop on line 4, iterating `n` (4) times.\n\n**Observation 3:** Line 4 is executed, and every set also includes this line.\n\n**Step 4: First Command - \"insert A\":**\n\n- The command \"insert A\" is processed:\n  - `command[0]` equals \"insert\", so the program executes line 5 (appending 'A' to the front of the deque).\n\n**Observation 4:** Sets 1, 2, 3, 4, and 5 include line 5.\n\n**Step 5: Second Command - \"deleteFirst\":**\n\n- The command \"deleteFirst\" is processed:\n  - `command[0]` equals \"deleteFirst\", so line 6 is executed (removing the first element from the deque).\n\n**Observation 5:** Sets 1, 2, 3, 4, and 5 continue to be applicable as they include line 6.\n\n**Step 6: Third Command - \"deleteLast\":**\n\n- The command \"deleteLast\" is processed:\n  - `command[0]` equals \"deleteLast\", triggering line 8 to execute (removing the last element from the deque).\n\n**Observation 6:** Sets 2, 3, 4, and 5 include line 8, keeping them applicable. Set 1 is eliminated because it doesn't include line 8.\n\n**Step 7: Fourth Command - \"delete B\":**\n\n- The command \"delete B\" is processed:\n  - `command[0]` equals \"delete\", initiating a try-except block at line 10. \n  - The program attempts to remove 'B' from the deque on line 12. If 'B' is not present, an exception occurs, and the program continues due to the except block.\n\n**Observation 7:** Sets 3, 4, and 5 include lines 10 and 12. Set 2 does not, so it's eliminated.\n\n**Step 8: End of Program:**\n\n- Following the loop, the program prints the current state of the deque.\n- Line 17 is executed to print the deque\u2019s content, which all remaining sets include.\n\n**Observation 8:** Sets 3, 4, and 5 include line 17, maintaining applicability thus far.\n\n**Step 9: Exception Handling:**\n\n- As the test case includes \"delete B\" where 'B' does not exist in the deque, the except block on line 14 is hit.\n- Set 5 does not include line 14, eliminating it.\n\n**FINAL CODE COVERAGE:**\n\n**Set 3: Statements 1, 2, 3, 4, 5, 6, 8, 10, 11, 17**",
                "response_time": 14.283978462219238,
                "input_tokens": 711,
                "output_tokens": 504
            }
        ],
        "serialized_code": "Line 1: n = int(sys.stdin.readline())\nLine 2: lines = sys.stdin.readlines()\nLine 3: Q = deque()\nLine 4: for i in range(n):\nLine 5:     command = lines[i].split()\nLine 6:     if command[0] == \"insert\":\nLine 7:         Q.appendleft(command[1])\nLine 8:     elif command[0] == \"deleteFirst\":\nLine 9:         Q.popleft()\nLine 10:     elif command[0] == \"deleteLast\":\nLine 11:         Q.pop()\nLine 12:     elif command[0] == \"delete\":\nLine 13:         try:\nLine 14:             Q.remove(command[1])\nLine 15:         except:\nLine 16:             pass\nLine 17: print(\" \".join(Q))\n",
        "test_case_id": "4"
    }
]