[
    {
        "submission_id": "s776560096",
        "import_statements_removed": [],
        "import_statements_removed_libs": [],
        "number_of_imports_removed": 0,
        "number_of_calls": {},
        "lines_affected": {},
        "focc": [
            "Set 1: Statements 9, 10",
            "Set 1: Statements 1, 2, 3, 4, 5, 6, 7, 8, 9, 10"
        ],
        "code": "try:\n  total=s=i=0 \n  while True:\n   a,b = map(int,input().split(','))\n   total += a*b\n   s += b\n   i += 1\nexcept:\n print(total)\n print(round(s/i+0.5))",
        "test_cases": [
            {
                "test_case_id": 1,
                "test_case_inputs": "Test Case Input:\n2,3\n4,5\n6,7\n8,9\n10,11\n12,13\n14,15\n16,17\n18,19\n20,21\n22,23\n24,25\n26,27\n28,29\n30,31",
                "crispe_response": "PLAN:\n\nStep 1: Input Processing:\nThe program begins by initializing variables `total`, `s`, and `i` to zero. The loop is designed to process each pair of numbers entered as input. For the given test case, this involves reading each pair of numbers separated by a comma. This means the first part of the loop (lines 2-6) will be executed multiple times to read and process the input pairs.\nObservation 1: As these lines are associated with processing input, every set of possible code coverage which includes at least a part of the input processing loop should be initially considered.\n\nStep 2: First Pair Processing (2,3):\nOn processing the first pair (2,3), line 3 reads the pair and line 4 calculates `total = total + (2*3)`, updating `total` to 6. Line 5 updates `s = s + 3`, setting `s` to 3. Line 6 increments `i` by 1, making `i = 1`.\nObservation 2: Sets that include the loop lines (3, 4, 5, 6) are applicable at this stage since the loop processes the input and updates the values.\n\nStep 3: Loop Repetition:\nThis loop then continues processing each subsequent input pair similarly, calculating the total value and updating the count of numbers processed, as well as the sum of the second numbers (b-values). \nObservation 3: Each successful pair processing continues to apply the same lines (3-6) without any exceptions being raised.\n\nStep 4: Loop Termination:\nOnce the last provided input line (30,31) is reached and processed, the user reaches the end of input or terminates it (potentially via a manual interrupt if testing interactively).\nObservation 4: Since all inputs are valid number pairs, processing will continue until an exceptional condition occurs, leading to the exception block execution. The loop does not encounter an explicit end signal (like a specific input that stops it), suggesting a manual stop (EOF or KeyboardInterrupt) once inputs are complete.\n\nStep 5: Entering the Exception Block:\nSince there is no further input or a manual stop, an exception is triggered leading to handling in the exception block, thus executing lines 9 and 10.\nObservation 5: At this point, only the sets which include the exception handling lines (9, 10) are applicable, as the exception condition to exit the loop and print results occurs next.\n\nStep 6: Final Output Calculations:\nFollowing the loop termination by exception, line 9 prints the accumulated `total`, and line 10 prints the average-calculated value rounded (s/i rounded to the nearest whole number).\nObservation 6: The only applicable code coverage involves the execution of exception handlers (lines 9 and 10), as these lines execute after the loop is forcefully stopped.\n\nFINAL CODE COVERAGE:\nSet 1: Statements 9, 10\n\nThe processing involves uninterrupted loop execution till a manual or controlled input stop. Error handling is needed to print the results, specifically reflecting the lines involved in ending this process.",
                "response_time": 11.547180414199829,
                "input_tokens": 637,
                "output_tokens": 475
            },
            {
                "test_case_id": 2,
                "test_case_inputs": "Test Case Input:\n1,2\n3,4\n5,6\n7,8\n9,10\n11,12\n13,14\n15,16\n17,18\n19,20\n21,22\n23,24\n25,26\n27,28\n29,30\n31,32\n33,34\n35,36\n37,38\n39,40\n41,42\n43,44\n45,46\n47,48\n49,50\n51,52\n53,54\n55,56\n57,58\n59,60\n61,62\n63,64\n65,66\n67,68\n69,70\n71,72\n73,74\n75,76\n77,78\n79,80\n81,82\n83,84\n85,86\n87,88\n89,90\n91,92\n93,94\n95,96\n97,98\n99,100",
                "crispe_response": "PLAN:\n\nStep 1: Input Processing:\nThe program begins by initializing variables `total`, `s`, and `i` to zero. The loop is designed to process each pair of numbers entered as input. For the given test case, this involves reading each pair of numbers separated by a comma. This means the first part of the loop (lines 2-6) will be executed multiple times to read and process the input pairs.\nObservation 1: As these lines are associated with processing input, every set of possible code coverage which includes at least a part of the input processing loop should be initially considered.\n\nStep 2: First Pair Processing (2,3):\nOn processing the first pair (2,3), line 3 reads the pair and line 4 calculates `total = total + (2*3)`, updating `total` to 6. Line 5 updates `s = s + 3`, setting `s` to 3. Line 6 increments `i` by 1, making `i = 1`.\nObservation 2: Sets that include the loop lines (3, 4, 5, 6) are applicable at this stage since the loop processes the input and updates the values.\n\nStep 3: Loop Repetition:\nThis loop then continues processing each subsequent input pair similarly, calculating the total value and updating the count of numbers processed, as well as the sum of the second numbers (b-values). \nObservation 3: Each successful pair processing continues to apply the same lines (3-6) without any exceptions being raised.\n\nStep 4: Loop Termination:\nOnce the last provided input line (30,31) is reached and processed, the user reaches the end of input or terminates it (potentially via a manual interrupt if testing interactively).\nObservation 4: Since all inputs are valid number pairs, processing will continue until an exceptional condition occurs, leading to the exception block execution. The loop does not encounter an explicit end signal (like a specific input that stops it), suggesting a manual stop (EOF or KeyboardInterrupt) once inputs are complete.\n\nStep 5: Entering the Exception Block:\nSince there is no further input or a manual stop, an exception is triggered leading to handling in the exception block, thus executing lines 9 and 10.\nObservation 5: At this point, only the sets which include the exception handling lines (9, 10) are applicable, as the exception condition to exit the loop and print results occurs next.\n\nStep 6: Final Output Calculations:\nFollowing the loop termination by exception, line 9 prints the accumulated `total`, and line 10 prints the average-calculated value rounded (s/i rounded to the nearest whole number).\nObservation 6: The only applicable code coverage involves the execution of exception handlers (lines 9 and 10), as these lines execute after the loop is forcefully stopped.\n\nFINAL CODE COVERAGE:\nSet 2: Statements 1, 2, 3, 4, 5, 6, 7, 8, 9, 10\n\nThe processing involves uninterrupted loop execution till a manual or controlled input stop. Error handling is needed to print the results, specifically reflecting the lines involved in ending this process.",
                "response_time": 11.547180414199829,
                "input_tokens": 637,
                "output_tokens": 475
            }
        ],
        "serialized_code": "Line 1: try:\nLine 2:   total=s=i=0 \nLine 3:   while True:\nLine 4:    a,b = map(int,input().split(','))\nLine 5:    total += a*b\nLine 6:    s += b\nLine 7:    i += 1\nLine 8: except:\nLine 9:  print(total)\nLine 10:  print(round(s/i+0.5))\n",
        "test_case_id": "1"
    }
]