[
    {
        "submission_id": "s712339793",
        "import_statements_removed": [],
        "import_statements_removed_libs": [],
        "number_of_imports_removed": 0,
        "number_of_calls": {},
        "lines_affected": {},
        "focc": [
            "Set 1: Statements 1, 14",
            "Set 2: Statements 1, 14, 15"
        ],
        "code": "def main():\n    N = input()\n    A = list(map(int, input().split()))\n    if 0 in A:\n        print(0)\n        return\n    ans = 1\n    for a in A:\n        ans *= a\n        if ans > 10**18:\n            print(-1)\n            return\n    print(ans)\nif __name__ == '__main__':\n    main()",
        "test_cases": [
            {
                "test_case_id": 1,
                "test_case_inputs": "Test Case Input:\n5\n2 3 4 5 6",
                "crispe_response": "To determine the code coverage for the given Python program based on the provided test case, we will analyze the execution flow step by step.\n\n### GIVEN PROGRAM:\n```python\ndef main():\n    N = input()\n    A = list(map(int, input().split()))\n    if 0 in A:\n        print(0)\n        return\n    ans = 1\n    for a in A:\n        ans *= a\n        if ans > 10**18:\n            print(-1)\n            return\n    print(ans)\nif __name__ == '__main__':\n    main()\n```\n\n### GIVEN TEST CASE INPUT:\n```\n5\n2 3 4 5 6\n```\n\n### GIVEN POSSIBLE SETS OF CODE COVERAGE:\n- Set 1: Statements 1, 14\n- Set 2: Statements 1, 14, 15\n\n### ANALYSIS AND STEP-BY-STEP REASONING:\n\n**Step 1: Input Processing**\n- The function `main()` begins executing when the script is run (this corresponds to the check `if __name__ == '__main__':`).\n- `N = input()` reads the first line of input (`5`), which represents the number of elements in the list `A`.\n- `A = list(map(int, input().split()))` reads the second line of input (`2 3 4 5 6`) and converts it into a list of integers: `[2, 3, 4, 5, 6]`.\n- Observation 1: This step confirms that the program has started its execution and we're processing input. All provided sets include the statement related to execution of the script, Statement 1, but that line in a strict sense does not have a statement number in the context of the code sections used, indicating instead we are focusing on what happens within `main()`.\n\n**Step 2: Zero Check**\n- The program checks `if 0 in A:` with the list `A = [2, 3, 4, 5, 6]`. Since there is no `0` in the list, this condition is false, so the program continues beyond the `if` block.\n- Observation 2: Since the execution doesn't hit print(0) and `return`, the program has not selected this branch of logic. Hence, all code sets not visiting this block remain applicable. However, the provided code sets do not allow us to directly eliminate any sets based solely on this decision point.\n\n**Step 3: Loop and Anomaly Check**\n- The variable `ans` is initialized to `1`.\n- The loop `for a in A:` iteratively multiplies each element of `A` with `ans`, which calculates the cumulative product.\n  - Iteration 1: `ans = 1 * 2 = 2`\n  - Iteration 2: `ans = 2 * 3 = 6`\n  - Iteration 3: `ans = 6 * 4 = 24`\n  - Iteration 4: `ans = 24 * 5 = 120`\n  - Iteration 5: `ans = 120 * 6 = 720`\n- During each iteration, the condition `if ans > 10**18:` is checked. Since the computed product (720) never exceeds `10**18`, this condition never becomes true, so the loop continues to completion without printing `-1` or returning early.\n- Observation 3: Since none of the iterations result in `ans > 10**18`, the program never executes the print and return statements inside the `if ans > 10**18:` block, which would include any statement not ending with the final print. However, since sets 1 and 2 both seem to terminate the execution after print(ans), we must identity that this print does occur as evidence further supports.\n\n**Step 4: Print Final Product**\n- After the loop concludes, the final value of `ans` (720) is printed with `print(ans)`.\n- Observation 4: This operation confirms that the successful computation path has completed, confirming the engagement of print statements executing as 15 is aligned with code reporting. Thus, in competing any set alignment, statements 1, 14, and 15 provides definitive closure.\n\n### FINAL CODE COVERAGE:\nBased on the above analysis, the program completes with printing the final computed product. Thus, **Set 2**: Statements 1, 14, 15 accurately represents the code coverage for the given test case.",
                "response_time": 15.538368463516235,
                "input_tokens": 651,
                "output_tokens": 616
            },
            {
                "test_case_id": 2,
                "test_case_inputs": "Test Case Input:\n0 1",
                "crispe_response": "To analyze the given program and choose the best set of statements that will be covered by the test case, we can follow a step-by-step reasoning similar to the example provided:\n\n### PLAN:\n\n**Step 1: Input Processing**\n- The program begins by reading input values. \n- As per the test case, the input is \"0 1\", which means lines 2 and 3 in the code will be executed. Line 2 captures the input `N`, and line 3 processes this input to generate the list `A = [0, 1]`.\n- **Observation 1**: Line 2 does not appear explicitly in the possible sets, but it can be inferred that the processing is done within the given function logic. This step ensures the program starts executing the function. Therefore, all sets\u2014Set 1 and Set 2\u2014are initially applicable because the execution process started and will reach further statements as per the logic.\n\n**Step 2: Checking for Zero in List `A`**\n- The program checks if the list `A` contains `0` by using the condition `if 0 in A:` in line 4.\n- For the test case, `0` is indeed present in the list `A`.\n- Therefore, line 5 will be executed to print `0`, and line 6 will execute the `return` statement to end the function.\n- **Observation 2**: The presence of `0` ensures that the program will execute lines 4, 5, and 6. However, since sets are given as complete sequences without explicit breakdown in this first part, observation focuses on function return after printing `0`. Set 2 includes execution beyond just the initial statement (Statement 1 in the provided sets), indicating more inline processing was considered. \n\n**Step 3: Finalizing Code Coverage**\n- After printing `0`, since the function ends with a return statement, no further lines of code after this point will be executed (i.e., lines involving calculations and additional conditions).\n- **Observation 3**: Set 1 and Set 2 both capture the essence of this logic flow. However, in real function consideration, the start (Statement 1 in the logical sequence) would involve processing then returning based on a programmatic condition (like a zero input), typically included as logic flow statements internal to expected execution.\n\n**FINAL CODE COVERAGE:**\n- The best representation given the constraints is **Set 1: Statements 1, 14**. This represents the immediate execution pathway including function start and end, aligning with how the initial function intended processing, albeit brief and returning on zero condition check.\n\nThe representation aligns with simplified set considerations for initial execution and immediate logical return pathways.",
                "response_time": 8.152038812637329,
                "input_tokens": 647,
                "output_tokens": 420
            }
        ],
        "serialized_code": "Line 1: def main():\nLine 2:     N = input()\nLine 3:     A = list(map(int, input().split()))\nLine 4:     if 0 in A:\nLine 5:         print(0)\nLine 6:         return\nLine 7:     ans = 1\nLine 8:     for a in A:\nLine 9:         ans *= a\nLine 10:         if ans > 10**18:\nLine 11:             print(-1)\nLine 12:             return\nLine 13:     print(ans)\nLine 14: if __name__ == '__main__':\nLine 15:     main()\n",
        "test_case_id": "1"
    }
]