[
    {
        "submission_id": "s456368745",
        "import_statements_removed": [],
        "import_statements_removed_libs": [],
        "number_of_imports_removed": 0,
        "number_of_calls": {},
        "lines_affected": {},
        "focc": [
            "Set 1: Statements 1, 2, 4, 8, 9, 10",
            "Set 2: Statements 1, 2"
        ],
        "code": "t = 0\nwhile t == 0:\t\n\ttry:\n\t\ta,b,e,c,d,f = [int(i) for i in input().split()]\n\texcept:\n\t\tbreak\n\telse:\n\t\tx = (d*e - b*f) / (a*d - b*c) + 0\n\t\ty = (a*f - c*e) / (a*d - b*c) + 0\n\t\tprint(\"{0:.3f}\".format(x) + \" \" + \"{0:.3f}\".format(y))",
        "test_cases": [],
        "serialized_code": "Line 1: t = 0\nLine 2: while t == 0:\t\nLine 3: \ttry:\nLine 4: \t\ta,b,e,c,d,f = [int(i) for i in input().split()]\nLine 5: \texcept:\nLine 6: \t\tbreak\nLine 7: \telse:\nLine 8: \t\tx = (d*e - b*f) / (a*d - b*c) + 0\nLine 9: \t\ty = (a*f - c*e) / (a*d - b*c) + 0\nLine 10: \t\tprint(\"{0:.3f}\".format(x) + \" \" + \"{0:.3f}\".format(y))\n",
        "test_case_id": "1"
    }
]