[
    {
        "submission_id": "s557811536",
        "import_statements_removed": [],
        "import_statements_removed_libs": [],
        "number_of_imports_removed": 0,
        "number_of_calls": {},
        "lines_affected": {},
        "focc": [
            "Set 1: Statements 1, 2, 3, 4, 5, 6, 7, 8, 9, 10, 11, 12, 13, 14, 15, 16, 17, 18, 19",
            "Set 2: Statements 1, 2, 3, 4, 5, 6, 7, 8, 9, 10, 11, 12, 13, 14, 15, 16, 17, 19",
            "Set 3: Statements 1, 2, 3, 4, 5, 6, 7, 8, 9, 10, 11, 12, 13, 14, 15, 17, 18, 19",
            "Set 4: Statements 1, 2, 3, 4, 5, 6, 7, 8, 9, 10, 11, 12, 13, 14, 15, 17, 19",
            "Set 5: Statements 1, 2, 3, 4, 5, 6, 7, 8, 9, 10, 11, 12, 13, 14, 17, 18, 19",
            "Set 6: Statements 1, 2, 3, 4, 5, 6, 7, 8, 9, 10, 11, 12, 13, 14, 17, 19",
            "Set 7: Statements 1, 2, 3, 4, 5, 10, 11, 12, 13, 14, 15, 16, 17, 18, 19",
            "Set 8: Statements 1, 2, 3, 4, 5, 10, 11, 12, 13, 14, 15, 16, 17, 19",
            "Set 9: Statements 1, 2, 3, 4, 5, 10, 11, 12, 13, 14, 15, 17, 18, 19",
            "Set 10: Statements 1, 2, 3, 4, 5, 10, 11, 12, 13, 14, 15, 17, 19",
            "Set 11: Statements 1, 2, 3, 4, 5, 10, 11, 12, 13, 14, 17, 18, 19",
            "Set 12: Statements 1, 2, 3, 4, 5, 10, 11, 12, 13, 14, 17, 19"
        ],
        "code": "h,w,n=map(int,input().split())\nH=[0]*h\nW=[0]*w\nL=[(0,0)]*n\nfor i in range(n):\n    a,b=map(int,input().split())\n    L[i]=(a,b)\n    H[a-1]+=1\n    W[b-1]+=1\nh_max=max(H)\nw_max=max(W)\nans=h_max+w_max\ncnt=0\nfor l in L:\n    if H[l[0]-1]==h_max and W[l[1]-1]==w_max:\n        cnt+=1\nif H.count(h_max)*W.count(w_max)==cnt:\n    ans-=1\nprint(ans)",
        "test_cases": [
            {
                "test_case_id": 1,
                "test_case_inputs": "Test Case Input:\n4 3 5\n1 1\n3 2\n2 1\n4 2\n1 3",
                "crispe_response": "PLAN:\n\n**Step 1: Input Processing**  \nThe given input is \"4 3 5\", followed by five pairs of numbers:  \n1 1  \n3 2  \n2 1  \n4 2  \n1 3  \nThe program reads these inputs, which correspond to statements 1 and 2, processing them as the dimensions (h, w) and the number tuples, respectively.  \n**Observation 1**: All sets of code coverage are still applicable; these inputs result in statements 1 and 2 being satisfied.\n\n**Step 2: Initializing Lists**  \nStatements 3 and 4 initialize the lists `H` and `W` with zeroes, each of length `h` and `w`, respectively.  \nStatement 5 initializes list `L` to hold `n` tuples filled with zeroes.  \n**Observation 2**: Statements 3, 4, and 5 are executed for all sets, so all sets remain applicable.\n\n**Step 3: Populating H, W, L**  \nLoop from statement 6 to statement 10:  \n- The loop iterates `n=5` times to fill `L` with the input pairs while updating the count in `H` and `W`.  \n- After each input tuple `(a, b)`, `H[a-1]` is incremented and `W[b-1]` is incremented.  \n**Observation 3**: Statements 6 to 10 will execute during the loop. Sets 7 and 8 are not applicable since they miss statement 5, which gets covered by the processing of the input.\n\n**Step 4: Finding Maximums**  \n- Statement 11 finds `h_max` as the maximum value in `H`.  \n- Statement 12 finds `w_max` as the maximum value in `W`.  \n- Statement 13 calculates `ans` as the sum of `h_max` and `w_max`.  \n**Observation 4**: All current sets include statements 11, 12, and 13. Thus, no elimination from this step.\n\n**Step 5: Counting Matching Maximums**  \n- Statement 14 initializes `cnt` to zero.  \n- The loop from statements 15 through 17 checks each pair in `L`:\n  - If `H[l[0]-1] == h_max` and `W[l[1]-1] == w_max`, then `cnt` is incremented.  \n**Observation 5**: The logic checks if any lines in column `W` and rows in `H` reach the max together. Sets missing statement 16 are eliminated (like sets 7 and 8 have been already).\n\n**Step 6: Check to Adjust ans**  \n- Statement 18 checks if the count of such maximum matches exactly equals `cnt`. If true, `ans` is decremented by 1.  \n**Observation 6**: Sets that exclude statement 18 (e.g., 2, 4, and 6) are eliminated because they do not include the decrement operation on `ans`.\n\n**Step 7: Final Output**  \n- Statement 19 prints the value of `ans`.  \n**Observation 7**: All remaining sets contain statement 19, contributing to valid printing of the result.\n\n**FINAL CODE COVERAGE**:  \nGiven the eliminations through the reasoning steps, the applicable set of statements is determined to be:\n**Set 11**: Statements 1, 2, 3, 4, 5, 10, 11, 12, 13, 14, 17, 18, 19",
                "response_time": 14.958608388900757,
                "input_tokens": 851,
                "output_tokens": 443
            },
            {
                "test_case_id": 2,
                "test_case_inputs": "Test Case Input:\n2 2 2\n1 1\n2 2",
                "crispe_response": "PLAN:\n\nStep 1: Input Processing:\nThe program starts by reading a single line of input consisting of three integers, \\( h \\), \\( w \\), and \\( n \\) (line 1). In this test case, the input is \"2 2 2\", meaning \\( h = 2 \\), \\( w = 2 \\), and \\( n = 2 \\). The arrays \\( H \\), \\( W \\), and \\( L \\) are initialized (lines 2, 3, and 4).\nObservation 1: All sets of code coverage are applicable as they all include lines 1 to 4.\n\nStep 2: Reading \\( n \\) pairs:\nThe program then enters a loop to read \\( n \\) pairs of integers. Each iteration updates the lists \\( H \\) and \\( W \\) and stores the pair in \\( L \\) (lines 5-7). The inputs \"1 1\" and \"2 2\" are provided for these iterations.\nObservation 2: All sets of code coverage remain applicable as they all include lines 5-7.\n\nStep 3: Calculating Maximum Values:\nThe program calculates the maximum values in the \\( H \\) and \\( W \\) arrays (lines 8-9). Given the input, \\( h\\_max \\) and \\( w\\_max \\) both are 1.\nObservation 3: All sets of code coverage are still applicable as they include lines 8-9.\n\nStep 4: Result Calculation Initialization:\nThe variable \\( ans \\) is initialized to the sum of \\( h\\_max \\) and \\( w\\_max \\), and \\( cnt \\) is initialized to 0 (line 10).\nObservation 4: All sets of code coverage include line 10.\n\nStep 5: Intersection Check Loop:\nThe loop iterates over the list \\( L \\) to count intersections where both \\( h\\_max \\) and \\( w\\_max \\) occur (lines 11-15). For each element in \\( L \\), the condition \\( H[l[0]-1] == h\\_max \\) and \\( W[l[1]-1] == w\\_max \\) is true, so \\( cnt \\) increases for both pairs. This condition holds twice as the input pairs cover the entire grid.\nObservation 5: Since the loop iterates and \\( cnt \\) increments, lines 11-15, 17, and 18 are executed.\n\nStep 6: Adjustment Based on Count:\nA check is made to potentially decrement \\( ans \\) if the product of counts of \\( h\\_max \\) and \\( w\\_max \\) in \\( H \\) and \\( W \\), respectively, is equal to \\( cnt \\) (line 17). Here, the check \\( H.count(h\\_max) \\times W.count(w\\_max) == cnt \\) is true (since both counts are 1 and \\( cnt = 2 \\)), so \\( ans \\) is decremented.\nObservation 6: This means line 18 is not executed as the condition is true for the decrement to occur (within else block).\n\nStep 7: Final Output:\nThe result \\( ans \\) is printed (line 19).\nObservation 7: All sets of code coverage include line 19.\n\nFINAL CODE COVERAGE:\nSet 10: Lines 1, 2, 3, 4, 5, 10, 11, 12, 13, 14, 15, 17, 19\n\nSet 3, Set 6, or Set 9 might seem plausible at first due to including lines 18; however, since the decrement condition was met causing line 18 not to be executed, Set 10 accurately reflects the code execution.",
                "response_time": 15.704599380493164,
                "input_tokens": 845,
                "output_tokens": 524
            }
        ],
        "serialized_code": "Line 1: h,w,n=map(int,input().split())\nLine 2: H=[0]*h\nLine 3: W=[0]*w\nLine 4: L=[(0,0)]*n\nLine 5: for i in range(n):\nLine 6:     a,b=map(int,input().split())\nLine 7:     L[i]=(a,b)\nLine 8:     H[a-1]+=1\nLine 9:     W[b-1]+=1\nLine 10: h_max=max(H)\nLine 11: w_max=max(W)\nLine 12: ans=h_max+w_max\nLine 13: cnt=0\nLine 14: for l in L:\nLine 15:     if H[l[0]-1]==h_max and W[l[1]-1]==w_max:\nLine 16:         cnt+=1\nLine 17: if H.count(h_max)*W.count(w_max)==cnt:\nLine 18:     ans-=1\nLine 19: print(ans)\n",
        "test_case_id": "1"
    }
]