[
    {
        "submission_id": "s219229721",
        "import_statements_removed": [],
        "import_statements_removed_libs": [],
        "number_of_imports_removed": 0,
        "number_of_calls": {},
        "lines_affected": {},
        "focc": [
            "Set 1: Statements 1, 2, 3, 4, 5, 6, 7, 8",
            "Set 2: Statements 1, 2, 3, 4, 5, 6, 7, 10, 11, 12, 13, 14, 15, 16",
            "Set 3: Statements 1, 2, 3, 4, 5, 6, 7, 10, 11, 12, 13, 14, 15, 19, 20, 21, 22",
            "Set 4: Statements 1, 2, 3, 4, 5, 6, 7, 10, 11, 12, 13, 14, 15, 19, 20, 22",
            "Set 5: Statements 1, 2, 3, 4, 5, 6, 7, 10, 11, 12, 19, 20, 21, 22",
            "Set 6: Statements 1, 2, 3, 4, 5, 6, 7, 10, 11, 12, 19, 20, 22",
            "Set 7: Statements 1, 2, 3, 4, 5, 6, 7, 10, 11, 19, 20, 21, 22",
            "Set 8: Statements 1, 2, 3, 4, 5, 6, 7, 10, 11, 19, 20, 22",
            "Set 9: Statements 1, 2, 3, 4, 6, 7, 8",
            "Set 10: Statements 1, 2, 3, 4, 6, 7, 10, 11, 12, 13, 14, 15, 16",
            "Set 11: Statements 1, 2, 3, 4, 6, 7, 10, 11, 12, 13, 14, 15, 19, 20, 21, 22",
            "Set 12: Statements 1, 2, 3, 4, 6, 7, 10, 11, 12, 13, 14, 15, 19, 20, 22"
        ],
        "code": "n = int(input())\na = sorted(list(map(int, input().split())))\nprime_q = []\nfor i in range(10**6+2):\n    prime_q.append(True)\nd = {}\nfor i in a:\n    try:d[i] += 1\n    except:d[i] = 1\nans = []\nfor i in set(a):\n    if(prime_q[i] == True):\n        ans.append(i)\n        c = 1\n        while(True):\n            try:prime_q[i*c] = False\n            except:break\n            c+=1\nnum = 0\nfor i in ans:\n    if(d[i] == 1):num+=1\nprint(num)",
        "test_cases": [
            {
                "test_case_id": 1,
                "test_case_inputs": "Test Case Input:\n4\n1 2 3 4",
                "crispe_response": "To find the best set of statements covered by the given test case, let's go through the program step by step:\n\n### PLAN:\n\n**Step 1: Input Processing**\n\n1. The program starts by taking an input integer `n` (line 1) which denotes the number of elements.\n2. In the test case, `n` is 4.\n3. The next input is a list of integers (line 2), and in the test case, this list is `1 2 3 4`.\n4. This input is transformed into a sorted list `a = [1, 2, 3, 4]`.\n\n**Observation 1:** All given sets include processing the input on lines 1 and 2.\n\n**Step 2: Prime Array Initialization**\n\n1. A list `prime_q` of length `10**6 + 2` is initialized with `True` values (lines 3 and 4).\n\n**Observation 2:** Since all sets include these lines, they all remain applicable.\n\n**Step 3: Frequency Dictionary Creation**\n\n1. A dictionary `d` is created to store frequencies of each number in `a` (lines 5 and 6).\n2. As we iterate over `a`, the dictionary `d` becomes `{1: 1, 2: 1, 3: 1, 4: 1}`.\n\n**Observation 3:** All sets include lines 5 and 6, so they all are still applicable.\n\n**Step 4: Identify and Track Primes**\n\n1. A list `ans` is initialized (line 7).\n2. Iterate over the unique elements of `a` considering them as potential primes:\n   - **For `i = 1`:** `prime_q[1]` is `True`, so `1` is added to `ans`, and then multiples of `1` change the values in `prime_q` (some exceptions occur but caught, e.g., invalid indices). However, they don't affect overall logic since this line deals with larger initial assumptions.\n   - **For `i = 2`:** `prime_q[2]` is `True`, so `2` is added to `ans`. The multiples of `2` are then marked as `False` until the exceptions occur.\n   - **For `i = 3`:** `prime_q[3]` is `True`, so `3` is added to `ans` and multiples are marked similarly.\n   - **For `i = 4`:** Since `prime_q[4]` is `False` due to marking as multiples of 2, it is not added to `ans`.\n\n3. At the end of this loop, `ans = [1, 2, 3]`.\n\n**Observation 4:** Since `ans` is built based on logic in lines from 10 to 19, sets without lines 10 to 19 can be eliminated.\n\n**Step 5: Counting Unique Prime Elements**\n\n1. Variable `num` is initialized (line 20).\n2. Iterate over each number in `ans`:\n   - Since each number has a frequency of 1 in `d`, they all contribute to `num`.\n3. So, `num` becomes `3`.\n\n**Observation 5:** Eliminate sets that do not include lines 20, 21, and 22, since all elements in `ans` meet the frequency condition.\n\n**Final Step: Selecting the Best Set**\n\nBy following these observations, the sets of code coverage are narrowed down step-by-step. The critical points to notice were the checking of prime status, frequency counting, and valid index handling.\n\n### FINAL CODE COVERAGE:\n\n**Set 3**: Statements 1, 2, 3, 4, 5, 6, 7, 10, 11, 12, 13, 14, 15, 19, 20, 21, 22",
                "response_time": 15.0954430103302,
                "input_tokens": 845,
                "output_tokens": 496
            },
            {
                "test_case_id": 2,
                "test_case_inputs": "Test Case Input:\n3\n2 2 3",
                "crispe_response": "PLAN:\n\nStep 1: Input Processing: \nThe program starts with inputs that are processed as follows. The first input line starting at statement 1 reads an integer `n` which indicates the number of integers to follow. The next input line (part of statement 2) reads a sequence of integers and sorts them into a list `a`. Since the test case provides `n` as 3 and the list `a` as [2, 2, 3], these lines are executed to process the input.\nObservation 1: All sets of code coverage include statements 1 and 2, which are required for input processing, so all sets remain valid.\n\nStep 2: Setting up `prime_q` list:\nThe `prime_q` list is initialized with `True` for indices up to `10^6+1` as part of statement 3, which happens before any processing of list `a`.\nObservation 2: All sets of coverage include statement 3, so they all remain valid.\n\nStep 3: Populating dictionary `d`:\nThe program iterates over each number in the list `a` to tally their occurrences in dictionary `d` using the try-except block at statement 4. Given `a = [2, 2, 3]`, both 2's increment the count to 2, and 3 increments its count to 1.\nObservation 3: All sets of code coverage have statement 4, so all of them are applicable up to this point.\n\nStep 4: Prime Number Filtering:\nThe program goes through each unique number in the set derived from `a` to determine its primality. This part is covered by statement 5, consistently checking if each number from the set `{2, 3}` is prime (`prime_q[i] == True`) and marking its multiples as not prime (false) when it is.\nObservation 4: All sets include statement 5, hence remaining applicable for this filtering step.\n\nStep 5: Constructing List `ans`:\nIf a number is found to be prime, it is appended to list `ans`. For this test case, both numbers 2 and 3 are prime, so `ans` becomes [2, 3]. Statement 6 ensures this logic is executed.\nObservation 5: All sets incorporate statement 6, so they all continue to be relevant.\n\nStep 6: Process of Setting Multiples to False:\nFor each confirmed prime number (in this case, 2 and 3), a while loop (inside statement 7) marks multiples of these numbers within the list `prime_q` as False. An exception ensures the loop breaks if an index goes out of range.\nObservation 6: All sets mentioning statement 7, the while loop, continue to hold. \n\nStep 7: Counting Unique Primes:\nA counter `num` is incremented once for each prime number in `ans` with a count of 1 in dictionary `d`. This step involves statement 10 and accounts for unique primes, but in this case, both primes in `ans` have count values (from `d`) that control execution logic.\nObservation 7: Statement 10 is only present in sets that include counting of unique factors, remaining valid thus far.\n\nStep 8: Printing Result:\nThe result calculated `num` (number of unique primes occurring once) is printed, handled by statement 22. For this test case, 3 should be the count because it appears uniquely.\nObservation 8: Sets of code coverage not inclusive of statement 22 (like set 1) are no longer valid, leaving those with statement 22 as probable outcomes.\n\nFINAL CODE COVERAGE:\nOn review and reconciliation with executed logic pathways up to observation 8, those accurately encompassing the steps made include:\n\nSet 4: Statements 1, 2, 3, 4, 5, 6, 7, 10, 11, 12, 13, 14, 15, 19, 20, 22.\n\nThis accounts correctly for the input processing, prime filtering, tally mechanism, and final output for the described test case sequence.",
                "response_time": 8.76674747467041,
                "input_tokens": 844,
                "output_tokens": 594
            }
        ],
        "serialized_code": "Line 1: n = int(input())\nLine 2: a = sorted(list(map(int, input().split())))\nLine 3: prime_q = []\nLine 4: for i in range(10**6+2):\nLine 5:     prime_q.append(True)\nLine 6: d = {}\nLine 7: for i in a:\nLine 8:     try:d[i] += 1\nLine 9:     except:d[i] = 1\nLine 10: ans = []\nLine 11: for i in set(a):\nLine 12:     if(prime_q[i] == True):\nLine 13:         ans.append(i)\nLine 14:         c = 1\nLine 15:         while(True):\nLine 16:             try:prime_q[i*c] = False\nLine 17:             except:break\nLine 18:             c+=1\nLine 19: num = 0\nLine 20: for i in ans:\nLine 21:     if(d[i] == 1):num+=1\nLine 22: print(num)\n",
        "test_case_id": "1"
    }
]