[
    {
        "submission_id": "s218980212",
        "import_statements_removed": [],
        "import_statements_removed_libs": [],
        "number_of_imports_removed": 0,
        "number_of_calls": {},
        "lines_affected": {},
        "focc": [
            "Set 1: Statements 1, 2, 3, 4, 5, 6, 7, 8, 9, 10, 11, 12, 13, 15, 16, 17, 18, 19, 20, 25, 26",
            "Set 2: Statements 1, 2, 3, 4, 5, 6, 7, 8, 9, 10, 11, 12, 13, 15, 16, 17, 18, 19, 21, 22, 25, 26",
            "Set 3: Statements 1, 2, 3, 4, 5, 6, 7, 8, 9, 10, 11, 12, 13, 15, 16, 17, 18, 19, 21, 24, 25, 26",
            "Set 4: Statements 1, 2, 3, 4, 5, 6, 7, 8, 9, 10, 11, 12, 13, 15, 16, 17, 18",
            "Set 5: Statements 1, 2, 3, 4, 5, 6, 7, 8, 9, 10, 11, 12, 13, 15, 18, 19, 20, 25, 26",
            "Set 6: Statements 1, 2, 3, 4, 5, 6, 7, 8, 9, 10, 11, 12, 13, 15, 18, 19, 21, 22, 25, 26",
            "Set 7: Statements 1, 2, 3, 4, 5, 6, 7, 8, 9, 10, 11, 12, 13, 15, 18, 19, 21, 24, 25, 26",
            "Set 8: Statements 1, 2, 3, 4, 5, 6, 7, 8, 9, 10, 11, 12, 13, 15, 18",
            "Set 9: Statements 1, 2, 3, 4, 5, 6, 7, 8, 9, 10, 11, 15, 16, 17, 18, 19, 20, 25, 26",
            "Set 10: Statements 1, 2, 3, 4, 5, 6, 7, 8, 9, 10, 11, 15, 16, 17, 18, 19, 21, 22, 25, 26",
            "Set 11: Statements 1, 2, 3, 4, 5, 6, 7, 8, 9, 10, 11, 15, 16, 17, 18, 19, 21, 24, 25, 26",
            "Set 12: Statements 1, 2, 3, 4, 5, 6, 7, 8, 9, 10, 11, 15, 16, 17, 18"
        ],
        "code": "S = input()\nT = input()\ncount = 0\nflg = False\nif len(S) < len(T):\n    print('UNRESTORABLE')\n    exit()\nwhile True:\n    flg = False\n    for i in range(1,len(T)+1):\n        if S[-i-count] != T[-i] and S[-i-count] != '?':\n            count += 1\n            flg = True\n            break\n    if count == len(S) - len(T) + 1:\n        print('UNRESTORABLE')\n        exit()\n    if not flg:\n        if count == 0:\n            ans = S[0:len(S)-len(T)] + T\n        elif count == len(S)-len(T):\n            ans = T + S[len(T):]\n        else:\n            ans = S[0:len(S)-len(T)-count] + T + S[-count:]\n        print(ans.replace('?','a'))\n        exit()",
        "test_cases": [
            {
                "test_case_id": 1,
                "test_case_inputs": "Test Case Input:\nabcde\nabc",
                "crispe_response": "PLAN:\n\n**Step 1: Input Processing:**\n- The program starts by taking two inputs, `S` and `T`. The test case provides `S = \"abcde\"` and `T = \"abc\"`.\n- Lines 1 and 2 are executed for input processing.\n- *Observation 1:* All sets of code coverage include statements 1 and 2 and are therefore still applicable.\n\n**Step 2: Length Comparison:**\n- The program then checks if the length of `S` is less than the length of `T` (line 3). In this case, `len(\"abcde\")` is not less than `len(\"abc\")`, so the program does not print \"UNRESTORABLE\" and does not exit.\n- *Observation 2:* All sets of code coverage remain applicable as line 3 is executed and the condition is not met, thus not executing lines 4 and 5.\n\n**Step 3: Entering the Loop:**\n- A loop begins with a `while True:` (line 6). The flag `flg` is initially set to `False` (line 7).\n- *Observation 3:* Sets including lines from 6 to 8 are still applicable. All sets include these lines.\n\n**Step 4: Inner Loop with Reverse Indexing:**\n- For `i` in the range from 1 to `len(T)+1`, the program compares characters from the end of `S` and `T` (line 9).\n- Because the last three characters of `S` (\"cde\") do not match the last three of `T` (\"abc\"), `count` is increased and the flag `flg` is set to `True` (lines 10 to 12).\n- *Observation 4:* Code within the first iteration of the `for` loop (lines 9 to 12) executes, ensuring the `for` loop processes at least once with `flg` being set true, making execution of lines 13 and 15 impossible in this sequence, but keeping all applicable unless `flg` was false all loop iterations.\n\n**Step 5: Checking the Count After First Inner Loop Completion:**\n- After the `for` loop, the program evaluates whether `count` equals `len(S) - len(T) + 1` (line 16). Here, the condition is not met (`0 != 3`), so \"UNRESTORABLE\" is not printed and the program continues.\n- Sets that include lines 16, 17, and 18 are still viable.\n\n**Step 6: Executing Without a Flag:**\n- Since `flg` is `True` because either the mismatch count reaches the maximum length difference or was set within loop (code continuation establishes it will always continue past an iteration when required). There is no early exit to `UNRESTORABLE`, and instead proceeds to including `else` clause initiating the 'if not flg' block (line 19 onward), available clauses manage acceptable combinations where T is successfully restored beginning with character at equivalent count.\n- Code block for possible slice assignment final pieces are `ans` evaluation and formation with `?` replacing relevant through placeholders when required (lines 20 to 26), print replaces `?` although not existing in input.\n\n- *Observation 5:* Final applicable set of operations conducted within `if not fgl` sequence base on placement confirming procedural layer towards functional restoration.\n\n**Step 7: Program Termination:**\n- Since the condition for terminator codes forming part of else clause when `flg` logic clear, `exit()` operation executes and terminates the assurance of this logic following the anticipated alignment sequence for array through sequence. \n- Due to deterministic surroundings specific from the count variance, solutions including output through `if not fgl` possible return `?` operation Cyprus confirms were ensuring the procedural structure and execution still form balance sequence for specifications functional alignment.\n\n**FINAL CODE COVERAGE:**\n- Based on execution and elimination of unreachable code paths in `if` operational sequence, Set 6 is most suitable and aligns to program sequence above.\n\nSet 6: Statements 1, 2, 3, 4, 5, 6, 7, 8, 9, 10, 11, 12, 13, 15, 18, 19, 21, 22, 25, 26",
                "response_time": 11.538705825805664,
                "input_tokens": 938,
                "output_tokens": 604
            },
            {
                "test_case_id": 2,
                "test_case_inputs": "Test Case Input:\n???\nabc",
                "crispe_response": "To determine the set of statements covered by the given test case, let's proceed through a step-by-step reasoning process, assessing which lines of the program are executed:\n\n**Test Case Input:**\n```\nS = \"???\"\nT = \"abc\"\n```\n\n**PLAN:**\n1. **Input Processing:**\n   - First, the program reads inputs `S` and `T`, assigning \"???\" to `S` and \"abc\" to `T`.\n   - Lines 1 to 3 are executed in processing this input.\n   - **Observation 1:** All sets of code coverage include lines 1, 2, and 3. Thus, no sets are eliminated at this point.\n\n2. **Length Check:**\n   - Line 4 checks whether the length of `S` is less than the length of `T`. In this case, both are of length 3, so this check is not satisfied, and line 6 is not executed.\n   - **Observation 2:** As line 6 is not executed, any set including line 6 (e.g., Set 8) can be ruled out.\n\n3. **Entering While Loop:**\n   - The program enters the while loop (line 8) and sets `flg` to `False` (line 9). The loop has the potential to iterate multiple times based on conditions.\n   - **Observation 3:** All sets of code must include line 8 and 9 for continuity; no elimination here.\n\n4. **Nested For Loop:**\n   - The for loop (line 10) iterates from 1 to `len(T)+1`, which is 4 in this case.\n   - For `i = 1`, checks in line 11 with `S[-1]` and `T[-1]` but since `S[-1]` is '?', it bypasses line 13. Similarly, for `i = 2` and `i = 3`.\n   - Here `flg` remains `False`. Line 15 isn't executed.\n   - **Observation 4:** Sets including line 13 in an active path are retained. Sets without line 13 can be eliminated.\n\n5. **First Check for `count`:**\n   - The condition at line 18 checks whether `count` is equal to `len(S) - len(T) + 1`, which compares `count` (0) with 1. The condition fails, so line 19 is not executed.\n   - **Observation 5:** Sets involving line 19 are still under consideration, as the path didn't lead to line 19 execution.\n\n6. **Replacement and Output:**\n   - Since `flg` is `False`, the program enters the next decision points starting at line 21.\n   - With `count` equal to 0, lines 21 and 22 prepare `ans = S[0:0] + T`, where `ans` effectively becomes \"abc\".\n   - Line 24 is not reached due to the latter condition.\n   - Line 25 replaces '?' with 'a' in `ans`, although unnecessary here, and line 26 prints \"abc\".\n   - **Observation 6:** Since lines 21, 22, 25, and 26 are reached, only those sets including these lines remain valid.\n\n**FINAL CODE COVERAGE:**\nAfter these observations, we narrow down to the set of statements covering this execution path. Sets containing lines 21, 22, 25, and 26 are key. Therefore, the applicable set of code coverage is:\n\n**Set 2:** Statements 1, 2, 3, 4, 5, 6, 7, 8, 9, 10, 11, 12, 13, 15, 16, 17, 18, 19, 21, 22, 25, 26",
                "response_time": 15.97142481803894,
                "input_tokens": 938,
                "output_tokens": 490
            }
        ],
        "serialized_code": "Line 1: S = input()\nLine 2: T = input()\nLine 3: count = 0\nLine 4: flg = False\nLine 5: if len(S) < len(T):\nLine 6:     print('UNRESTORABLE')\nLine 7:     exit()\nLine 8: while True:\nLine 9:     flg = False\nLine 10:     for i in range(1,len(T)+1):\nLine 11:         if S[-i-count] != T[-i] and S[-i-count] != '?':\nLine 12:             count += 1\nLine 13:             flg = True\nLine 14:             break\nLine 15:     if count == len(S) - len(T) + 1:\nLine 16:         print('UNRESTORABLE')\nLine 17:         exit()\nLine 18:     if not flg:\nLine 19:         if count == 0:\nLine 20:             ans = S[0:len(S)-len(T)] + T\nLine 21:         elif count == len(S)-len(T):\nLine 22:             ans = T + S[len(T):]\nLine 23:         else:\nLine 24:             ans = S[0:len(S)-len(T)-count] + T + S[-count:]\nLine 25:         print(ans.replace('?','a'))\nLine 26:         exit()\n",
        "test_case_id": "1"
    }
]