[
    {
        "submission_id": "s584430270",
        "import_statements_removed": [],
        "import_statements_removed_libs": [],
        "number_of_imports_removed": 0,
        "number_of_calls": {},
        "lines_affected": {},
        "focc": [
            "Set 1: Statements 1, 2, 3, 4, 5, 6, 7, 8, 9, 10, 11, 12",
            "Set 2: Statements 1, 2, 3, 4, 5, 6, 7, 8, 9, 10, 12",
            "Set 3: Statements 1, 2, 3, 4, 5, 6, 12",
            "Set 4: Statements 1, 2, 3, 4, 5, 12",
            "Set 5: Statements 1, 2, 3, 4, 12"
        ],
        "code": "x = int(input())\nd = list(map(int, input().split()))\ncount = 0\nfor i in range(len(d)):\n  for j in range(i+1,len(d)):\n    for k in range(j+1,len(d)):\n      temp = []\n      temp.extend([d[i],d[j],d[k]])\n      temp.sort()\n      if temp[0] + temp[1] > temp[2] and len(list(set(temp))) == 3:\n        count += 1\nprint(count)",
        "test_cases": [
            {
                "test_case_id": 1,
                "test_case_inputs": "Test Case Input:\n3\n1 2 3",
                "crispe_response": "PLAN:\n\nStep 1: Input Processing:\n- The program begins by reading an integer `x` and a list `d` of integers. \n- For the test case, `x` is `3` and the list `d` is `[1, 2, 3]`.\n- Lines 1 and 2 are executed for these inputs.\n\nObservation 1: All sets of code coverage are applicable as they all include lines 1 and 2.\n\nStep 2: Initialization of count and Loop Structure:\n- A variable `count` is initialized to `0`.\n- The outer loop on line 3 iterates over indices of list `d`.\n- Line 3 is executed due to the existence of the loop structure.\n\nObservation 2: All sets of code coverage remain applicable as they all account for line 3.\n\nStep 3: First Iteration of the Outer Loop (i = 0):\n- The second loop on line 4 initiates for `j` from `1` to `n-1` (2 in this case).\n- The innermost loop on line 5 initiates for `k` from `j+1` to `n-1` (2 in this case).\n- For `i = 0`, `j = 1`, `k = 2`, evaluate the combination `[1, 2, 3]`.\n\n- Lines 4 and 5 are executed as the loops iterate through their ranges.\n\nObservation 3: Sets 1, 2, 3 and 4 remain applicable as they include lines 4 and 5.\n\nStep 4: Triangle Condition Evaluation:\n- On line 8, `temp` is sorted as `[1, 2, 3]`.\n- The condition `temp[0] + temp[1] > temp[2]` is checked on line 9.\n- For the numbers `1`, `2`, and `3`, `1 + 2` is not greater than `3`; thus, this condition fails. \n\n- The innermost `if` block is not executed because the condition is not satisfied.\n\nObservation 4: Sets 4 and 5 remain applicable as they do not include line 11, which contains the executed condition.\n\nStep 5: End of Iterations:\n- The loops complete as there are no further combinations possible with the given input of the list `[1, 2, 3]`.\n\n- As count does not increment due to the failing condition, line 12 executes to print the count as `0`.\n\nObservation 5: Since line 12 is executed and lines 6 to 11 are not applicable due to unmet conditions, only Set 5 remains applicable.\n\nFINAL CODE COVERAGE:\nSet 5: Statements 1, 2, 3, 4, 12",
                "response_time": 12.741787195205688,
                "input_tokens": 695,
                "output_tokens": 380
            },
            {
                "test_case_id": 2,
                "test_case_inputs": "Test Case Input:\n3\n1 2 3",
                "crispe_response": "PLAN:\n\n**Step 1: Input Processing and Initialization:**\n- The program starts by reading an integer `x` and a list `d` of integers. In the given test case, `x = 3` and `d = [1, 2, 3]`.\n- The variable `count` is initialized to 0.\n\n**Observation 1:** \n- All sets of code coverage are applicable at this stage as they all include the initialization of `x`, `d`, and `count` (statements 1, 2, and 3).\n\n**Step 2: First Loop Iteration (i = 0):**\n- The outer loop starts with `i = 0`.\n- The middle loop will iterate with `j` from `1` to `2` because `len(d) = 3`.\n\n**Observation 2:** \n- Statements 1 through 5 are executed in all iterations, so all sets remain applicable.\n\n**Step 3: Nested Loop Iteration (j = 1):**\n- The inner loop iterates with `k = 2`.\n- A temporary list `temp` is created from `d[i]`, `d[j]`, and `d[k]`. In this case, `temp = [1, 2, 3]`.\n- The list is sorted, which does not change the order (since it's already sorted).\n\n**Observation 3:** \n- Statements 5 through 8 are executed as the list is extended and sorted.\n\n**Step 4: Condition Check and Count:**\n- The condition `temp[0] + temp[1] > temp[2]` translates to `1 + 2 > 3`, which is false.\n- Therefore, `count` is not incremented, and the program does not execute statement 11 (inside the if-condition).\n\n**Observation 4:**\n- Set 1 is eliminated because it includes statement 11, which is not executed.\n\n**Step 5: Further Loop Iterations:**\n- The loops naturally terminate as there are no other index combinations possible in the list `d = [1, 2, 3]`.\n\n**Observation 5:**\n- Statements 1 through 6 and the last statement (12, printing `count`) are executed for termination.\n- Sets that include statement 11 are eliminated because no triangle inequality holds true for unique elements in this input.\n- This observation retains Sets 3, 4, and 5 only as they do not include statement 11.\n\n**Step 6: Final Statement Execution:**\n- Statement 12 is executed, printing the value of `count`, which remains 0.\n\n**Observation 6:**\n- Considering all observations, the sets that include statement 9 are more likely due to the initialization and control flow of loops and preconditions.\n- Set 3 is the most accurate as it includes all the necessary control statements without unnecessary inner conditions.\n\n**FINAL CODE COVERAGE:**\nSet 3: Statements 1, 2, 3, 4, 5, 6, 12",
                "response_time": 6.780844688415527,
                "input_tokens": 695,
                "output_tokens": 405
            }
        ],
        "serialized_code": "Line 1: x = int(input())\nLine 2: d = list(map(int, input().split()))\nLine 3: count = 0\nLine 4: for i in range(len(d)):\nLine 5:   for j in range(i+1,len(d)):\nLine 6:     for k in range(j+1,len(d)):\nLine 7:       temp = []\nLine 8:       temp.extend([d[i],d[j],d[k]])\nLine 9:       temp.sort()\nLine 10:       if temp[0] + temp[1] > temp[2] and len(list(set(temp))) == 3:\nLine 11:         count += 1\nLine 12: print(count)\n",
        "test_case_id": "1"
    }
]