[
    {
        "submission_id": "s657984461",
        "import_statements_removed": [],
        "import_statements_removed_libs": [],
        "number_of_imports_removed": 0,
        "number_of_calls": {},
        "lines_affected": {},
        "focc": [
            "Set 1: Statements 1, 2, 3, 4, 5, 6, 7, 8, 13",
            "Set 2: Statements 1, 2, 3, 4, 5, 6, 7, 9, 10, 13",
            "Set 3: Statements 1, 2, 3, 4, 5, 6, 7, 9, 12, 13"
        ],
        "code": "A,B,C,X,Y = map(int,input().split())\nmin_ = min(X,Y)\nmax_ = max(X,Y)\nres = A*X + B*Y\nm = 2 * C * max(X, Y);\nsum = C * 2* min_\nif(C<=0.5 * A and C <= 0.5 * B):\n    sum += 2*C*(max_-min_)\nelif(max_==X):\n    sum += (max_-min_)*A\nelse:\n    sum += (max_-min_)*B\nprint(min(m,min(res,sum)))",
        "test_cases": [
            {
                "test_case_id": 1,
                "test_case_inputs": "Test Case Input:\n1 2 3 4 5",
                "crispe_response": "To determine which set of statements is covered by the given test case in the program, let's step through the code with the provided inputs: `1 2 3 4 5`.\n\n### Step-by-Step Reasoning:\n\n#### Step 1: Input Processing\n- **Program Execution**: The program starts by reading five integers A, B, C, X, and Y. These are set to 1, 2, 3, 4, and 5 respectively from the test case input.\n- **Code Coverage**: Line 1 is executed.\n- **Observation**: All sets include line 1.\n\n#### Step 2: Initial Calculations\n- **Program Execution**: The variables `min_`, `max_`, `res`, `m`, and `sum` are calculated as follows:\n  - `min_` = min(X, Y) = min(4, 5) = 4\n  - `max_` = max(X, Y) = max(4, 5) = 5\n  - `res` = A*X + B*Y = 1*4 + 2*5 = 14\n  - `m` = 2 * C * max(X, Y) = 2 * 3 * 5 = 30\n  - `sum` = C * 2 * min_ = 3 * 2 * 4 = 24\n- **Code Coverage**: Lines 2, 3, 4, 5, 6, and 7 are executed.\n- **Observation**: All sets include lines 2, 3, 4, 5, 6, and 7.\n\n#### Step 3: Conditional Check - First Condition\n- **Program Execution**: The first `if` condition checks if `C <= 0.5 * A` and `C <= 0.5 * B`, which translates to `3 <= 0.5 * 1` and `3 <= 0.5 * 2`. Both conditions are false.\n- **Code Coverage**: Line 8 is not executed.\n- **Observation**: Set 1 is not applicable as it includes line 8.\n\n#### Step 4: Conditional Check - Second Condition\n- **Program Execution**: The program proceeds to the `elif` condition `max_ == X`, which is `5 == 4`. This is false, so the `else` block will be executed.\n- **Code Coverage**: Lines 9 and 12 are the `elif` condition and the `else` block. Since the `elif` condition is false, it does not lead to execution. Line 12 is executed because `else` condition is met: `sum += (max_-min_)*B` translates to `sum += (5-4)*2`, thereby updating `sum` to 26.\n- **Observation**: Set 3 is applicable as it includes lines 9 and 12. Set 2 is not applicable because it includes line 10, which corresponds to another block reliant on `elif` being true, but is not executed.\n\n#### Step 5: Final Output Calculation\n- **Program Execution**: The program calculates and prints `min(m, min(res, sum))`, which evaluates `min(30, min(14, 26))`, resulting in 14 being printed.\n- **Code Coverage**: Line 13 is executed.\n- **Observation**: Both sets 2 and 3 include line 13.\n\n### Final Code Coverage:\n- **Final Determination**: Based on the observations and step-by-step analysis, the appropriate set of covered statements is Set 3: Statements 1, 2, 3, 4, 5, 6, 7, 9, 12, 13.",
                "response_time": 15.637343883514404,
                "input_tokens": 688,
                "output_tokens": 461
            },
            {
                "test_case_id": 2,
                "test_case_inputs": "Test Case Input:\n0 0 0 0 0",
                "crispe_response": "To determine the set of code coverage for the given test case, we will analyze each step of the program execution with the specified input and eliminate non-applicable sets of statements. We'll follow a structured plan similar to the provided example.\n\n**PLAN:**\n\n**Step 1: Input and Initial Calculations**\n\n- The input values provided are A=0, B=0, C=0, X=0, Y=0.\n- The first line of the code `A,B,C,X,Y = map(int,input().split())` will execute, initializing variables with the input values.\n- Next, `min_` and `max_` will be calculated. Both will be 0 because X and Y are both 0.\n- The `res` will be calculated as A*X + B*Y, resulting in 0 because all values are 0.\n- `m` is computed as `2 * C * max(X, Y)`, which results in 0 since C is 0.\n- `sum` is initialized as `C * 2 * min_`, which results in 0.\n- **Observation 1:** All sets of code coverage are still applicable as they include these initial lines: 1, 2, 3, 4, 5, 6.\n\n**Step 2: Conditional Check and Adjustments**\n\n- The condition `if(C <= 0.5 * A and C <= 0.5 * B)` becomes `if(0 <= 0.5 * 0 and 0 <= 0.5 * 0)`, which evaluates to `True`.\n- As a result, the program will execute `sum += 2*C*(max_-min_)`. Since all variables involved are 0, `sum` remains 0.\n- **Observation 2:** Set 2 is eliminated because it includes line 9, which corresponds to the `elif` branch that isn't executed when the first condition is true. Sets 1 and 3 remain applicable as they include line 8.\n\n**Step 3: End of Program and Final Calculation**\n\n- The program runs `print(min(m, min(res, sum)))`. Since `m`, `res`, and `sum` are all 0, the result is 0.\n- **Observation 3:** Sets 1 and 3 include the final print statement (line 13).\n\n**Step 4: Checking the Remaining Line Coverage**\n\n- Since the `elif` and `else` clauses are not executed for this test case (as determined in step 2), Set 3 remains as the only viable option.\n\n**FINAL CODE COVERAGE:**\n\n**Set 3:** Statements 1, 2, 3, 4, 5, 6, 7, 9, 12, 13",
                "response_time": 8.106178998947144,
                "input_tokens": 688,
                "output_tokens": 355
            }
        ],
        "serialized_code": "Line 1: A,B,C,X,Y = map(int,input().split())\nLine 2: min_ = min(X,Y)\nLine 3: max_ = max(X,Y)\nLine 4: res = A*X + B*Y\nLine 5: m = 2 * C * max(X, Y);\nLine 6: sum = C * 2* min_\nLine 7: if(C<=0.5 * A and C <= 0.5 * B):\nLine 8:     sum += 2*C*(max_-min_)\nLine 9: elif(max_==X):\nLine 10:     sum += (max_-min_)*A\nLine 11: else:\nLine 12:     sum += (max_-min_)*B\nLine 13: print(min(m,min(res,sum)))\n",
        "test_case_id": "1"
    }
]