[
    {
        "submission_id": "s190333450",
        "import_statements_removed": [],
        "import_statements_removed_libs": [],
        "number_of_imports_removed": 0,
        "number_of_calls": {},
        "lines_affected": {},
        "focc": [
            "Set 1: Statements 1, 2, 3, 4, 5, 6, 7, 8, 9, 10, 11, 12, 13, 18, 19",
            "Set 2: Statements 1, 2, 3, 4, 5, 6, 7, 8, 9, 10, 11, 14, 15, 16, 17, 18, 19",
            "Set 3: Statements 1, 2, 3, 4, 5, 6, 7, 8, 9, 10, 11, 14, 18, 19",
            "Set 4: Statements 1, 2, 3, 4, 5, 6, 7, 8, 9, 19",
            "Set 5: Statements 1, 2, 3, 4, 5, 6, 7, 19",
            "Set 6: Statements 1, 2, 3, 4, 5, 6, 19",
            "Set 7: Statements 1, 2, 3, 4, 5, 19"
        ],
        "code": "A,B,C,D,E,F = map(int,input().split())\nm_d = 0\nm_t = 100*A\nm_s = 0\nfor a in range(F//100*A+1):\n  for b in range((F-100*A*a)//(100*B)+1):\n    for c in range((F-A*a*100-B*b*100)//C+1):\n      d = 0\n      while (100*A*a+100*B*b) > 0 and 100*A*a+100*B*b+C*c+D*d <= F and (C*c+D*d)/(100*A*a+100*B*b) <= E/100:\n        dens = (C*c+D*d)/(100*A*a+100*B*b)\n        if dens == E/100:\n          print(100*A*a+100*B*b+C*c+D*d,C*c+D*d)\n          exit()\n        elif m_d < dens:\n          m_d = dens\n          m_t = 100*A*a+100*B*b+C*c+D*d\n          m_s = C*c+D*d\n        d += 1\nprint(m_t,m_s)",
        "test_cases": [
            {
                "test_case_id": 1,
                "test_case_inputs": "Test Case Input:\n1\n1\n1\n1\n1\n1",
                "crispe_response": "To determine the code coverage for the given Python program using the provided test case input, we will go through the execution step-by-step and eliminate non-applicable sets based on the observed control flow.\n\nGIVEN PYTHON PROGRAM:\n```python\nA, B, C, D, E, F = map(int, input().split())\nm_d = 0\nm_t = 100 * A\nm_s = 0\nfor a in range(F // 100 * A + 1):\n    for b in range((F - 100 * A * a) // (100 * B) + 1):\n        for c in range((F - A * a * 100 - B * b * 100) // C + 1):\n            d = 0\n            while (100 * A * a + 100 * B * b) > 0 and 100 * A * a + 100 * B * b + C * c + D * d <= F and (C * c + D * d) / (100 * A * a + 100 * B * b) <= E / 100:\n                dens = (C * c + D * d) / (100 * A * a + 100 * B * b)\n                if dens == E / 100:\n                    print(100 * A * a + 100 * B * b + C * c + D * d, C * c + D * d)\n                    exit()\n                elif m_d < dens:\n                    m_d = dens\n                    m_t = 100 * A * a + 100 * B * b + C * c + D * d\n                    m_s = C * c + D * d\n                d += 1\nprint(m_t, m_s)\n```\n\nTEST CASE INPUT:\n```\n1\n1\n1\n1\n1\n1\n```\n\nPOSSIBLE SETS OF CODE COVERAGE:\n1. Statements 1, 2, 3, 4, 5, 6, 7, 8, 9, 10, 11, 12, 13, 18, 19\n2. Statements 1, 2, 3, 4, 5, 6, 7, 8, 9, 10, 11, 14, 15, 16, 17, 18, 19\n3. Statements 1, 2, 3, 4, 5, 6, 7, 8, 9, 10, 11, 14, 18, 19\n4. Statements 1, 2, 3, 4, 5, 6, 7, 8, 9, 19\n5. Statements 1, 2, 3, 4, 5, 6, 7, 19\n6. Statements 1, 2, 3, 4, 5, 6, 19\n7. Statements 1, 2, 3, 4, 5, 19\n\nPLAN:\n**Step 1: Input Processing:**\n- The program maps input values to A, B, C, D, E, F. With the given input `1 1 1 1 1 1`, the values are correctly assigned. \n- Observation 1: Lines 1 and 2 are definitely executed. All sets include these lines.\n\n**Step 2: Initialization:**\n- Variables `m_d`, `m_t`, and `m_s` are initialized. This corresponds to line 3.\n- Observation 2: All sets still valid as they include lines 3.\n\n**Step 3: First Loop (a variable):**\n- The outermost loop starts with `a=0`. Line 4 is executed. The range is `F // (100 * A) + 1 = 2`.\n- Observation 3: Lines 4 is executed. All sets are valid.\n\n**Step 4: Second Loop (b variable):**\n- The second loop starts with `b=0`. Line 5 is executed. The range is `(F - 100 * A * a) // (100 * B) + 1 = 2`.\n- Observation 4: Lines 5 is executed. All sets are valid.\n\n**Step 5: Third Loop (c variable):**\n- The third loop starts with `c=0`. Line 6 is executed. The range is `(F - A * a * 100 - B * b * 100) // C + 1 = 2`.\n- Observation 5: Lines 6 is executed. All sets are valid.\n\n**Step 6: While Loop and Density Calculation:**\n- Enter the while loop when the condition holds. Initially, it evaluates for `a=0, b=0, c=0, d=0`.\n- The conditions are checked. `(C * c + D * d) / (100 * A * a + 100 * B * b) <= E / 100`.\n- Observation 6: The while loop (line 7) is executed since `(C * 0 + D * 0) / (100 * 0 + 100 * 0)` doesn't apply initially until `a or b` changes, but let's focus on hypothetical checks assuming it passes at some iteration.\n- Dens calculation happens (line 8). Observation: If there's no matching condition, else blocks execute.\n- Given that exit is not triggered and conditions alter through iteratively trying permutations, calculations adjust.\n  \n**End of the While Loop:**\n  \n**Step 7: Finding Applicable Statement:**\n\n1. **Output Check:** Since no `exit()` was executed, we don't have a premature termination, suggesting lines related to successful early exits not covered.\n2. **After Loop Completion:** It means we traverse and calculate all eligible steps, finally printing `m_t` and `m_s`.\n\n**FINAL CODE COVERAGE:**\n- **Set 4: Statements 1, 2, 3, 4, 5, 6, 7, 8, 9, 19** fits as we utilize looping through `d,` check `dens,` and have non-triggering conditions for special conclusions apart from the endpoint fall through print. It retains the closure needed for general outcomes as not all contingencies possibly rolled earlier.\n\nThis step-by-step reasoning shows how we eliminate non-applicable sets based on the loop iterations and conditions checked throughout the provided code.",
                "response_time": 17.47956109046936,
                "input_tokens": 761,
                "output_tokens": 838
            },
            {
                "test_case_id": 2,
                "test_case_inputs": "Test Case Input:\n0 0 0 0 0 0",
                "crispe_response": "PLAN:\n\nStep 1: Input Processing:\nThe input provided by the test case is \"0 0 0 0 0 0\". These values are mapped to A, B, C, D, E, and F respectively, effectively setting all variables A, B, C, D, E, and F to 0. With these values, we proceed to the next part of the code.\nObservation 1: All sets of code coverage are applicable as they all include statements 1 to 6, which concerns variable assignment.\n\nStep 2: Loop Initialization:\nThe code contains nested loops and a while loop. The outer loop conditions depend on the calculations `(F//100*A+1)`, `((F-100*A*a)//(100*B)+1)`, and `((F-A*a*100-B*b*100)//C+1)`. Given A, B, C, and F are all zero, `F//100*A`, `(F-100*A*a)//(100*B)`, and `(F-A*a*100-B*b*100)//C` all evaluate to zero, resulting in the loops initating only once with `a = 0`, `b = 0`, `c = 0`, and `d = 0`.\nObservation 2: All sets of code coverage include statements 7 to 9 and the calculation part, so they remain applicable.\n\nStep 3: While Loop:\nWe enter the while loop on line 11 with the condition `(100*A*a+100*B*b) > 0` and `100*A*a+100*B*b+C*c+D*d <= F`. However, with A, B, C, D, and F being zero, `100*A*a+100*B*b` equals zero, meaning the condition `(100*A*a+100*B*b) > 0` is false, and the loop is skipped. \nObservation 3: The while loop does not execute, so sets involving lines 12 to 17 are eliminated. This removes sets 2, 3, and any other applicable sets beyond line 11.\n\nStep 4: End of Code Execution:\nSince the loop does not execute because of the input values being zero, the code progresses directly to print statements in line 19. \nObservation 4: The applicable code paths that remain include the execution of line 19.\n\nFINAL CODE COVERAGE:\nSet 7: Statements 1, 2, 3, 4, 5, 19",
                "response_time": 18.7673819065094,
                "input_tokens": 761,
                "output_tokens": 294
            }
        ],
        "serialized_code": "Line 1: A,B,C,D,E,F = map(int,input().split())\nLine 2: m_d = 0\nLine 3: m_t = 100*A\nLine 4: m_s = 0\nLine 5: for a in range(F//100*A+1):\nLine 6:   for b in range((F-100*A*a)//(100*B)+1):\nLine 7:     for c in range((F-A*a*100-B*b*100)//C+1):\nLine 8:       d = 0\nLine 9:       while (100*A*a+100*B*b) > 0 and 100*A*a+100*B*b+C*c+D*d <= F and (C*c+D*d)/(100*A*a+100*B*b) <= E/100:\nLine 10:         dens = (C*c+D*d)/(100*A*a+100*B*b)\nLine 11:         if dens == E/100:\nLine 12:           print(100*A*a+100*B*b+C*c+D*d,C*c+D*d)\nLine 13:           exit()\nLine 14:         elif m_d < dens:\nLine 15:           m_d = dens\nLine 16:           m_t = 100*A*a+100*B*b+C*c+D*d\nLine 17:           m_s = C*c+D*d\nLine 18:         d += 1\nLine 19: print(m_t,m_s)\n",
        "test_case_id": "1"
    }
]