[
    {
        "submission_id": "s429098219",
        "import_statements_removed": [],
        "import_statements_removed_libs": [],
        "number_of_imports_removed": 0,
        "number_of_calls": {},
        "lines_affected": {},
        "focc": [
            "Set 1: Statements 1, 2, 3, 4, 5",
            "Set 2: Statements 1, 2, 3, 4, 6, 7",
            "Set 3: Statements 1, 2, 3, 4, 6, 9"
        ],
        "code": "hei,wid=map(int,input().split())\ns=0\ns+=hei*wid\nif (hei==1 and wid>=1) or (hei>=1 and wid==1):\n    print(1)\nelif s%2!=0:\n    print(s//2+1)\nelse:\n    print(s//2)",
        "test_cases": [
            {
                "test_case_id": 1,
                "test_case_inputs": "Test Case Input:\n1 1",
                "crispe_response": "To determine which set of statements will be covered by the given test case input \"1 1\" for the provided Python program, we will apply a methodical process of elimination based on logical reasoning and the behavior of the program. Here's the step-by-step analysis:\n\n### Step-by-Step Reasoning\n\n#### Step 1: Input Processing\n- The first line of the program reads two integers separated by space, `hei` and `wid`.\n- For the test case input \"1 1\", `hei` is 1 and `wid` is 1.\n- **Observation 1:** All sets of code coverage include Statement 1, so they remain applicable at this point.\n\n#### Step 2: Initialize and Calculate Area\n- Statement 2 initializes a variable `s` to 0.\n- Statement 3 calculates `s += hei * wid`, which results in `s = 1 * 1 = 1`.\n- **Observation 2:** All sets include Statements 2 and 3, so no elimination occurs here.\n\n#### Step 3: Conditional Checks\n- Analyze the first conditional: `(hei == 1 and wid >= 1) or (hei >= 1 and wid == 1)`.\n  - With `hei = 1` and `wid = 1`, this condition is true.\n  - Consequently, Statement 4, `print(1)`, executes.\n- **Observation 3:** Since Statement 4 is executed, we need to eliminate sets that do not cover this statement.\n  - **Applicable Coverage Sets:** At this point, only **Set 1** includes Statement 4 and terminates the execution there.\n\n#### Step 4: Alternate Conditions\n- Although additional lines in the program handle other conditions `(elif s%2!=0)` and `else`, none of these are executed due to the conclusive execution of Statement 4.\n- **Observation 4:** Sets including further statements (Statements 6 and beyond) are not applicable since flow control stops after Statement 4.\n  - **Eliminate Sets:** Set 2 and Set 3 are eliminated. This is because both these sets indicate further execution beyond Statement 4, which does not happen for the given test case.\n\n### Final Conclusion\nBased on the detailed reasoning and logical flow of the program with the provided test case, the correct set of code coverage is:\n\n**FINAL CODE COVERAGE:**  \n**Set 1:** Statements 1, 2, 3, 4, 5\n\nThis set accurately reflects the flow and conditional execution based on input \"1 1\", where only the first condition and its corresponding action are triggered.",
                "response_time": 9.89802622795105,
                "input_tokens": 641,
                "output_tokens": 378
            },
            {
                "test_case_id": 2,
                "test_case_inputs": "Test Case Input:\n1 0",
                "crispe_response": "To determine the set of statements that will be covered for the given test case in the provided Python program, let's go through a step-by-step reasoning:\n\n**PLAN:**\n\n**Step 1: Input Processing and Initial Calculations:**\n\n- The program starts by reading two integers from the input, `hei` and `wid`. In this test case, the input is `1 0`, so `hei = 1` and `wid = 0`.\n- Next, the program initializes the variable `s` to 0 (Line 2).\n- It then calculates the area by updating `s` as `s += hei * wid`, which results in `s = 1 * 0 = 0` (Line 3).\n\n**Observation 1:**  \nAll sets of code coverage include statement 1, 2, and 3, which are the input and initial calculations.\n\n**Step 2: Conditional Checks:**\n\n- The first condition checks if `(hei == 1 and wid >= 1) or (hei >= 1 and wid == 1)` (Line 4).\n  - For `hei = 1` and `wid = 0`, evaluating this condition:\n    - `(hei == 1 and wid >= 1)` is `False` because `wid` is not greater than or equal to 1.\n    - `(hei >= 1 and wid == 1)` is `False` because `wid` is not equal to 1.\n  - Therefore, the overall condition evaluates to `False`, and line 5 (`print(1)`) is not executed.\n\n- Next, it checks if `s % 2 != 0` (Line 6).\n  - Since `s = 0`, `s % 2 = 0 % 2 = 0`, which is not odd, so this condition is also `False`, and line 7 (`print(s//2 + 1)`) is not executed.\n\n- As both previous conditions are `False`, the program proceeds to the `else` block, where `print(s//2)` (Line 9) is executed. Since `s = 0`, `s // 2 = 0 // 2 = 0` is printed.\n\n**Observation 2:**  \n- Since the first condition is evaluated but not executed, we eliminate Set 1, which includes line 5.\n- Since the second condition is evaluated but not executed, we eliminate Set 2, which includes line 7. \n\n**Step 3: Finalization:**\n\nThe only remaining branch executed is the `else` block, which corresponds to line 9.\n\n**FINAL CODE COVERAGE:**\n\nSet 3: Statements 1, 2, 3, 4, 6, 9",
                "response_time": 11.280906200408936,
                "input_tokens": 641,
                "output_tokens": 362
            }
        ],
        "serialized_code": "Line 1: hei,wid=map(int,input().split())\nLine 2: s=0\nLine 3: s+=hei*wid\nLine 4: if (hei==1 and wid>=1) or (hei>=1 and wid==1):\nLine 5:     print(1)\nLine 6: elif s%2!=0:\nLine 7:     print(s//2+1)\nLine 8: else:\nLine 9:     print(s//2)\n",
        "test_case_id": "1"
    }
]