[
    {
        "submission_id": "s721340712",
        "import_statements_removed": [],
        "import_statements_removed_libs": [],
        "number_of_imports_removed": 0,
        "number_of_calls": {},
        "lines_affected": {},
        "focc": [
            "Set 1: Statements 1, 2, 3, 4, 5, 6, 7, 8, 9, 10, 11, 12, 13, 17",
            "Set 2: Statements 1, 2, 3, 4, 5, 6, 7, 8, 9, 10, 11, 12, 15, 16, 17",
            "Set 3: Statements 1, 2, 3, 4, 5, 6, 7, 8, 9, 10, 11, 17",
            "Set 4: Statements 1, 2, 3, 4, 5, 6, 7, 9, 10, 11, 12, 13, 17",
            "Set 5: Statements 1, 2, 3, 4, 5, 6, 7, 9, 10, 11, 12, 15, 16, 17",
            "Set 6: Statements 1, 2, 3, 4, 5, 6, 7, 9, 10, 11, 17"
        ],
        "code": "exec(\"def nWord(): nWord.cache = raw_input() if not hasattr(nWord, 'cache') or nWord.cache=='' else nWord.cache ; pos = nWord.cache.find(nWord.sep) ; ret, nWord.cache = (nWord.cache, '') if pos==-1 else (nWord.cache[:pos], nWord.cache[pos+1:].lstrip(nWord.sep)) ; return ret\") ; exec(\"nWord.sep = ' '\") ; exec(\"def ___nLine2(): ret, nWord.cache = (raw_input(), nWord.cache if hasattr(nWord, 'cache') else '') if not hasattr(nWord, 'cache') or nWord.cache=='' else (nWord.cache, '') ; return ret\") ; exec('def nInt(): return int(nWord())') ; exec('def nFloat(): return float(nWord())') ; exec(\"def ___nAuto2():\\n ret = nWord()\\n try: return int(ret)\\n except: pass\\n try: return float(ret)\\n except: return ret\") ; exec(\"def nAuto(n=None): return ___nAuto2() if n is None else [___nAuto2() for i in range(n)]\") ; exec(\"def nLine(n=None): return ___nLine2() if n is None else [___nLine2() for i in range(n)]\")\nnAuto()\nA = [int(i) for i in raw_input().split(' ')]\nA.reverse()\nA.append(0)\nA.reverse()\nfor i in range(1, len(A)):\n    A[i] = A[i] + A[i-1]\ndic = {}\ncnt = 0\nfor i in A:\n    if i not in dic:\n        dic[i] = 1\n    else:\n        cnt += dic[i]\n        dic[i] += 1\nprint(cnt)",
        "test_cases": [
            {
                "test_case_id": 1,
                "test_case_inputs": "Test Case Input:\n1 2 3 4 5",
                "crispe_response": "To determine the code coverage for the given test case, let's analyze the program step by step. Our goal is to identify which set of statements (from the given possible sets) are executed when the test case is run.\n\n### Program Explanation and Execution Steps:\n\n1. **Step 1: Function Execution and Input Processing**\n   - The program starts with a call to `nAuto()`, which internally calls `nWord()` expecting to process input. Given the test input \"1 2 3 4 5\", the `nWord()` function is executed to parse input.\n   - **Observation 1:** This implies statements related to input handling and initializing functions are executed (somewhere in statements 1-5), but without direct association in given statement lines. As the input is processed further, we can assume execution covers up to statement 6.\n\n2. **Step 2: Array Initialization**\n   - The next part of the code processes the test input by converting it into a list of integers and reversing the list. Next, a zero is appended and the list is reversed again. This is managed within these lines.\n   - **Observation 2:** Statements 6 to 10 (converting input, reversing, appending) are executed.\n\n3. **Step 3: Cumulative Sum Calculation**\n   - A loop then iterates through the array, converting it into a cumulative sum array (for each index `i`, `A[i]` now holds the sum of elements from the start to the current position). This involves iterating through the indices of the array.\n   - **Observation 3:** Execution through statements 11-12 covers this calculation step.\n\n4. **Step 4: Dictionary Counting to Calculate Result**\n   - Another loop iterates through the cumulative sum array to count the frequency of each sum using a dictionary. If a sum is encountered for the second time or more, a counter `cnt` increments each time this occurs. Finally, the result (`cnt`) is printed.\n   - **Observation 4:** Statements 13 to 17 are executed since each sum gets checked and possibly incremented in the dictionary or counter.\n\n### Eliminating Non-Applicable Sets:\n\n1. **Initial Observations:** All sets start with statements 1 through 10 as these deal with setup, input reading, and pre-reversal actions.\n2. **Reach Calculations:** Statements 11 and 12 are necessary for transforming the input list into a cumulative sum.\n3. **Checks and Counts:** The main counting logic relies on statements 13 to 17. As per the test case, the counter (`cnt`) will operate on summed values that repeat, particularly after summation like [1, 3, 6...] will be handled in logic around statements 13 to 17.\n\nTherefore, with the above observations and eliminating non-executed components related to error paths or incomplete calculations:\n\n- **Set 1 and Set 2** are invalid immediately based on some path differences leading to skips in conditional steps within counting, noting redundancy or erroneous operations.\n- **Set 4** begins excludes necessary calculated checks.\n- **Set 5** follows additional non-repeating paths for cases like mis-handles or miscountings after transformations.\n- **Set 6** misses further checks for dictionary nuances and repeated occurrences.\n\n### FINAL CODE COVERAGE:\n\n**Set 3**: Statements 1, 2, 3, 4, 5, 6, 7, 8, 9, 10, 11, 17\n\nThrough elimination, using the given logic based upon `nAuto()` initialization, structure nuances between reading, transforming, and forming unique iterations through recalculated and checked steps, this set efficiently uses test input to map through processed results directly, meeting expected function and logic flow alignment.",
                "response_time": 8.627124547958374,
                "input_tokens": 861,
                "output_tokens": 549
            },
            {
                "test_case_id": 2,
                "test_case_inputs": "Test Case Input:\n1 2 3 4 5",
                "crispe_response": "To determine the best set of statements covered by the given test case, let's systematically reason through the program's execution with the test case input \"1 2 3 4 5\".\n\n**PLAN:**\n\n**Step 1: Input Handling:**\n- The function `nAuto()` is called, which utilizes the `nWord()` function to read inputs.\n- The input \"1 2 3 4 5\" is processed by `raw_input().split(' ')`, resulting in the list `[1, 2, 3, 4, 5]`.\n- Therefore, lines involved in handling input, processing via `raw_input()`, and splitting are executed.\n\n**Observation 1:** All provided sets (Sets 1, 2, 3, 4, 5, 6) involve processing the given input.\n\n---\n\n**Step 2: Initializing and Reversing List A:**\n- `A` is initialized with the values `[1, 2, 3, 4, 5]`.\n- The list `A` is reversed, changing it to `[5, 4, 3, 2, 1]`.\n  \n**Observation 2:** The statements for initializing `A` and reversing (`A.reverse()`) in both directions are executed in each set. All sets remain applicable.\n\n---\n\n**Step 3: Modifying List A:**\n- `0` is appended to `A`, converting it to `[5, 4, 3, 2, 1, 0]`.\n- The list `A` is reversed again, resulting in `[0, 1, 2, 3, 4, 5]`.\n\n**Observation 3:** These steps involve append and reverse operations, which all sets cover. All sets remain viable.\n\n---\n\n**Step 4: Cumulative Sum Calculation:**\n- A cumulative sum is calculated for the list `A`, updating elements based on the sum of the preceding elements:\n  - After iteration 1: `A = [0, 1, 3, 3, 4, 5]`\n  - After iteration 2: `A = [0, 1, 3, 6, 4, 5]`\n  - After iteration 3: `A = [0, 1, 3, 6, 10, 5]`\n  - After iteration 4: `A = [0, 1, 3, 6, 10, 15]` \n\n**Observation 4:** The loop and calculations for cumulative sums are in all sets, preserving their applicability.\n\n---\n\n**Step 5: Counting Distinct Sums:**\n- A dictionary `dic` counts occurrences of sums and helps track the number of duplicate sums:\n  - Initial dictionary: `{}`\n  - Processing value `0`: updates to `{0: 1}`\n  - Processing value `1`: updates to `{0: 1, 1: 1}`\n  - Processing value `3`: updates to `{0: 1, 1: 1, 3: 1}`\n  - Processing value `6`: updates to `{0: 1, 1: 1, 3: 1, 6: 1}`\n  - Processing value `10`: updates to `{0: 1, 1: 1, 3: 1, 6: 1, 10: 1}`\n  - Processing value `15`: updates to `{0: 1, 1: 1, 3: 1, 6: 1, 10: 1, 15: 1}`\n\n- The counter `cnt` records the number of observed duplicate sums, but in this case, each `i` is new in the dictionary during this run, so `cnt` remains 0.\n\n**Observation 5:** The dictionary operations and the conditional check/update on duplicates are conducted properly. Sets that miss dictionary updates or conditional check coverage can be disregarded.\n\n---\n\n**Conclusion:**\nSince during this execution the counter `cnt` remains zero (showing no duplicate), we look for sets making correct loop traversal, dictionary interactions, and correctly not traversing dict update condition fallback. We compare which sets match these exact behaviors:\n \nEvaluations:\n- Set 1: Has these lines effectively showing initialization to end but lacks focus similar to others.\n- Set 2: Covers dictionary update neatly once but falls short of double checks others smoothly include.\n- **Set 6:** Accurately travels no cumulative addition path nor else/skip dict updates ahead checks while traversing setup-to-end count track properly.\n  \n**FINAL CODE COVERAGE:**\nSet 6: Statements 1, 2, 3, 4, 5, 6, 7, 9, 10, 11, 17.",
                "response_time": 12.782915115356445,
                "input_tokens": 861,
                "output_tokens": 573
            }
        ],
        "serialized_code": "Line 1: exec(\"def nWord(): nWord.cache = raw_input() if not hasattr(nWord, 'cache') or nWord.cache=='' else nWord.cache ; pos = nWord.cache.find(nWord.sep) ; ret, nWord.cache = (nWord.cache, '') if pos==-1 else (nWord.cache[:pos], nWord.cache[pos+1:].lstrip(nWord.sep)) ; return ret\") ; exec(\"nWord.sep = ' '\") ; exec(\"def ___nLine2(): ret, nWord.cache = (raw_input(), nWord.cache if hasattr(nWord, 'cache') else '') if not hasattr(nWord, 'cache') or nWord.cache=='' else (nWord.cache, '') ; return ret\") ; exec('def nInt(): return int(nWord())') ; exec('def nFloat(): return float(nWord())') ; exec(\"def ___nAuto2():\\n ret = nWord()\\n try: return int(ret)\\n except: pass\\n try: return float(ret)\\n except: return ret\") ; exec(\"def nAuto(n=None): return ___nAuto2() if n is None else [___nAuto2() for i in range(n)]\") ; exec(\"def nLine(n=None): return ___nLine2() if n is None else [___nLine2() for i in range(n)]\")\nLine 2: nAuto()\nLine 3: A = [int(i) for i in raw_input().split(' ')]\nLine 4: A.reverse()\nLine 5: A.append(0)\nLine 6: A.reverse()\nLine 7: for i in range(1, len(A)):\nLine 8:     A[i] = A[i] + A[i-1]\nLine 9: dic = {}\nLine 10: cnt = 0\nLine 11: for i in A:\nLine 12:     if i not in dic:\nLine 13:         dic[i] = 1\nLine 14:     else:\nLine 15:         cnt += dic[i]\nLine 16:         dic[i] += 1\nLine 17: print(cnt)\n",
        "test_case_id": "1"
    }
]