[
    {
        "submission_id": "s086269518",
        "import_statements_removed": [],
        "import_statements_removed_libs": [],
        "number_of_imports_removed": 0,
        "number_of_calls": {},
        "lines_affected": {},
        "focc": [
            "Set 1: Statements 1, 2, 4, 5, 6, 7, 8, 9, 10, 11, 12, 13, 14, 15, 16, 17, 18, 19, 20",
            "Set 2: Statements 1, 2, 4, 5, 6, 7, 8, 9, 10, 11, 12, 13, 14, 15, 16, 17, 18, 20",
            "Set 3: Statements 1, 2, 4, 5, 6, 7, 8, 9, 10, 11, 12, 13, 14, 15, 16, 18, 19, 20",
            "Set 4: Statements 1, 2, 4, 5, 6, 7, 8, 9, 10, 11, 12, 13, 14, 15, 16, 18, 20",
            "Set 5: Statements 1, 2, 4, 5, 6, 7, 8, 9, 10, 11, 12, 13, 16, 17, 18, 19, 20",
            "Set 6: Statements 1, 2, 4, 5, 6, 7, 8, 9, 10, 11, 12, 13, 16, 17, 18, 20",
            "Set 7: Statements 1, 2, 4, 5, 6, 7, 8, 9, 10, 11, 12, 13, 16, 18, 19, 20",
            "Set 8: Statements 1, 2, 4, 5, 6, 7, 8, 9, 10, 11, 12, 13, 16, 18, 20",
            "Set 9: Statements 1, 2, 4, 5, 6, 7, 8, 9, 10, 11, 12, 16, 17, 18, 19, 20",
            "Set 10: Statements 1, 2, 4, 5, 6, 7, 8, 9, 10, 11, 12, 16, 17, 18, 20",
            "Set 11: Statements 1, 2, 4, 5, 6, 7, 8, 9, 10, 11, 12, 16, 18, 19, 20",
            "Set 12: Statements 1, 2, 4, 5, 6, 7, 8, 9, 10, 11, 12, 16, 18, 20"
        ],
        "code": "N=int(input())\nlista=[\"a\",\"b\",\"c\",\"d\",\"e\",\"f\",\"g\",\"h\",\"i\",\"j\",\"k\",\"l\",\"m\",\"n\"             ,\"o\",\"p\",\"q\",\"r\",\"s\",\"t\",\"u\",\"v\",\"w\",\"x\",\"y\",\"z\"]\namari=[]\nans=\"\"while N!=0:\n    (x,y)=divmod(N,26)\n    amari.append(y)\n    N=x\namari=amari[::-1]\nwhile 0 in amari[1:]:\n    for i in range(len(amari)-1):\n        if amari[i+1]==0:\n            amari[i]-=1\n            amari[i+1]=26\nif amari[0]==0:\n    amari.pop(0)\nfor i in amari:\n    ans+=lista[i-1]\nprint(ans)",
        "test_cases": [
            {
                "test_case_id": 1,
                "test_case_inputs": "Test Case Input:\n0",
                "crispe_response": "PLAN:\n\n**Step 1: Input Processing**\n- The program begins with reading the integer input `N`. In this test case, `N` is set to 0.\n- Observation 1: All code coverage sets include statement 1 and are currently applicable.\n\n**Step 2: Initial Checks and Loop Entry**\n- Since `N` is 0, the `while N != 0` loop (starting at statement 4) will not be entered.\n- Observation 2: Sets that require entering this loop and executing statements 5, 6, 7, 8, and beyond in the first loop iteration are not applicable. This eliminates sets 1 through 8, and 11 because they include statement executions that require `while N != 0` to be true.\n\n**Step 3: List Reversal and Second Loop**\n- After the first loop, the program reverses the `amari` list. Since the first loop was never entered, `amari` remains empty. Thus, reversing it (statement 13) does not require traversal or modification.\n- Observation 3: Sets 9, 10, 11, and 12 still remain applicable, as they do not rely on modifications from the first loop.\n\n**Step 4: Second Loop Processing for Zeros**\n- The loop beginning at the end of statement 14 to address zeros in `amari` will not be executed in this case, since `amari` is empty.\n- Observation 4: The execution in sets 9, 10, 11, 12 doesn\u2019t depend on the content of this loop as it won't run due to the empty `amari`.\n\n**Step 5: Condition for Removing Prepend Zero**\n- The condition `if amari[0] == 0` is checked at statement 16, which will not be true (as `amari` is empty, there's no index 0 to check), so line 17 is not executed.\n- Observation 5: Sets 9 and 10 remain applicable since they do not express dependency on the outcome of this condition.\n\n**Step 6: Constructing Result**\n- The `for` loop from statement 18 iterates over `amari`, which is empty. Hence, it does not execute any iterations or produce any characters for `ans`.\n- Observation 6: Sets 10 and 12 do not depend critically on this iteration executing since `amari` was not populated.\n\n**Step 7: Ending Program**\n- Finally, the program prints `ans`. Since nothing was added to `ans`, it will print an empty string (statement 20).\n- Final Observation: Set 12 consistently aligns with the observed execution path because it supports the fact that the loop sections did not run and the only executed statements allow for an empty output.\n\n**FINAL CODE COVERAGE:**\n- Set 12: Statements 1, 2, 4, 5, 6, 7, 8, 9, 10, 11, 12, 16, 18, 20",
                "response_time": 6.90679931640625,
                "input_tokens": 851,
                "output_tokens": 425
            },
            {
                "test_case_id": 2,
                "test_case_inputs": "Test Case Input:\n0",
                "crispe_response": "PLAN:\n\nStep 1: Initial Input Processing:\nThe program first takes an integer input `N`. The test case provides `N=0`.\nObservation 1: Since only the input line is executed to obtain `N`, all sets of code coverage remain applicable as they all begin with statement 1.\n\nStep 2: Pre-loop Preparations:\nThe program initializes a list `lista` of alphabets and two empty lists `amari` and `ans`. However, the test shows there is a syntax error due to the missing space between `ans=\"\"` and `while N!=0:`. This error halts the program before entering any loop.\nObservation 2: The error in the code means the program doesn't proceed past the setup statements. The code doesn't even reach the while loop that processes `N`.\n  \nStep 3: Loop for Divmod Calculation:\nThe intended logic for processing `N` with a divmod loop (`while N!=0:`) doesn't execute because `N` is already 0, and more importantly due to the syntax error, meaning this whole section is skipped. No calculation or append to `amari` happens.\nObservation 3: The presence of the syntax error prevents further execution, so only the initial setup lines are relevant.\n\nStep 4: Secondary Loop for Adjusting `amari`:\nSimilarly, the program logic for adjusting values in `amari` is skipped entirely because the first loop never runs, and thus, `amari` remains empty.\nObservation 4: The program's design for adjusting `amari` is not reached because of `N = 0` and the syntax error, so this code block is irrelevant for this execution.\n\nStep 5: Final Loop for String Assembly:\nFinally, the loop that constructs the output string `ans` (`for i in amari`) based on `amari` is not initiated since the whole calculation logic is not entered due to the initial error.\nObservation 5: No entries are made into `amari`, and subsequently, no string building occurs.\n\nStep 6: Conclusion:\nSince the syntax error stops execution at the input setup, we only account for the initial lines (statements 1, 2) before the error occurs.\nObservation 6: Based on this logic, none of the given sets precisely match the execution path due to the error. Ideally, the \"Error\" set would be accurate.\n\nFINAL CODE COVERAGE:\nError: The execution path is halted before it can process any further logic beyond initialization due to a syntax error.",
                "response_time": 19.76216983795166,
                "input_tokens": 851,
                "output_tokens": 373
            }
        ],
        "serialized_code": "Line 1: N=int(input())\nLine 2: lista=[\"a\",\"b\",\"c\",\"d\",\"e\",\"f\",\"g\",\"h\",\"i\",\"j\",\"k\",\"l\",\"m\",\"n\"             ,\"o\",\"p\",\"q\",\"r\",\"s\",\"t\",\"u\",\"v\",\"w\",\"x\",\"y\",\"z\"]\nLine 3: amari=[]\nLine 4: ans=\"\"while N!=0:\nLine 5:     (x,y)=divmod(N,26)\nLine 6:     amari.append(y)\nLine 7:     N=x\nLine 8: amari=amari[::-1]\nLine 9: while 0 in amari[1:]:\nLine 10:     for i in range(len(amari)-1):\nLine 11:         if amari[i+1]==0:\nLine 12:             amari[i]-=1\nLine 13:             amari[i+1]=26\nLine 14: if amari[0]==0:\nLine 15:     amari.pop(0)\nLine 16: for i in amari:\nLine 17:     ans+=lista[i-1]\nLine 18: print(ans)\n",
        "test_case_id": "1"
    }
]