[
    {
        "submission_id": "s673883649",
        "import_statements_removed": [],
        "import_statements_removed_libs": [],
        "number_of_imports_removed": 0,
        "number_of_calls": {},
        "lines_affected": {},
        "focc": [
            "Set 1: Statements 1, 2, 3, 4, 5",
            "Set 2: Statements 1, 2, 3, 4, 6, 7",
            "Set 3: Statements 1, 2, 3, 4, 6, 9"
        ],
        "code": "A,V = map(int, input().split())\nB,W = map(int, input().split())\nT = int(input())\nif B > A and A+V*T >= B+W*T:\n  print('YES')\nelif B < A and A-V*T <= B-W*T:\n  print('YES')\nelse:\n  print('NO')",
        "test_cases": [
            {
                "test_case_id": 1,
                "test_case_inputs": "Test Case Input:\n10 5\n15 3\n2",
                "crispe_response": "**PLAN:**\n\n**Step 1: Input Processing:**\n\n- The program starts by taking input values for A, V, B, W, and T. The given test case directly provides these values as:\n  - A = 10, V = 5\n  - B = 15, W = 3\n  - T = 2\n- Observations based on lines of code:\n  - Line 1: Executes to read values of A and V.\n  - Line 2: Executes to read values of B and W.\n  - Line 3: Executes to read the value of T.\n\n**Observation 1:** All defined sets (Set 1, Set 2, Set 3) include lines 1, 2, and 3, so they are all applicable at this point.\n\n**Step 2: Evaluating the First Condition (if):**\n\n- The first condition to evaluate is `if B > A and A + V * T >= B + W * T:`\n  - Checking the condition:\n    - B > A translates to 15 > 10, which is **True**.\n    - Evaluating `A + V * T >= B + W * T`:\n      - A + V * T = 10 + 5 * 2 = 20\n      - B + W * T = 15 + 3 * 2 = 21\n      - Thus, 20 >= 21 is **False**.\n- The combined condition `(B > A and A + V * T >= B + W * T)` evaluates to **False**.\n\n**Observation 2:** Since the first condition is false, we rule out Set 1 (includes line 5, which is `print('YES')` under the first condition).\n\n**Step 3: Evaluating the Second Condition (elif):**\n\n- The second condition is `elif B < A and A - V * T <= B - W * T:`\n  - Checking the condition:\n    - B < A translates to 15 < 10, which is **False**.\n- The entire condition evaluates to **False** since `B < A` is false.\n\n**Observation 3:** Since the second condition is also false, Set 2 (which includes line 6, `print('YES')`, under the elif block) is ruled out.\n\n**Step 4: Evaluating the Else Case:**\n\n- Since both previous conditions are false, the program will execute the else block, resulting in:\n  - Line 9: Executes `print('NO')`\n\n**Observation 4:** Only Set 3 matches the observed behavior because it includes lines 1, 2, 3, 4, 6 (checking both conditions) and the else block execution (line 9).\n\n**FINAL CODE COVERAGE:**\n\nSet 3: Statements 1, 2, 3, 4, 6, 9",
                "response_time": 6.846434831619263,
                "input_tokens": 658,
                "output_tokens": 397
            },
            {
                "test_case_id": 2,
                "test_case_inputs": "Test Case Input:\n4 2\n6 3\n2",
                "crispe_response": "Let's evaluate the given Python program step by step with the provided test case and determine which set of code coverage accurately represents the executed statements.\n\n### Program Analysis and Execution\n\n**Initial Input:**\n- A, V are set to 4, 2\n- B, W are set to 6, 3\n- T is set to 2\n\n**Step-by-step Execution:**\n\n**Step 1: Reading Input**\n- Input values are processed through the `map(int, input().split())` statements. \n  - A = 4, V = 2 from the first input line\n  - B = 6, W = 3 from the second input line\n  - T = 2 from the third input line\n- **Observation 1:** All sets include the input processing statements (1, 2, 3). All sets (1, 2, 3) remain applicable.\n\n**Step 2: First Condition Check (`if` statement)**\n- Evaluate the condition `B > A and A+V*T >= B+W*T`: \n  - B > A evaluates to 6 > 4, which is True.\n  - A+V*T >= B+W*T evaluates as 4 + 2*2 >= 6 + 3*2 i.e., 8 >= 12, which is False.\n- Since the conjunction requires both conditions to be True, the first condition is False, and the program skips line 5.\n\n**Step 3: Second Condition Check (`elif` statement)**\n- Evaluate the condition `B < A and A-V*T <= B-W*T`:\n  - B < A evaluates to 6 < 4, which is False.\n  - Since the first condition in the 'elif' is False, line 6 will not execute.\n\n**Step 4: Final `else` statement execution**\n- Since both the `if` and `elif` conditional checks are False, the `else` statement on line 8 is executed, printing 'NO' (line 9).\n- **Observation 2:** Considering the execution path,:\n  - Set 1 includes only line 5 (NOT applicable as line 5 is not executed).\n  - Set 2 includes lines 6 and 7 (NOT applicable as neither line 6 nor line 7 is executed).\n  - **Set 3 includes lines 6 and 9, and since line 9 is executed (when 'else' is triggered), it is applicable.**\n\n### Final Code Coverage:\n- **Set 3:** Statements 1, 2, 3, 4, 6, 9",
                "response_time": 6.346163034439087,
                "input_tokens": 658,
                "output_tokens": 345
            }
        ],
        "serialized_code": "Line 1: A,V = map(int, input().split())\nLine 2: B,W = map(int, input().split())\nLine 3: T = int(input())\nLine 4: if B > A and A+V*T >= B+W*T:\nLine 5:   print('YES')\nLine 6: elif B < A and A-V*T <= B-W*T:\nLine 7:   print('YES')\nLine 8: else:\nLine 9:   print('NO')\n",
        "test_case_id": "1"
    }
]