[
    {
        "submission_id": "s636387976",
        "import_statements_removed": [],
        "import_statements_removed_libs": [],
        "number_of_imports_removed": 0,
        "number_of_calls": {},
        "lines_affected": {},
        "focc": [
            "Set 1: Statements 1, 2, 3, 4, 5, 6, 7, 8, 9, 10, 11, 12",
            "Set 2: Statements 1, 2, 3, 4, 5, 6, 7, 8, 9, 11, 12",
            "Set 3: Statements 1, 2, 3, 4, 5, 6, 7, 12"
        ],
        "code": "N, X = map(int, input().split())\nL = list(map(int, input().split()))\ncnt = 0\nbefore = 0\nd = 0\nL.insert(0, 0)\nfor i in range(1, N + 2):\n    d = before + L[i - 1]\n    if d <= X:\n        cnt += 1\n    before = d\nprint(cnt)",
        "test_cases": [
            {
                "test_case_id": 1,
                "test_case_inputs": "Test Case Input:\n4 5\n1 2 3 4",
                "crispe_response": "To determine which set of statements is covered by the given test case, we will go through the program step by step, using the provided test case as input.\n\n**PLAN:**\n\n**Step 1: Input Processing:**\n\n- The program begins by taking two inputs, `N` and `X`, which are numbers separated by a space. The test case provides `N = 4` and `X = 5`.\n- The first line (Statement 1) of code which maps these inputs is executed.\n- Next, the program takes the input for list `L`, which is a sequence of numbers. The given test case provides `1 2 3 4`, which becomes the list `L`.\n- Statement 2 executes to map these inputs into the list `L`.\n- **Observation 1:** All sets include Statements 1 and 2, so all sets are applicable at this point.\n\n**Step 2: Initialization of Variables:**\n\n- Variable `cnt` is initialized to 0 (Statement 3), `before` is initialized to 0 (Statement 4), and `d` is initialized to 0 (Statement 5).\n- Statement 6 executes to insert 0 at the beginning of `L`, transforming it into `[0, 1, 2, 3, 4]`.\n- **Observation 2:** All sets include Statements 3, 4, 5, and 6, remaining applicable.\n\n**Step 3: Loop Execution:**\n\n- The loop starts with `i` ranging from 1 to `N + 1` (which is 5). The loop iterates over `i = 1, 2, 3, 4, 5`.\n\n**Iteration 1 (i = 1):**\n\n- `d` becomes `before + L[0]` which is `0 + 0 = 0`.\n- Since `d (0)` is less than or equal to `X (5)`, `cnt` is incremented by 1 (Statement 8). `cnt` becomes 1.\n- `before` is updated to `d`, so `before` remains 0 (Statement 9).\n- **Observation 3:** Statements 7, 8, and 9 are executed during this iteration. All sets contain these lines, so all are still applicable here.\n\n**Iteration 2 (i = 2):**\n\n- `d` becomes `before + L[1]` which is `0 + 1 = 1`.\n- Since `d (1)` is less than or equal to `X (5)`, `cnt` is incremented to 2.\n- `before` is updated to `d`, so `before` becomes 1.\n- **Observation 4:** Execution continues in the same logical path as all three sets cover lines 7, 8, and 9.\n\n**Iteration 3 (i = 3):**\n\n- `d` becomes `before + L[2]` which is `1 + 2 = 3`.\n- Since `d (3)` is less than or equal to `X (5)`, `cnt` is incremented to 3.\n- `before` is updated to `d`, so `before` becomes 3.\n- **Observation 5:** Same lines 7, 8, and 9 are tested; all sets are still viable.\n\n**Iteration 4 (i = 4):**\n\n- `d` becomes `before + L[3]` which is `3 + 3 = 6`.\n- Since `d (6)` is greater than `X (5)`, the if condition is not satisfied. `cnt` remains 3.\n- `before` is updated to `d`, so `before` becomes 6.\n- **Observation 6:** Here, the condition on line 8 fails (does not enter the block); thus, line 9 is the only line from the loop statements garnering execution. Set 3 excludes line 10, seen executing in code, logically out because doing so implies finish and exit. Retain Set 2 that includes all active-loop lines.\n\n**Iteration 5 (i = 5):**\n\n- `d` becomes `before + L[4]` which is `6 + 4 = 10`.\n- Since `d (10)` is greater than `X (5)`, the if condition does not satisfy, thus preserving `cnt = 3`.\n- `before` updates to `d`, making `before` now 10.\n- **Observation 7:** Similarly as before, line 9 operates prominently, apart from bypassing line 8 elusive in line's execution paths. Reflection of its omitted execution keeps Set 3 off choice, favoring line conditions seen in set 2.\n\n**Step 4: Final Output:**\n\n- After the loop completes, the program prints the final count `cnt`.\n- Statement 12 is executed, printing the final result.\n- **Observation 8:** Statements 1 through 12 are considered for Set 1 and 2. With non-existence of real variance going beyond condition checks, maintain operational Set 2 responsibly.\n\n**FINAL CODE COVERAGE:**\n\n**Set 2: Statements 1, 2, 3, 4, 5, 6, 7, 8, 9, 11, 12**",
                "response_time": 18.62882661819458,
                "input_tokens": 687,
                "output_tokens": 687
            },
            {
                "test_case_id": 2,
                "test_case_inputs": "Test Case Input:\n-1 5\n3 2 1",
                "crispe_response": "To determine which set of code coverage is applicable for the given test case, let's analyze the program and the flow of execution step by step:\n\n**GIVEN PYTHON PROGRAM ANALYSIS:**\n\n1. **Initialization and Input (Line 1):**\n   ```python\n   N, X = map(int, input().split())\n   ```\n   - The program expects input for `N` and `X` through `input().split()`.\n   - According to the test case, `N = -1` and `X = 5` are given as input.\n   - Observation 1: All sets of code coverage must include line 1.\n\n2. **List Input and Initialization (Line 2):**\n   ```python\n   L = list(map(int, input().split()))\n   ```\n   - The program expects a list of integers for `L` using `input().split()`.\n   - According to the test case, `L = [3, 2, 1]` is provided as input.\n   - Observation 2: All sets of code coverage must include line 2.\n\n3. **Variable Initialization (Lines 3-5):**\n   ```python\n   cnt = 0\n   before = 0\n   d = 0\n   ```\n   - Initializes `cnt`, `before`, and `d` to 0.\n   - Observation 3: All sets of code coverage must include lines 3, 4, and 5.\n\n4. **List Modification (Line 6):**\n   ```python\n   L.insert(0, 0)\n   ```\n   - Modifies the list `L` by inserting `0` at the beginning.\n   - Modified `L` now becomes `[0, 3, 2, 1]`.\n   - Observation 4: All sets of code coverage must include line 6.\n\n5. **Loop Execution (Line 7):**\n   ```python\n   for i in range(1, N + 2):\n   ```\n   - The loop is set to iterate from `1` to `N + 2`.\n   - With the given test case, `N = -1`, therefore the range becomes `(1, 1)`.\n   - This means the loop will not execute because the start and end are the same.\n   - This impacts which lines of code within the loop are covered.\n   - Observation 5: Sets that include line 7 without subsequent lines executed inside the loop are more likely.\n\n6. **Post-Loop Completion (Line 12):**\n   ```python\n   print(cnt)\n   ```\n   - `cnt` is printed after the loop execution. Since the loop did not run, `cnt` remains `0`.\n   - Observation 6: All sets of code coverage must include line 12.\n\n**DEDUCTIONS BASED ON THE TEST CASE:**\n\n- Since the loop never executes due to `N = -1`, lines 8, 9, 10, and 11 inside the loop are not executed. Hence, any set of statements that includes these lines can be eliminated.\n\n- Based on these observations and the given possible sets, we can make the following conclusions:\n\n  - **Set 1** includes lines 8, 9, 10, and 11, which are not executed due to the loop not running. Therefore, Set 1 can be eliminated.\n  \n  - **Set 2** includes line 11, which is also not executed. Therefore, Set 2 can be eliminated.\n  \n  - **Set 3** only includes statements 1, 2, 3, 4, 5, 6, and 12, which aligns perfectly with our reasoning since the loop does not execute any internal statements.\n\n**FINAL CODE COVERAGE:**\n\nSet 3: Statements 1, 2, 3, 4, 5, 6, 7, 12",
                "response_time": 15.003977060317993,
                "input_tokens": 686,
                "output_tokens": 483
            }
        ],
        "serialized_code": "Line 1: N, X = map(int, input().split())\nLine 2: L = list(map(int, input().split()))\nLine 3: cnt = 0\nLine 4: before = 0\nLine 5: d = 0\nLine 6: L.insert(0, 0)\nLine 7: for i in range(1, N + 2):\nLine 8:     d = before + L[i - 1]\nLine 9:     if d <= X:\nLine 10:         cnt += 1\nLine 11:     before = d\nLine 12: print(cnt)\n",
        "test_case_id": "1"
    }
]