[
    {
        "submission_id": "s286931613",
        "methods_removed": 0,
        "methods_removed_names": [],
        "number_of_calls": {},
        "lines_affected": {},
        "focc": [
            "Set 1: Statements 1, 2, 3, 4",
            "Set 2: Statements 1, 2, 3, 6",
            "Set 3: Statements 1, 2, 7, 8, 9",
            "Set 4: Statements 1, 2, 7, 8, 11",
            "Set 5: Statements 1, 2, 7, 13, 14",
            "Set 6: Statements 1, 2, 7, 13, 16"
        ],
        "code": "d,n = [int(x) for x in input().split()]\nif d == 0:\n    if n == 100:\n        print(101)\n    else:\n        print(n)\nelif d == 1:\n    if n == 100:\n        print(101 * 100)\n    else:\n        print(n * 100)\nelse:\n    if n == 100:\n        print(101 * 10000)\n    else:\n        print(n * 10000)",
        "test_cases": [
            {
                "test_case_id": 1,
                "test_case_inputs": "Test Case Input:\n0 99",
                "crispe_response": "To determine the code coverage based on the given test case, let's follow a step-by-step reasoning process similar to the example:\n\n### GIVEN PYTHON PROGRAM:\n```python\nd, n = [int(x) for x in input().split()]\nif d == 0:\n    if n == 100:\n        print(101)\n    else:\n        print(n)\nelif d == 1:\n    if n == 100:\n        print(101 * 100)\n    else:\n        print(n * 100)\nelse:\n    if n == 100:\n        print(101 * 10000)\n    else:\n        print(n * 10000)\n```\n\n### TEST CASE:\nTest Case Input: `0 99`\n\n### PLAN:\n\n**Step 1: Input Processing:**\n- The test case provides the input \"0 99\". The program reads this input and splits it into variables `d` and `n`, such that `d = 0` and `n = 99`. This corresponds to line 1 of the program.\n- **Observation 1:** All sets of code coverage include line 1, so all sets are initially applicable.\n\n**Step 2: First Conditional Check:**\n- The first `if` statement (line 2) checks if `d == 0`. Given `d = 0`, this condition is true, so the program will enter the first `if` block, corresponding to line 3.\n- **Observation 2:** Sets 1 and 2 include lines 2 and 3, making them initially applicable. Sets 3 to 6 can be temporarily disregarded as they enter the `elif` or `else` blocks prematurely.\n\n**Step 3: Second Nested Conditional Check:**\n- Inside the first `if` block, the program checks `if n == 100` (line 4). Since `n = 99`, this condition is false. Therefore, the program executes the `else` block, which prints `n` (line 6).\n- **Observation 3:** From the previous step, only Set 2 covers lines 1, 2, 3, and 6, including the else-case for the nested conditional check. Since the condition `n == 100` was not satisfied, any set that includes line 4 cannot apply.\n\n**Step 4: Conclusion:**\n- The execution path of the input \"0 99\" covers lines 1, 2, 3, and 6.\n- **Final Observation:** Based on the reasoning above, Set 2 is the most accurate representation of the code coverage for the given test case.\n\n### FINAL CODE COVERAGE:\nSet 2: Statements 1, 2, 3, 6",
                "response_time": 6.862706184387207,
                "input_tokens": 686,
                "output_tokens": 351
            },
            {
                "test_case_id": 2,
                "test_case_inputs": "Test Case Input:\n0 100",
                "crispe_response": "PLAN:\n\nStep 1: Input Processing:\nThe program starts by taking an input string, which is split into two numbers, d and n. For the given test case, the input is \"0 100\", meaning d = 0 and n = 100.\nObservation 1: All sets of code coverage initially apply since they all include the processing of input (statements 1 and 2).\n\nStep 2: Check for d == 0:\nSince d is 0, the program enters the first `if` block (statement 3).\nObservation 2: Sets 3, 4, 5, and 6 can be eliminated because they account for conditions where d is not 0 (statements 7 and beyond).\n\nStep 3: Nested Check for n == 100:\nWithin the block for d == 0, since n is equal to 100, the program will execute statement 4, which prints 101.\nObservation 3: Based on this, we focus on sets 1 and 2. Set 1 includes statements 1, 2, 3, and 4, which work with the input given and handle the case where d == 0 and n == 100 correctly. \n\nStep 4: Exclusion of Statement for n != 100:\nSince the condition n != 100 is not met, the else block (statement 5) is not executed.\nObservation 4: Set 2 includes statement 6, which results from an unmet condition, thereby aligning with a scenario where n is not 100 for d == 0, which doesn't fit our test case.\n\nFINAL CODE COVERAGE:\nSet 1: Statements 1, 2, 3, 4\n\nThis reasoning aligns with the steps described for narrowing down the correct set of covered statements based on the conditions met by the provided test case. Set 1 accurately represents these operations for the given input scenario.",
                "response_time": 7.636247873306274,
                "input_tokens": 686,
                "output_tokens": 282
            }
        ],
        "serialized_code": "Line 1: d,n = [int(x) for x in input().split()]\nLine 2: if d == 0:\nLine 3:     if n == 100:\nLine 4:         print(101)\nLine 5:     else:\nLine 6:         print(n)\nLine 7: elif d == 1:\nLine 8:     if n == 100:\nLine 9:         print(101 * 100)\nLine 10:     else:\nLine 11:         print(n * 100)\nLine 12: else:\nLine 13:     if n == 100:\nLine 14:         print(101 * 10000)\nLine 15:     else:\nLine 16:         print(n * 10000)\n",
        "test_case_id": "1"
    }
]