[
    {
        "submission_id": "s151195941",
        "methods_removed": 0,
        "methods_removed_names": [],
        "number_of_calls": {},
        "lines_affected": {},
        "focc": [
            "Set 1: Statements 1, 2, 3, 4, 5, 6, 7, 17",
            "Set 2: Statements 1, 2, 3, 4, 5, 6, 8, 10, 17",
            "Set 3: Statements 1, 2, 3, 4, 5, 6, 8, 13, 14, 17",
            "Set 4: Statements 1, 2, 3, 4, 5, 6, 8, 13, 15, 16, 17",
            "Set 5: Statements 1, 2, 3, 4, 5, 6, 8, 13, 15, 17",
            "Set 6: Statements 1, 2, 3, 4, 17"
        ],
        "code": "import collections\nq = collections.deque()\nn = int(input())\nfor i in range(n):\n    com = input().split()\n    if com[0] == 'insert':\n        q.appendleft(int(com[1]))\n    elif com[0] == 'delete':\n        try:\n            q.remove(int(com[1]))\n        except:\n            pass\n    elif com[0] == 'deleteFirst':\n        q.popleft()\n    elif com[0] == 'deleteLast':\n        q.pop()\nprint(*q)",
        "test_cases": [
            {
                "test_case_id": 1,
                "test_case_inputs": "Test Case Input:\n4\ninsert 1\ndelete 1\ndeleteFirst\ndeleteLast",
                "crispe_response": "PLAN:\n\n### Step 1: Program Initialization and Input Reading\n\n- The program begins by importing the `collections` module and creating an empty deque `q`.\n- The number `n` is read from input, which determines how many commands will be processed. In this test case, `n` is 4, so the loop will iterate 4 times.\n\n**Observation 1**:  \nAll sets include statements 1, 2, 3, and 4, which handle imports and input, so they all remain applicable at this point.\n\n### Step 2: First Iteration (Command: \"insert 1\")\n\n- For the first command \"insert 1\", the program recognizes the 'insert' keyword. Therefore, statement 5 (`q.appendleft`) is executed, adding the number 1 at the start of the deque.\n\n**Observation 2**:  \nAll sets except Set 6 include statement 5. Thus, Set 6 is eliminated.\n\n### Step 3: Second Iteration (Command: \"delete 1\")\n\n- In this iteration, the command is \"delete 1\". The program executes line 7 to check the 'delete' condition. Since the number 1 is in the deque, `q.remove` removes it successfully without an exception being triggered.\n\n**Observation 3**:  \n- Since no exception is raised during `q.remove`, statement 9 (the `except` block) does not execute. \n- Sets 4 and 5, which include statement 9, are eliminated.\n\n### Step 4: Third Iteration (Command: \"deleteFirst\")\n\n- The command \"deleteFirst\" matches statement 13 (`q.popleft()`), so it executes to remove the first element of the deque. However, since the deque is already empty from the previous 'delete', this operation might not modify the deque further.\n\n**Observation 4**:  \nAll remaining sets (2, 3, 4) include statements up to 14 (implicitly handling `popleft()`) because they account for the 'deleteFirst' operation.\n\n### Step 5: Fourth Iteration (Command: \"deleteLast\")\n\n- The final command \"deleteLast\" will invoke statement 15 (`q.pop()`), attempting to remove the last item from the deque.\n\n**Observation 5**:  \nSets 1, 2, and 3 are not applicable anymore since they do not account for statements 15 and 16 (`q.pop()` operation for 'deleteLast'), leaving only Set 4.\n\n### Step 6: Printing Output\n\n- Finally, the program executes statement 17 to print the contents of the deque. Since all elements have been processed and removed, the output is an empty deque.\n\n**Observation 6**:  \nSets 4 is the only remaining viable set after considering both `deleteFirst` and `deleteLast` functionality along with other operations.\n\nFINAL CODE COVERAGE:\nSet 4: Statements 1, 2, 3, 4, 5, 6, 8, 13, 15, 16, 17",
                "response_time": 12.572777509689331,
                "input_tokens": 710,
                "output_tokens": 397
            },
            {
                "test_case_id": 2,
                "test_case_inputs": "Test Case Input:\ndelete 5",
                "crispe_response": "PLAN:\n\n**Step 1: Initialization and Input Reading:**\n\n- The program begins by importing the collections module and creating an empty deque `q` (Statements 1 and 2). It then reads an integer `n` from the input to determine the number of command inputs that will follow (Statement 3).\n- Observation 1: All sets of code coverage include the execution of Statements 1, 2, and 3.\n\n**Step 2: Processing the Test Case Input 'delete 5':**\n\n- Since the provided test case input is 'delete 5', converting it into the expected list format with `input().split()`, it simulates reading 'delete 5' with a split of the input into the list `['delete', '5']`.\n\n**Step 3: Loop Execution:**\n\n- Here, the number `n` represents how many commands are given. The test case provides the input directly as 'delete 5', which is taken as a single time execution of the loop (starting at Statement 4).\n- Observation 2: All sets except Set 6 go through the loop execution which includes Statement 4.\n\n**Step 4: Command Execution:**\n\n- The command list `com` is evaluated for the first element. Since `com[0]` is 'delete', the program enters the `elif` block for 'delete' at Statement 8.\n- It then tries to remove `com[1]` (which is 5) from the deque (Statement 9). Since the deque is empty, the action is enclosed in a try-except block, which means it will safely pass without error or impact when it doesn't find the element.\n- Observation 3: Thus, only those sets containing Statement 8 remain: Sets 2, 3, 4, and 5. This eliminates Set 1 and Set 6.\n\n**Step 5: Conclusion and Output:**\n\n- After completing the loop (loop ends after one iteration as per input 'delete 5'), the program executes Statement 17, printing the contents of `q` (an empty deque at this point).\n- Observation 4: Considering previous eliminations and whether or not the statements for handling specific command cases are executed or not, Set 2 is the one that does not reach optional actions branching such as pop or popleft related, keeping only necessary actions: Statements 5, 6, 8, 10 and end with line 17 from empty operations without intervening extra commands.\n  \nFINAL CODE COVERAGE:\n- Set 2: Statements 1, 2, 3, 4, 5, 6, 8, 10, 17",
                "response_time": 6.274313449859619,
                "input_tokens": 705,
                "output_tokens": 375
            }
        ],
        "serialized_code": "Line 1: import collections\nLine 2: q = collections.deque()\nLine 3: n = int(input())\nLine 4: for i in range(n):\nLine 5:     com = input().split()\nLine 6:     if com[0] == 'insert':\nLine 7:         q.appendleft(int(com[1]))\nLine 8:     elif com[0] == 'delete':\nLine 9:         try:\nLine 10:             q.remove(int(com[1]))\nLine 11:         except:\nLine 12:             pass\nLine 13:     elif com[0] == 'deleteFirst':\nLine 14:         q.popleft()\nLine 15:     elif com[0] == 'deleteLast':\nLine 16:         q.pop()\nLine 17: print(*q)\n",
        "test_case_id": "1"
    }
]