[
    {
        "submission_id": "s590015935",
        "methods_removed": 0,
        "methods_removed_names": [],
        "number_of_calls": {},
        "lines_affected": {},
        "focc": [
            "Set 1: Statements 1, 2, 3, 4, 12, 23, 13, 14",
            "Set 2: Statements 1, 2, 3, 4, 12, 23, 13, 15, 17, 18, 19, 5, 11",
            "Set 3: Statements 1, 2, 3, 4, 12, 23, 13, 15, 17, 18, 19, 5, 6, 7, 8, 9, 10",
            "Set 4: Statements 1, 2, 3, 4, 12, 23, 13, 15, 17, 18, 19, 5, 6, 7, 8, 9, 11",
            "Set 5: Statements 1, 2, 3, 4, 12, 23, 13, 15, 17, 18, 19, 5, 6, 7, 9, 10",
            "Set 6: Statements 1, 2, 3, 4, 12, 23, 13, 15, 17, 18, 19, 5, 6, 7, 9, 11",
            "Set 7: Statements 1, 2, 3, 4, 12, 23, 13, 15, 17, 18, 19, 5, 6, 7, 9, 8, 10",
            "Set 8: Statements 1, 2, 3, 4, 12, 23, 13, 15, 17, 18, 21, 22",
            "Set 9: Statements 1, 2, 3, 4, 12, 23, 13, 15, 16"
        ],
        "code": "n = int(input())\nmod = 10 ** 9 + 7\nmemo = [{} for i in range(n + 1)]\ndef ok(last4):\n    for i in range(4):\n        t = list(last4)\n        if i >= 1:\n            t[i], t[i - 1] = t[i - 1], t[i]\n        if ''.join(t).find('AGC') >= 0:\n            return False\n    return True\ndef dfs(cur, last3):\n    if last3 in memo[cur]:\n        return memo[cur][last3]\n    if cur >= n:\n        return 1\n    ret = 0\n    for c in 'ACGT':\n        if ok(last3 + c):\n            ret = (ret + dfs(cur + 1, last3[1:] + c)) % mod\n    memo[cur][last3] = ret\n    return ret\nprint(dfs(0, 'TTT'))",
        "test_cases": [
            {
                "test_case_id": 1,
                "test_case_inputs": "Test Case Input:\n4",
                "crispe_response": "PLAN:\n\nStep 1: Initial Setup and Input Processing:\nThe program starts by reading an integer input `n` (line 1). Given the test case input of `4`, lines up to line 3 are executed to initialize necessary variables. \nObservation 1: All sets of code coverage are applicable as they include lines 1, 2, and 3.\n\nStep 2: Entering the Main Function:\nThe `dfs` function is called (line 12) with initial parameters `cur=0` and `last3='TTT'`. Execution proceeds into the function.\nObservation 2: All sets of code coverage remain applicable as they all include lines 12 and 13.\n\nStep 3: `dfs` Execution and Recursive Calls:\nSince `cur=0` is less than `n=4`, we enter the loop (line 15), iterating over each character in 'ACGT'. The execution of line 15 makes all cases that include it applicable.\nObservation 3: Sets 2, 3, 4, 5, 6, 7, and 9 remain applicable as they include line 15.\n\nStep 4: Checking Valid Sequences with `ok` Function:\nFor each character concatenated to `last3` (\"TTT\"), the `ok` function is called to check whether any of the sequences contain \"AGC\" (line 17). Valid checks return true, allowing valid sequences to be processed recursively. Lines 17 and 18 are executed multiple times.\nObservation 4: Sets 2, 3, 4, 5, 6, 7 remain applicable as they include line 17 and iterative checks within dfs.\n\nStep 5: Return from Recursive Calls:\nAfter each recursive call in `dfs`, results are accumulated, and `memo` is updated (lines 18 and 19). These lines confirm adaptations in recursion and updates.\nObservation 5: Execution of line 19 reduces the applicable sets to 2, 3, 4, 5, 6, 7.\n\nStep 6: Terminal Condition Handling:\nAs recursion unwinds, `cur` reaching `n=4` triggers the base case return of 1 in the recursion (line 5), which ensures compliance with terminal conditions.\nObservation 6: Line 5 execution implies sets 2, 3, 4, 5, 6, 7 remain valid.\n\nStep 7: Final Output and Exiting:\nAfter processing all possibilities, the final result is printed (line 23). Execution of this line ensures the loop and function calls are completed, resulting in termination through line 23.\nObservation 7: Sets 2, 3, 4, 5, 6 with line 23 execution should remain applicable, but a more accurate elimination is needed.\n\nStep 8: Specific Path under Test Case:\nGiven the nature of the test case and the constraints, valid sequences excluding explicit AGC structures are respected across recursive calls, requiring broader coverage from the defined sets.\n\nFinal Code Coverage:  \nSet 3: Statements 1, 2, 3, 4, 12, 23, 13, 15, 17, 18, 19, 5, 6, 7, 8, 9, 10\n\nSet 3 ensures a comprehensive traversal of allowed sequences.",
                "response_time": 10.116831541061401,
                "input_tokens": 837,
                "output_tokens": 437
            },
            {
                "test_case_id": 2,
                "test_case_inputs": "Test Case Input:\n5\nACGT\nACGT\nACGT\nACGT\nACGT",
                "crispe_response": "To determine the appropriate set of statements covered by the given test case, we will analyze the execution path of the program step by step.\n\n### PLAN:\n**Step 1: Input and Initial Setup:**\n- The program begins by reading an integer input `n = 5`.\n- Initializes `mod = 10**9 + 7` and creates a `memo` list with `n+1` dictionaries.\n- The function `ok()` is defined but not executed immediately, and the recursive function `dfs()` is defined which includes memoization logic.\n- **Observation 1:** All possible sets of coverage include the execution of initialization and memoization setup which correspond to lines 1, 2, 3, and 4.\n\n**Step 2: Function Execution and Base Case in `dfs`:**\n- The `dfs` function is called with parameters `cur = 0` and `last3 = 'TTT'`.\n- Since `cur < n`, the base case is not triggered, so lines associated with memoization check (line 5) and the loop starting with `for c in 'ACGT'` (lines 15-19) are executed.\n- **Observation 2:** All sets include line 15 (the loop), but we can't eliminate any sets without further detail on loop execution and the `ok` function check.\n\n**Step 3: Inside the Loop for `c in 'ACGT'`:**\n- For each character `c` in 'ACGT', the program checks `ok(last3 + c)`.\n- **Considering sample input `ACGT` repeated**: For multiple iterations, assuming at least one combination makes `ok()` return False, and we will assume various recursive calls.\n\n**Step 4: Recursive Calls and Continuation:**\n- Recursive calls to `dfs(cur + 1, last3[1:] + c)` will populate `memo[cur][last3]` if okay.\n- Expect degrees of recursive depth but considering constraints, must track if any terminates early or hits base.\n\n**Step 5: Specific Execution in `ok(last4)` function:**\n- Since 'ACGT' is used, knowing a segment like 'TACG', or others will prompt unique outputs, where `ok()` can return False:\n  - Chains preventing memoization e.g., sample AGCT arrangement popping will engage specific statements in `ok`.\n- **Observation 3:** Only covers true paths through `ok`, indicating `Set 6` or `Set 7` considering idiomatic program flows but need details on inclusion of all recursive structures and exact loops engaged.\n\n**Step 6: `dfs` General Progression & Output:**\n- After reaching depth, `dfs()` results accumulate modulo `mod`, and print occurs:\n  - Execution corresponds to line 23 in the print statement after aggregating valid chain sequences.\n- **Final Observation 4:** `Set 6` seems minimal yet descriptive based on exclusions and prior assertions, especially logic flow avoiding unused print terminates.\n\n**FINAL CODE COVERAGE:**\nSet 6: Statements 1, 2, 3, 4, 12, 23, 13, 15, 17, 18, 19, 5, 6, 7, 9, 11",
                "response_time": 10.622411251068115,
                "input_tokens": 842,
                "output_tokens": 429
            }
        ],
        "serialized_code": "Line 1: n = int(input())\nLine 2: mod = 10 ** 9 + 7\nLine 3: memo = [{} for i in range(n + 1)]\nLine 4: def ok(last4):\nLine 5:     for i in range(4):\nLine 6:         t = list(last4)\nLine 7:         if i >= 1:\nLine 8:             t[i], t[i - 1] = t[i - 1], t[i]\nLine 9:         if ''.join(t).find('AGC') >= 0:\nLine 10:             return False\nLine 11:     return True\nLine 12: def dfs(cur, last3):\nLine 13:     if last3 in memo[cur]:\nLine 14:         return memo[cur][last3]\nLine 15:     if cur >= n:\nLine 16:         return 1\nLine 17:     ret = 0\nLine 18:     for c in 'ACGT':\nLine 19:         if ok(last3 + c):\nLine 20:             ret = (ret + dfs(cur + 1, last3[1:] + c)) % mod\nLine 21:     memo[cur][last3] = ret\nLine 22:     return ret\nLine 23: print(dfs(0, 'TTT'))\n",
        "test_case_id": "1"
    },
    {
        "submission_id": "s590015935",
        "methods_removed": 1,
        "methods_removed_names": [
            "ok"
        ],
        "number_of_calls": {
            "ok": 1
        },
        "lines_affected": {
            "ok": [
                11
            ]
        },
        "focc": [
            "Set 1: Statements 1, 2, 3, 4, 5, 6, 15",
            "Set 2: Statements 1, 2, 3, 4, 5, 7, 9, 10, 11, 15",
            "Set 3: Statements 1, 2, 3, 4, 5, 7, 9, 10, 11, 15",
            "Set 4: Statements 1, 2, 3, 4, 5, 7, 9, 10, 11, 15",
            "Set 5: Statements 1, 2, 3, 4, 5, 7, 9, 10, 11, 15",
            "Set 6: Statements 1, 2, 3, 4, 5, 7, 9, 10, 11, 15",
            "Set 7: Statements 1, 2, 3, 4, 5, 7, 9, 10, 11, 15",
            "Set 8: Statements 1, 2, 3, 4, 5, 7, 9, 10, 13, 14, 15",
            "Set 9: Statements 1, 2, 3, 4, 5, 7, 8, 15"
        ],
        "code": "n = int(input())\nmod = 10 ** 9 + 7\nmemo = [{} for i in range(n + 1)]\ndef dfs(cur, last3):\n    if last3 in memo[cur]:\n        return memo[cur][last3]\n    if cur >= n:\n        return 1\n    ret = 0\n    for c in 'ACGT':\n        if ok(last3 + c):\n            ret = (ret + dfs(cur + 1, last3[1:] + c)) % mod\n    memo[cur][last3] = ret\n    return ret\nprint(dfs(0, 'TTT'))",
        "test_cases": [
            {
                "test_case_id": 1,
                "test_case_inputs": "Test Case Input:\n4",
                "crispe_response": "To deduce the best set of statements applicable for the given test case, let's follow a structured reasoning process based on the provided Python program:\n\n**GIVEN PYTHON PROGRAM CODE:**\n```python\n1: n = int(input())\n2: mod = 10 ** 9 + 7\n3: memo = [{} for i in range(n + 1)]\n\n4: def dfs(cur, last3):\n5:     if last3 in memo[cur]:\n6:         return memo[cur][last3]\n7:     if cur >= n:\n8:         return 1\n9:     ret = 0\n10:    for c in 'ACGT':\n11:        if ok(last3 + c):\n12:            ret = (ret + dfs(cur + 1, last3[1:] + c)) % mod\n13:    memo[cur][last3] = ret\n14:    return ret\n\n15: print(dfs(0, 'TTT'))\n```\n\n**TEST CASE:**\nTest Case Input:\n4\n\n**POSSIBLE SETS OF CODE COVERAGE:**\n- **Set 1:** Statements 1, 2, 3, 4, 5, 6, 15\n- **Set 2:** Statements 1, 2, 3, 4, 5, 7, 9, 10, 11, 15\n- **Set 3:** Statements 1, 2, 3, 4, 5, 7, 9, 10, 11, 15\n- **Set 4:** Statements 1, 2, 3, 4, 5, 7, 9, 10, 11, 15\n- **Set 5:** Statements 1, 2, 3, 4, 5, 7, 9, 10, 11, 15\n- **Set 6:** Statements 1, 2, 3, 4, 5, 7, 9, 10, 11, 15\n- **Set 7:** Statements 1, 2, 3, 4, 5, 7, 9, 10, 11, 15\n- **Set 8:** Statements 1, 2, 3, 4, 5, 7, 9, 10, 13, 14, 15\n- **Set 9:** Statements 1, 2, 3, 4, 5, 7, 8, 15\n\n**PLAN:**\n\n**Step 1: Input and Initialization:**\nThe program starts by reading input `n = 4`. Subsequently, a `mod` value is set, and `memo` is initialized as a list of empty dictionaries, one for each index from 0 to `n`.\n- **Observation 1:** All sets include lines 1, 2, and 3 and are currently applicable.\n\n**Step 2: Function Declaration and Memoization Check:**\nThe `dfs` function is defined. The first check inside checks if `last3` is in `memo[cur]`.\n- **Observation 2:** All sets except for Set 9 include line 5. However, Set 9 is also part of the current execution path, as the memo might not contain `last3` initially for the default input. Thus, Set 9 remains under consideration.\n\n**Step 3: Base Case and Iteration Logic:**\nThe presence of base case logic `if cur >= n:` returning 1, and `for` loop iterating over 'ACGT', needs to be executed to consider sequence combinations.\n- **Observation 3:** Sets that omit this looping construct, namely Set 1, can be excluded as line 7 is not a valid stopping point in the current logic. Thus, Set 1 is unlikely and ruled out.\n\n**Step 4: Conditional and Recursive Calls:**\nWithin the loop, there's a condition `if ok(last3 + c):` and recursive call for the `dfs` function.\n- **Observation 4:** Lines 10 and 11 must execute, suggesting that Sets with missing lines here might not cover an iterative execution requiring recursion. However, without knowing specifics of `ok()`, we can't eliminate more sets yet.\n\n**Step 5: Memoization Storage and Return Statement:** \nThe computation `ret` is stored in `memo` and returned.\n- **Observation 5:** Line 13 and 14 execution could depend on when `ok()` returns true affecting the recursion. Sets without line 13 (such as Sets 2-7) might not have achieved memory retention and differences between Set 8 and others are noted here.\n\n**Step 6: Program Output:**\nThe function call outputs, suggesting the path it took which could affect inclusiveness of 13.\n- **Observation 6:** Set 8 includes line 13, covering all likely paths with line 14 returning, unlike sets 2 through 7 which are duplicates without line 13, suggesting broader coverage via optimized recursion/map storage.\n\n**FINAL CODE COVERAGE:**\nMost accurate fit considering line 13 is necessary based on indeterminate `ok()` recurrence\u2014therefore identifying:\n- **Set 8: Lines 1, 2, 3, 4, 5, 7, 9, 10, 13, 14, 15** (Given constraints best-fit coverage assuming `ok()` calls/returns certain evals).",
                "response_time": 19.727840662002563,
                "input_tokens": 768,
                "output_tokens": 640
            },
            {
                "test_case_id": 2,
                "test_case_inputs": "Test Case Input:\n5\nACGT\nACGT\nACGT\nACGT\nACGT",
                "crispe_response": "### PLAN:\n\n#### Step 1: Input Processing\n- The program begins by taking an integer input `n`, which represents the number of iterations. The provided test case input is `5`.\n- The variable `mod` is then set to `10^9 + 7`, and `memo` is initialized as a list of empty dictionaries, one for each value from `0` to `n`.\n- **Observation 1**: All sets of code coverage are applicable at this stage since they all include these initial statement lines (Statements 1, 2, and 3).\n\n#### Step 2: Define the `dfs` Function\n- The function `dfs` is defined with parameters `cur` and `last3`. This function is used to recursively calculate the return value.\n- **Observation 2**: All code coverage sets remain applicable as they include the function definition (Statements 4 and 5).\n\n#### Step 3: Memoization Check\n- Inside the `dfs` function, the first check is to see if `last3` is already in `memo[cur]`. Since initially all dictionaries in `memo` are empty, this check will not pass on the first call.\n- **Observation 3**: So, the execution will not return at this step, and the sets that would execute Statement 6 (return from memo) are less likely to be the primary path.\n\n#### Step 4: Base Case Check\n- If `cur` is greater than or equal to `n` (which is not the case initially as `cur=0` and `n=5`), the function returns `1`.\n- **Observation 4**: As the base case is not immediately relevant, the program will proceed further.\n\n#### Step 5: Iterating Over 'ACGT'\n- The loop iterates over each character in the string 'ACGT'. For each character, it checks if the combined string `last3+c` is valid using the `ok` function (assumed to be defined elsewhere based on logic outside the provided snippet).\n- **Observation 5**: Execution of the loop (Statements 7, 9, 10, and possibly Statement 11) is consistent with pursuing multiple recursive calls.\n\n#### Step 6: Recursive DFS Calls\n- For each valid `last3+c`, the program makes recursive calls to `dfs`, reducing `cur + 1` and shifting `last3` by adding `c`.\n- **Observation 6**: This suggests several recursive paths might be executed, but the specific coverage depends on the logic within the `ok` function and termination conditions.\n\n#### Step 7: Memoization Storage\n- After the loop, the computed result `ret` is stored in `memo[cur][last3]`.\n- **Observation 7**: Statement 13 involves writing to the memo dictionary, so sets that go through this step imply the function did not return early due to memoization.\n\n#### Step 8: Program Execution End\n- Finally, the result from `dfs(0, 'TTT')` is printed out.\n- **Observation 8**: All valid sequences of execution included printing the final result indicating the program's end (Statement 15).\n\n### FINAL CODE COVERAGE:\nBy analyzing the steps, the process naturally reduces considering recursive execution, memoization, and unique sequence termination. Assuming the given test case runs through all potential valid combinations and stores results in the memo, the most comprehensive set seems to involve statements in every recursive step, covering initiation, the loop, multiple calls, memo storage, and result output. Based on the assumptions on the unseen implementation of `ok`, the remaining deductions lead us to:\n\n**Set 8**: Statements 1, 2, 3, 4, 5, 7, 9, 10, 13, 14, 15",
                "response_time": 21.84036612510681,
                "input_tokens": 773,
                "output_tokens": 539
            }
        ],
        "serialized_code": "Line 1: n = int(input())\nLine 2: mod = 10 ** 9 + 7\nLine 3: memo = [{} for i in range(n + 1)]\nLine 4: def dfs(cur, last3):\nLine 5:     if last3 in memo[cur]:\nLine 6:         return memo[cur][last3]\nLine 7:     if cur >= n:\nLine 8:         return 1\nLine 9:     ret = 0\nLine 10:     for c in 'ACGT':\nLine 11:         if ok(last3 + c):\nLine 12:             ret = (ret + dfs(cur + 1, last3[1:] + c)) % mod\nLine 13:     memo[cur][last3] = ret\nLine 14:     return ret\nLine 15: print(dfs(0, 'TTT'))\n",
        "test_case_id": "2"
    }
]