[
    {
        "submission_id": "s557811536",
        "methods_removed": 0,
        "methods_removed_names": [],
        "number_of_calls": {},
        "lines_affected": {},
        "focc": [
            "Set 1: Statements 1, 2, 3, 4, 5, 6, 7, 8, 9, 10, 11, 12, 13, 14, 15, 16, 17, 18, 19",
            "Set 2: Statements 1, 2, 3, 4, 5, 6, 7, 8, 9, 10, 11, 12, 13, 14, 15, 16, 17, 19",
            "Set 3: Statements 1, 2, 3, 4, 5, 6, 7, 8, 9, 10, 11, 12, 13, 14, 15, 17, 18, 19",
            "Set 4: Statements 1, 2, 3, 4, 5, 6, 7, 8, 9, 10, 11, 12, 13, 14, 15, 17, 19",
            "Set 5: Statements 1, 2, 3, 4, 5, 6, 7, 8, 9, 10, 11, 12, 13, 14, 17, 18, 19",
            "Set 6: Statements 1, 2, 3, 4, 5, 6, 7, 8, 9, 10, 11, 12, 13, 14, 17, 19",
            "Set 7: Statements 1, 2, 3, 4, 5, 10, 11, 12, 13, 14, 15, 16, 17, 18, 19",
            "Set 8: Statements 1, 2, 3, 4, 5, 10, 11, 12, 13, 14, 15, 16, 17, 19",
            "Set 9: Statements 1, 2, 3, 4, 5, 10, 11, 12, 13, 14, 15, 17, 18, 19",
            "Set 10: Statements 1, 2, 3, 4, 5, 10, 11, 12, 13, 14, 15, 17, 19",
            "Set 11: Statements 1, 2, 3, 4, 5, 10, 11, 12, 13, 14, 17, 18, 19",
            "Set 12: Statements 1, 2, 3, 4, 5, 10, 11, 12, 13, 14, 17, 19"
        ],
        "code": "h,w,n=map(int,input().split())\nH=[0]*h\nW=[0]*w\nL=[(0,0)]*n\nfor i in range(n):\n    a,b=map(int,input().split())\n    L[i]=(a,b)\n    H[a-1]+=1\n    W[b-1]+=1\nh_max=max(H)\nw_max=max(W)\nans=h_max+w_max\ncnt=0\nfor l in L:\n    if H[l[0]-1]==h_max and W[l[1]-1]==w_max:\n        cnt+=1\nif H.count(h_max)*W.count(w_max)==cnt:\n    ans-=1\nprint(ans)",
        "test_cases": [
            {
                "test_case_id": 1,
                "test_case_inputs": "Test Case Input:\n4 3 5\n1 1\n3 2\n2 1\n4 2\n1 3",
                "crispe_response": "To determine the set of statements that will be covered by the given test case, we'll go through the program and the test case step by step:\n\n### GIVEN TEST CASE\nTest Case Input:  \n```\n4 3 5  \n1 1  \n3 2  \n2 1  \n4 2  \n1 3\n```\n\n**PLAN:**\n\n**Step 1: Initial Setup**\n\n- The program begins by reading the input `h`, `w`, `n`, which are 4, 3, and 5 respectively. This input is processed in line 1.  \n- Lists `H`, `W`, and `L` are initialized in lines 2 and 3.  \n\n**Observation 1**: All sets include lines 1, 2, and 3.\n\n**Step 2: Processing Coordinates**\n\n- The program proceeds with the `for` loop over `n` (5 iterations), located in lines 4-11. In each iteration, values for `a` and `b` are read and stored in `L`. Additionally, the counts in `H` and `W` are updated based on the given coordinates.  \n    - First Iteration (1, 1):  \n      - Updates `H[0]` and `W[0]`.  \n    - Second Iteration (3, 2):  \n      - Updates `H[2]` and `W[1]`.  \n    - Third Iteration (2, 1):  \n      - Updates `H[1]` and `W[0]`.  \n    - Fourth Iteration (4, 2):  \n      - Updates `H[3]` and `W[1]`.  \n    - Fifth Iteration (1, 3):  \n      - Updates `H[0]` and `W[2]`.  \n\n**Observation 2**: All sets include lines 4 to 11.\n\n**Step 3: Maximum Values**\n\n- Lines 12 and 13 compute `h_max` (maximum of H) and `w_max` (maximum of W). \n- Now `h_max` is 2 and `w_max` is 2.\n\n**Observation 3**: All sets include lines 12 and 13.\n\n**Step 4: Calculate `ans` and `cnt`**\n\n- Line 14 initializes `ans` as the sum of `h_max` and `w_max`, resulting in 4.\n- Line 15 initializes `cnt` as 0.\n\n**Observation 4**: All sets include lines 14 and 15.\n\n**Step 5: Counting Full Matches**\n\n- Line 16 starts a `for` loop iterating over `L`.\n- Inside the loop on lines 17 and 18, it checks if both `H[l[0]-1]` and `W[l[1]-1]` are equal to their respective maxima. Here, the statements are evaluated but may not execute the increment depending on conditions:\n    - None of the pair in L has both `h_max` and `w_max`.\n    - So, `cnt` remains 0.\n\n**Observation 5**: Sets 4, 6, 10, and 12 can be eliminated because `cnt` is not incremented (line 18 is not executed). Sets 1, 3, 5, 7, 9, and 11 remain.\n\n**Step 6: Final Calculation of `ans`**\n\n- Line 19 checks if the product of occurrences of `h_max` and `w_max` equals `cnt`. If it does, `ans` is decremented by 1. In this case, no decrement is performed because `cnt = 0`.\n\n**Observation 6**: Sets 3, 5, 7, 9, and 11 can be eliminated because `ans` is not decremented (line 19 executes but doesn't fulfill the condition). Set 1 remains.\n\n**FINAL CODE COVERAGE:**\nSet 1: Statements 1, 2, 3, 4, 5, 6, 7, 8, 9, 10, 11, 12, 13, 14, 15, 16, 17, 18, 19",
                "response_time": 28.501647472381592,
                "input_tokens": 851,
                "output_tokens": 474
            },
            {
                "test_case_id": 2,
                "test_case_inputs": "Test Case Input:\n2 2 2\n1 1\n2 2",
                "crispe_response": "PLAN:\n\nStep 1: Input Processing:\nThe program starts by reading the dimensions `h`, `w`, and the number of pairs `n`. Then, it initializes lists `H`, `W`, and `L`. For the test case inputs `2 2 2`, first two lists `H` and `W` are initialized as `[0, 0]` each, and list `L` is initialized as `[(0, 0), (0, 0)]`.\nObservation 1: All sets of code coverage are applicable as they include statements 1 to 4 for the input handling.\n\nStep 2: Processing of pairs:\nThe loop starts reading pairs and updates the lists. For `1 1`, it updates `H[0]` and `W[0]`, and for `2 2`, it updates `H[1]` and `W[1]`. The list `L` will now be `[(1, 1), (2, 2)]`, `H` becomes `[1, 1]` and `W` becomes `[1, 1]`.\nObservation 2: All sets of coverage remain applicable, as they all include statements 5 to 9.\n\nStep 3: Calculating `h_max`, `w_max`, and initial `ans`:\n`h_max` and `w_max` are calculated as `1`, and `ans` is computed as `2` (since `h_max + w_max = 1 + 1 = 2`).\nObservation 3: All sets of coverage remain applicable as they include statements 10 to 12.\n\nStep 4: Looping through list `L`:\nIt checks each element in `L` to find where both conditions `H[l[0]-1] == h_max` and `W[l[1]-1] == w_max` are true. Here, both pairs `(1, 1)` and `(2, 2)` satisfy these conditions, so `cnt` becomes `2`.\nObservation 4: All sets of coverage remain applicable as they include statements 13 to 16.\n\nStep 5: Checking and potentially altering `ans`:\nThe condition `H.count(h_max) * W.count(w_max) == cnt` becomes true (`2 * 2 == 2`), so `ans` is reduced by `1`, making it `1`.\nObservation 5: Statements 17 and 18 will execute, hence eliminating sets that do not include both statements. Applicable sets are 1, 3, 5, 7, 9, and 11.\n\nStep 6: Printing the answer:\nThe answer `1` is printed.\nObservation 6: All applicable sets include the final statement 19 for printing, confirming their validity.\n\nFINAL CODE COVERAGE:\nSet 1: Statements 1, 2, 3, 4, 5, 6, 7, 8, 9, 10, 11, 12, 13, 14, 15, 16, 17, 18, 19",
                "response_time": 9.076970100402832,
                "input_tokens": 845,
                "output_tokens": 353
            }
        ],
        "serialized_code": "Line 1: h,w,n=map(int,input().split())\nLine 2: H=[0]*h\nLine 3: W=[0]*w\nLine 4: L=[(0,0)]*n\nLine 5: for i in range(n):\nLine 6:     a,b=map(int,input().split())\nLine 7:     L[i]=(a,b)\nLine 8:     H[a-1]+=1\nLine 9:     W[b-1]+=1\nLine 10: h_max=max(H)\nLine 11: w_max=max(W)\nLine 12: ans=h_max+w_max\nLine 13: cnt=0\nLine 14: for l in L:\nLine 15:     if H[l[0]-1]==h_max and W[l[1]-1]==w_max:\nLine 16:         cnt+=1\nLine 17: if H.count(h_max)*W.count(w_max)==cnt:\nLine 18:     ans-=1\nLine 19: print(ans)\n",
        "test_case_id": "1"
    }
]