[
    {
        "submission_id": "s283499344",
        "methods_removed": 0,
        "methods_removed_names": [],
        "number_of_calls": {},
        "lines_affected": {},
        "focc": [
            "Set 1: Statements 1, 2, 3, 4",
            "Set 2: Statements 1, 2, 5, 6, 7",
            "Set 3: Statements 1, 2, 5, 9, 10"
        ],
        "code": "A,B,C,K=map(int,input().split())\nif A>=K:\n    print(K)\n    exit()\nelif A+B>=K:\n    print(A)\n    exit()\nelse:\n    print(A-(K-A-B))\n    exit()",
        "test_cases": [
            {
                "test_case_id": 1,
                "test_case_inputs": "Test Case Input:\n5 5 10",
                "crispe_response": "To determine the code coverage for the given program with the provided test case, we will analyze each step of the code execution:\n\n### PROGRAM ANALYSIS\n```python\nA, B, C, K = map(int, input().split())\nif A >= K:\n    print(K)\n    exit()\nelif A + B >= K:\n    print(A)\n    exit()\nelse:\n    print(A - (K - A - B))\n    exit()\n```\n\n### TEST CASE\n**Input:** `5 5 10`\n\n### POSSIBLE CODE COVERAGE SETS\n1. Set 1: Statements 1, 2, 3, 4\n2. Set 2: Statements 1, 2, 5, 6, 7\n3. Set 3: Statements 1, 2, 5, 9, 10\n\n### STEP-BY-STEP REASONING\n\n**Step 1: Input Processing**\n\n- **Execution:** The program starts by taking input and splitting it into four integers `A`, `B`, `C`, and `K`. Given the test input `5 5 10`, the values are `A = 5`, `B = 5`, `C = 10`, and `K = 10`.\n- **Covered Statements:** Only statement 1 is executed because it includes the input processing part.\n- **Observation 1:** All sets of code coverage include statement 1, so none can be eliminated at this point.\n\n**Step 2: Evaluating First Condition (A >= K)**\n\n- **Execution:** The first conditional check `if A >= K:` translates to `if 5 >= 10:`, which is false.\n- **Observation 2:** Since the condition is false, the program does not execute statements 3 or 4. This eliminates Set 1 because Set 1 includes statements 3 and 4.\n\n**Step 3: Evaluating Second Condition (A + B >= K)**\n\n- **Execution:** The second condition `elif A + B >= K:` translates to `elif 5 + 5 >= 10:`, which is true.\n- **Covered Statements:** The true condition results in the execution of statements 5, 6, and 7, where `A` is printed, and the program exits.\n- **Observation 3:** Both Set 2 and Set 3 include statement 5, but only Set 2 includes subsequent statements 6 and 7. Set 3 anticipates skipping to statement 9, so it can be eliminated.\n\n**Step 4: End of Program**\n\n- **Execution:** Since the second condition was true, the program has already exited after printing `A`. \n- **Covered Statements:** Only statements 1, 2, 5, 6, and 7 are covered.\n\n### FINAL CODE COVERAGE\n- **Set 2:** Statements 1, 2, 5, 6, 7\n\nThe code coverage for the provided test case fits Set 2, as statements matching the logic flow of conditions and exits given in the input are executed accordingly.",
                "response_time": 7.074880599975586,
                "input_tokens": 634,
                "output_tokens": 400
            },
            {
                "test_case_id": 2,
                "test_case_inputs": "Test Case Input:\n0 0 0 0",
                "crispe_response": "To determine the best set of statements covered by the given test case, let's go through the step-by-step reasoning process:\n\n### Given Program:\n```python\nA, B, C, K = map(int, input().split())\nif A >= K:\n    print(K)\n    exit()\nelif A + B >= K:\n    print(A)\n    exit()\nelse:\n    print(A - (K - A - B))\n    exit()\n```\n\n### Test Case Input:\n`0 0 0 0`\n\n### Possible Sets of Code Coverage:\n- **Set 1:** Statements 1, 2, 3, 4\n- **Set 2:** Statements 1, 2, 5, 6, 7\n- **Set 3:** Statements 1, 2, 5, 9, 10\n\n### Step-by-Step Reasoning and Findings:\n\n**Step 1: Input Processing**\n- The user provides input `0 0 0 0`, which corresponds to `A = 0`, `B = 0`, `C = 0`, `K = 0`.\n- All sets of code coverage start with executing statement 1, which is `A, B, C, K = map(int, input().split())`.\n- **Observation 1:** All sets (1, 2, and 3) include statement 1.\n\n**Step 2: Checking the First Condition**\n- The first `if` condition `if A >= K` translates to `if 0 >= 0`, which is `True`.\n- Since the condition is met, statement 2 `print(K)` is executed, outputting `0`.\n- The program then exits as per `exit()` statement.\n- **Observation 2:** Only Set 1 includes statements 2, 3, and 4, which are consistent with this execution.\n\n**Step 3: Final Observations**\n- Given the test case and the flow of the program:\n  - The first condition `A >= K` is true, so the subsequent `elif` and `else` conditions are not evaluated.\n  - This means statements 5, 6, 7, 9, and 10 are not executed.\n- **Final Conclusion:** Set 1 is the only set that accurately reflects the execution path of the program with the given test case input.\n\n### Final Code Coverage:\n**Set 1:** Statements 1, 2, 3, 4",
                "response_time": 7.825899124145508,
                "input_tokens": 635,
                "output_tokens": 306
            }
        ],
        "serialized_code": "Line 1: A,B,C,K=map(int,input().split())\nLine 2: if A>=K:\nLine 3:     print(K)\nLine 4:     exit()\nLine 5: elif A+B>=K:\nLine 6:     print(A)\nLine 7:     exit()\nLine 8: else:\nLine 9:     print(A-(K-A-B))\nLine 10:     exit()\n",
        "test_case_id": "1"
    }
]