[
    {
        "submission_id": "s868655434",
        "methods_removed": 0,
        "methods_removed_names": [],
        "number_of_calls": {},
        "lines_affected": {},
        "focc": [
            "Set 1: Statements 1, 2, 3, 4, 24, 25, 5, 6, 9, 10, 11, 12, 13, 14, 15, 16, 23",
            "Set 2: Statements 1, 2, 3, 4, 24, 25, 5, 6, 9, 10, 11, 12, 13, 14, 18, 19, 20, 21, 22, 23",
            "Set 3: Statements 1, 2, 3, 4, 24, 25, 5, 6, 9, 10, 11, 12, 13, 23",
            "Set 4: Statements 1, 2, 3, 4, 24, 25, 5, 6, 7, 8, 9, 10, 11, 12, 13, 14, 15, 16, 23",
            "Set 5: Statements 1, 2, 3, 4, 24, 25, 5, 6, 7, 8, 9, 10, 11, 12, 13, 14, 18, 19, 20, 21, 22, 23",
            "Set 6: Statements 1, 2, 3, 4, 24, 25, 5, 6, 7, 8, 9, 10, 11, 12, 13, 23"
        ],
        "code": "import sys\nread = sys.stdin.read\nreadlines = sys.stdin.readlines\ndef main():\n    k = int(input())\n    if k % 2 == 0 or k % 5 == 0:\n        print(-1)\n        sys.exit()\n    p = 7\n    plus = 7\n    amari = set()\n    r = 1\n    while (p % k) != 0:\n        if p in amari:\n            print(r, -1, p)\n            sys.exit()\n        else:\n            amari.add(p)\n            plus = (plus * 10) % k\n            p += plus\n            p = p % k\n            r += 1\n    print(r)\nif __name__ == '__main__':\n    main()",
        "test_cases": [
            {
                "test_case_id": 1,
                "test_case_inputs": "Test Case Input:\n10",
                "crispe_response": "PLAN:\n\nStep 1: Input Reading\nThe program begins by importing modules and defining input functions but starts actual processing at statement 4 where it reads the input number `k`. Since the test case inputs the number 10, statement 5 is executed to convert it into an integer.\nObservation 1: All sets of code coverage include statements 4 and 5 as these are part of the initial input reading and conversion operations.\n\nStep 2: Initial Condition Check\nThe condition `if k % 2 == 0 or k % 5 == 0:` is checked at statement 6. Since the input number 10 is divisible by both 2 and 5, this condition evaluates as True. The subsequent action is printing `-1` and exiting the program using `sys.exit()` (statement 7 and 8), without proceeding further in the `main()` function.\nObservation 2: Only Sets 4, 5, and 6 include statement 7 and 8, which are applicable since the program exits right after these steps.\n\nStep 3: Main Loop and Additional Conditions\nSince the program exits at Step 2, the subsequent parts (statements from 9 to 23) in the `main()` function are never executed. These include the while loop and any conditions and operations therein.\nObservation 3: Sets 1, 2, 3, 5, and 6, which include statements beyond 8, are not applicable. Only Set 4 includes the early exit sequence after statement 8.\n\nFINAL CODE COVERAGE:\nSet 4: Statements 1, 2, 3, 4, 24, 25, 5, 6, 7, 8, 9, 10, 11, 12, 13, 14, 15, 16, 23",
                "response_time": 5.689504623413086,
                "input_tokens": 799,
                "output_tokens": 252
            },
            {
                "test_case_id": 2,
                "test_case_inputs": "Test Case Input:\n2\n2\n2",
                "crispe_response": "## PLAN:\n\n**Step 1: Input Processing:**\n\nThe given program starts by accepting an integer input `k`. According to the test case provided, the input is `2`. This indicates that the relevant statements executed initially include line numbers related to the input functionality and assignment of `k`.\n\n**Observation 1:** All sets of code coverage include statements related to initial input reading. Statements 1, 2, 3, 4, 24, and 25 are executed for obtaining the input and calling the `main` function.\n\n---\n\n**Step 2: Checking Divisibility Conditions:**\n\nThe program checks if `k` is divisible by `2` or `5` using the condition `if k % 2 == 0 or k % 5 == 0`. For `k = 2` (test case input), this condition is `True` because `2 % 2 == 0`.\n\n**Observation 2:** Since the condition becomes true, the program executes the corresponding block which contains `sys.exit()`. This will execute statements 5 and 6. At this point, we know that the execution will not proceed further into the `while` loop or any of the latter calculations.\n\n- Therefore, no further iterations or calculations involving statements 9 through 22 will take place.\n  \n- **Applicable Sets:** Set 3 and Set 6 are relevant here because they both testify execution halting after checking the divisibility. Both of these sets include the statements executed up to this point: 1, 2, 3, 4, 24, 25, 5, 6, 9, 10, 11, 12, 13, and 23. \n\n- However, only Set 3 is accurate up to line 13 and doesn't add any erroneous or non-applicable statement checks.\n\n---\n\n**Step Final: Determining Code Coverage:**\n\nGiven the current input, the only aspects executed are initial input reading and an early program exit due to the divisibility condition. Other logical checks and subsequent computations in the `while` loop and additional output checking lines are not reached.\n\n- **Observation Final:** Based solely on the exclusion of further execution, the correct set of statements covered is Set 3.\n\n\n## FINAL CODE COVERAGE:\n\n**Set 3:** Statements 1, 2, 3, 4, 24, 25, 5, 6, 9, 10, 11, 12, 13, 23",
                "response_time": 6.945896148681641,
                "input_tokens": 801,
                "output_tokens": 343
            }
        ],
        "serialized_code": "Line 1: import sys\nLine 2: read = sys.stdin.read\nLine 3: readlines = sys.stdin.readlines\nLine 4: def main():\nLine 5:     k = int(input())\nLine 6:     if k % 2 == 0 or k % 5 == 0:\nLine 7:         print(-1)\nLine 8:         sys.exit()\nLine 9:     p = 7\nLine 10:     plus = 7\nLine 11:     amari = set()\nLine 12:     r = 1\nLine 13:     while (p % k) != 0:\nLine 14:         if p in amari:\nLine 15:             print(r, -1, p)\nLine 16:             sys.exit()\nLine 17:         else:\nLine 18:             amari.add(p)\nLine 19:             plus = (plus * 10) % k\nLine 20:             p += plus\nLine 21:             p = p % k\nLine 22:             r += 1\nLine 23:     print(r)\nLine 24: if __name__ == '__main__':\nLine 25:     main()\n",
        "test_case_id": "1"
    }
]