[
    {
        "submission_id": "s027497869",
        "methods_removed": 0,
        "methods_removed_names": [],
        "number_of_calls": {},
        "lines_affected": {},
        "focc": [
            "Set 1: Statements 1, 2, 3, 4, 5, 6, 8, 9, 10",
            "Set 2: Statements 1, 2, 3, 4, 5, 6, 13"
        ],
        "code": "N, X = list(map(int, input().split()))\nl = list(map(int, input().split()))\nD=0\ni=0\nc=0\nwhile D <= X:\n    try:\n        c+=1\n        D+=l[i]\n        i+=1\n    except IndexError:\n        break\nprint(c)",
        "test_cases": [
            {
                "test_case_id": 1,
                "test_case_inputs": "Test Case Input:\n3 10\n1 2 3",
                "crispe_response": "To determine the set of statements covered by the given test case in the provided Python program, let's analyze each step of the code execution with the given input and eliminate non-applicable sets of code coverage.\n\n**GIVEN PYTHON PROGRAM**:\n```python\nN, X = list(map(int, input().split()))\nl = list(map(int, input().split()))\nD=0\ni=0\nc=0\nwhile D <= X:\n    try:\n        c+=1\n        D+=l[i]\n        i+=1\n    except IndexError:\n        break\nprint(c)\n```\n\n**Test Case Input:**\n```\n3 10\n1 2 3\n```\n\n**Possible Sets of Code Coverage:**\n- Set 1: Statements 1, 2, 3, 4, 5, 6, 8, 9, 10\n- Set 2: Statements 1, 2, 3, 4, 5, 6, 13\n\n**Step-by-Step Reasoning:**\n\n**Step 1: Processing Input Values:**\n- The program begins with reading two numbers, `N` and `X`, from the input. In this test case, `N = 3` and `X = 10`. This operation corresponds to line 1.\n- The input list `l` is also read and processed via `map(int, input().split())`, resulting in `l = [1, 2, 3]`. This operation corresponds to line 2.\n- **Observation 1:** Both sets 1 and 2 are applicable since they include lines 1 and 2.\n\n**Step 2: Initialization:**\n- Variables `D`, `i`, and `c` are initialized to 0, which corresponds to lines 3 and 4.\n- **Observation 2:** Both sets 1 and 2 are still applicable as they include lines 3 and 4.\n\n**Step 3: Entering the While Loop:**\n- The condition for the while loop `D <= X` is checked. Initially, `D = 0`, so the loop is entered. This corresponds to line 5.\n- **Observation 3:** Both sets remain applicable as they include line 5.\n\n**Step 4: First Iteration of the While Loop:**\n- Inside the try block, `c` is incremented to 1 (line 6), `D` becomes 1 after adding the first element `l[0]` (line 7), and `i` is incremented to 1 (line 8).\n- The condition of the while loop is checked again: `D = 1 <= 10`, so the loop continues.\n- **Observation 4:** Both sets 1 and 2 are applicable as they include lines 6, 7, and 8.\n\n**Step 5: Second Iteration of the While Loop:**\n- `c` is incremented to 2 (line 6), `D` becomes 3 after adding `l[1]` (line 7), and `i` is incremented to 2 (line 8).\n- The condition of the while loop is checked again: `D = 3 <= 10`, so the loop continues.\n- **Observation 5:** Both sets 1 and 2 are applicable because they include lines 6, 7, and 8.\n\n**Step 6: Third Iteration of the While Loop:**\n- `c` is incremented to 3 (line 6), `D` becomes 6 after adding `l[2]` (line 7), and `i` is incremented to 3 (line 8).\n- The condition of the while loop is checked again: `D = 6 <= 10`, so the loop continues.\n- **Observation 6:** Both sets remain applicable as they include lines 6, 7, and 8.\n\n**Step 7: Attempting Fourth Iteration of the While Loop:**\n- When trying to access `l[3]`, an `IndexError` will occur since `l` only has three elements (`l[0]`, `l[1]`, `l[2]`). This causes the program to break out of the loop. The exception handling corresponds to lines 9 and 10.\n- **Observation 7:** Only Set 1 includes the `except` block with statements for handling the `IndexError`.\n\n**Step 8: End of Program:**\n- The program prints the final value of `c`, which is 3. This corresponds to line 13.\n- **Observation 8:** Only Set 2 includes line 13 for printing the final count `c`.\n\n**FINAL CODE COVERAGE:**\nSet 1: The final step indicates the end of the loop due to the IndexError and corresponds to the first set, which correctly includes the handling logic. However, since we are looking for the logic that includes the final print statement, Set 2 (which includes the print line) is the applicable set based on this final step.\n\nThus, the determined code coverage for the given test case is **Set 2: Statements 1, 2, 3, 4, 5, 6, 13**.",
                "response_time": 36.236353158950806,
                "input_tokens": 648,
                "output_tokens": 659
            },
            {
                "test_case_id": 2,
                "test_case_inputs": "Test Case Input:\n0 0",
                "crispe_response": "Let's analyze the given program step by step using the provided test case and determine the applicable set of code coverage.\n\n**PLAN:**\n\n**Step 1: Input Processing**\n- The program begins by taking input for `N` and `X` and a list `l`. The test case provides `0 0` for `N` and `X`, meaning `N=0` and `X=0`. Since there are no numbers provided for the list `l`, it will be an empty list.\n- Execution starts with line 1 to process input values for `N` and `X`, and line 2 to attempt building the list `l`.\n- **Observation 1:** Both sets of code coverage start with statements 1 and 2, so both are still applicable.\n\n**Step 2: Variable Initialization**\n- On executing line 3, `D` is initialized to 0, line 4 initializes `i` to 0, and line 5 initializes `c` to 0.\n- **Observation 2:** Both sets include statements 3, 4, and 5, so they are still applicable.\n\n**Step 3: Entering the While Loop**\n- The while loop condition `D <= X` (0 <= 0) is true, allowing entry into the while loop (line 6).\n- **Observation 3:** Both sets of code coverage account for the execution of the while loop starting with line 6, so both sets are still applicable.\n\n**Step 4: Attempt to Execute Statements within While Loop**\n- The first operation inside the loop attempts to increment `c` by 1 (line 7).\n- An attempt is then made to add `l[i]` to `D` (line 8), but since `l` is an empty list, an `IndexError` will be raised when trying to access `l[0]`.\n- As a result, the program execution moves to the `except` block (line 10), and exits the loop via the `break` statement.\n- **Observation 4:** \n  - Set 1 includes the execution of all these lines (1, 2, 3, 4, 5, 6, 8, 9, 10) but not all of them have been executed.\n  - Set 2 accounts for the execution of lines (1, 2, 3, 4, 5, 6, 13 with a possible fault as loop statements do not match), but does not match the final print statement which should have been specifically printed. \n\n**Step 5: Print `c`**\n- Upon exiting the while loop, there is final statement to print the value of `c` (which was incremented to 1 before the exception).\n- However, specific statement 13 mentioned under Set 2 does not account for a correct line output matching. More steps expected in between.\n- **Observation 5:** \n  - Set 1 accounts for reaching an `IndexError` and executing the appropriate `except` block and final print line, but haven't been fully enumerated correctly.\n  - Set 2 configuration does not possibly account for complete execution and logical constructs of final imprinting. \n\n**FINAL CODE COVERAGE:**\nGiven the above steps and observations, the test case directly results in an `IndexError` when trying to access elements from an empty list, leading to the execution of the `except` block. Thus, we can conclude that Set 1 aligns more with the intended behavior:\nSet 1: Statements 1, 2, 3, 4, 5, 6, 8, 9, 10",
                "response_time": 11.106030464172363,
                "input_tokens": 645,
                "output_tokens": 509
            }
        ],
        "serialized_code": "Line 1: N, X = list(map(int, input().split()))\nLine 2: l = list(map(int, input().split()))\nLine 3: D=0\nLine 4: i=0\nLine 5: c=0\nLine 6: while D <= X:\nLine 7:     try:\nLine 8:         c+=1\nLine 9:         D+=l[i]\nLine 10:         i+=1\nLine 11:     except IndexError:\nLine 12:         break\nLine 13: print(c)\n",
        "test_case_id": "1"
    }
]