[
    {
        "submission_id": "s640366106",
        "methods_removed": 0,
        "methods_removed_names": [],
        "number_of_calls": {},
        "lines_affected": {},
        "focc": [
            "Set 1: Statements 1, 20",
            "Set 2: Statements 1, 20, 22, 23"
        ],
        "code": "def function(a,b,c,d,e):\n\tA=[a,b,c,d,e]\n\tA.sort()\n\tif A[0]==A[3] or A[1]==A[4]:\n\t\tprint(\"four card\")\n\telif (A[0]==A[1] and A[2]==A[4]) or (A[0]==A[2] and A[3]==A[4]):\n\t\tprint(\"full house\")\n\telif A[0]==A[2] or A[1]==A[3] or A[2]==A[4]:\n\t\tprint(\"three card\")\n\telif (A[0]==A[1] and A[2]==A[3]) or (A[0]==A[1] and A[3]==A[4]) or (A[1]==A[2] and A[3]==A[4]):\n\t\tprint(\"two pair\")\n\telif A[0]==A[1] or A[1]==A[2] or A[2]==A[3] or A[3]==A[4]:\n\t\tprint(\"one pair\")\n\telif A==[1,10,11,12,13]:\n\t\tprint(\"straight\")\n\telif A[0]==A[1]-1==A[2]-2==A[3]-3==A[4]-4:\n\t\tprint(\"straight\")\n\telse:\n\t\tprint(\"null\")\nwhile True:\n\ttry:\n\t\ta,b,c,d,e=map(int,input().split(','))\n\t\tfunction(a,b,c,d,e)\n\texcept EOFError:\n\t\tbreak",
        "test_cases": [
            {
                "test_case_id": 1,
                "test_case_inputs": "Test Case Input:\n1, 2, 3, 4, 5",
                "crispe_response": "To determine the code coverage for the test case input \"1, 2, 3, 4, 5\", we'll go through the provided program step-by-step and identify which lines of code are executed. Given possible sets of code coverage are:\n\n- Set 1: Statements 1, 20\n- Set 2: Statements 1, 20, 22, 23\n\n### PLAN:\n\n**Step 1: Input Processing**\n- The program reads values input by the user in a loop until EOF is encountered. For this test case, we're providing the input \"1, 2, 3, 4, 5\".\n- The numbers are read and mapped to integers, corresponding to the variables `a`, `b`, `c`, `d`, `e`.\n- Since the loop and input processing (line 20) will always be executed to get to the function call, we can conclude that line 20 is executed.\n  \n**Observation 1:**\n- Both Set 1 and Set 2 include line 20.\n\n**Step 2: Sorting and Function Execution**\n- The function `function(a, b, c, d, e)` is called with the inputs 1, 2, 3, 4, 5.\n- These inputs are formed into a list `A` which gets sorted. The sorted list `A` now equals [1, 2, 3, 4, 5].\n\n**Step 3: Condition Checks**\n- The function executes the conditions in the following order:\n\n  1. Check for \"four card\": The condition `A[0] == A[3] or A[1] == A[4]` will not hold since all elements are different.\n  2. Check for \"full house\": Conditions `(A[0] == A[1] and A[2] == A[4]) or (A[0] == A[2] and A[3] == A[4])` are not satisfied.\n  3. Check for \"three card\": Conditions `A[0] == A[2]`, `A[1] == A[3]`, or `A[2] == A[4]` are not satisfied.\n  4. Check for \"two pair\": Conditions `(A[0] == A[1] and A[2] == A[3])` or `(A[0] == A[1] and A[3] == A[4])` or `(A[1] == A[2] and A[3] == A[4])` are not satisfied.\n  5. Check for \"one pair\": Conditions `A[0] == A[1]`, `A[1] == A[2]`, `A[2] == A[3]`, or `A[3] == A[4]` are not satisfied.\n  6. Check for \"straight\": The condition `A[0]==A[1]-1==A[2]-2==A[3]-3==A[4]-4` holds true.\n\n- The program prints \"straight\" because the numbers 1, 2, 3, 4, 5 form a sequential series.\n\n**Step 4: Print Statement Execution**\n- `print(\"straight\")` is executed before the loop potentially resumes for more input.\n\n**Observation 2:**\n- Only Set 2 includes the extra steps needed to exit conditions and print, hence Set 2 is applicable.\n\n### FINAL CODE COVERAGE:\n- **Set 2: Statements 1, 20, 22, 23** - This set correctly accounts for the line that gets executed, including the special straight condition. Set 2 reflects the execution path for input \"1, 2, 3, 4, 5\" leading to the \"straight\" output.",
                "response_time": 12.989928483963013,
                "input_tokens": 682,
                "output_tokens": 433
            },
            {
                "test_case_id": 2,
                "test_case_inputs": "Test Case Input:\n5,5,5,5,5",
                "crispe_response": "To determine the best set of code coverage for the given program and test case, we will follow a step-by-step reasoning similar to the provided example.\n\n### Given Python Program\n```python\ndef function(a, b, c, d, e):\n    A = [a, b, c, d, e]\n    A.sort()\n    if A[0] == A[3] or A[1] == A[4]:\n        print(\"four card\")\n    elif (A[0] == A[1] and A[2] == A[4]) or (A[0] == A[2] and A[3] == A[4]):\n        print(\"full house\")\n    elif A[0] == A[2] or A[1] == A[3] or A[2] == A[4]:\n        print(\"three card\")\n    elif (A[0] == A[1] and A[2] == A[3]) or (A[0] == A[1] and A[3] == A[4]) or (A[1] == A[2] and A[3] == A[4]):\n        print(\"two pair\")\n    elif A[0] == A[1] or A[1] == A[2] or A[2] == A[3] or A[3] == A[4]:\n        print(\"one pair\")\n    elif A == [1, 10, 11, 12, 13]:\n        print(\"straight\")\n    elif A[0] == A[1] - 1 == A[2] - 2 == A[3] - 3 == A[4] - 4:\n        print(\"straight\")\n    else:\n        print(\"null\")\n\nwhile True:\n    try:\n        a, b, c, d, e = map(int, input().split(','))\n        function(a, b, c, d, e)\n    except EOFError:\n        break\n```\n\n### Possible Sets of Code Coverage\n- **Set 1:** Statements 1, 20\n- **Set 2:** Statements 1, 20, 22, 23\n\n### Test Case Input\n- Test Input: `5,5,5,5,5`\n\n### PLAN\n\n**Step 1: Input Processing**\n- The program takes an input string with numbers separated by commas. For the test input \"5,5,5,5,5\", these are split and converted into integers, which are then passed to the `function`.\n- **Observation 1:** Both sets of code coverage start with processing input and invoking the function, which includes lines 1 (function definition) and 20 (loop and input handling).\n\n**Step 2: Function Execution and Sorting**\n- The `function` starts with sorting the list `A = [5, 5, 5, 5, 5]`, but since all elements are the same, the list remains unchanged.\n- **Observation 2:** Sorting does not affect code coverage since all sets include the function's execution.\n\n**Step 3: Checking Conditions**\n- First Condition: `if A[0] == A[3] or A[1] == A[4]:`  \n  - For `A = [5, 5, 5, 5, 5]`, both `A[0] == A[3] (5 == 5)` and `A[1] == A[4] (5 == 5)` are true. Therefore, this condition is satisfied.\n  - As a result, it prints \"four card\" and does not check further conditions, so the first condition's block is executed.\n- **Observation 3:** Set 2 is applicable because it includes executing statements inside the `function`, specifically where the \"four card\" is printed after checking conditions (`if` statement on line 22).\n\n**Step 4: End of Execution**\n- Since `print(\"four card\")` was executed, subsequent `elif` or `else` blocks will not be executed, and the function ends, returning control to the `while` loop, which will continue looking for input until EOF.\n- **Observation 4:** Set 2 accounts for printing \"four card\" and covers the execution path taken by this input.\n\n### FINAL CODE COVERAGE:\n- **Set 2:** Statements 1, 20, 22, 23\n\nThis set accurately describes the sequence of operations resulting from the test case input and aligns with the program's logic flow for this specific case.",
                "response_time": 15.430906772613525,
                "input_tokens": 678,
                "output_tokens": 512
            }
        ],
        "serialized_code": "Line 1: def function(a,b,c,d,e):\nLine 2: \tA=[a,b,c,d,e]\nLine 3: \tA.sort()\nLine 4: \tif A[0]==A[3] or A[1]==A[4]:\nLine 5: \t\tprint(\"four card\")\nLine 6: \telif (A[0]==A[1] and A[2]==A[4]) or (A[0]==A[2] and A[3]==A[4]):\nLine 7: \t\tprint(\"full house\")\nLine 8: \telif A[0]==A[2] or A[1]==A[3] or A[2]==A[4]:\nLine 9: \t\tprint(\"three card\")\nLine 10: \telif (A[0]==A[1] and A[2]==A[3]) or (A[0]==A[1] and A[3]==A[4]) or (A[1]==A[2] and A[3]==A[4]):\nLine 11: \t\tprint(\"two pair\")\nLine 12: \telif A[0]==A[1] or A[1]==A[2] or A[2]==A[3] or A[3]==A[4]:\nLine 13: \t\tprint(\"one pair\")\nLine 14: \telif A==[1,10,11,12,13]:\nLine 15: \t\tprint(\"straight\")\nLine 16: \telif A[0]==A[1]-1==A[2]-2==A[3]-3==A[4]-4:\nLine 17: \t\tprint(\"straight\")\nLine 18: \telse:\nLine 19: \t\tprint(\"null\")\nLine 20: while True:\nLine 21: \ttry:\nLine 22: \t\ta,b,c,d,e=map(int,input().split(','))\nLine 23: \t\tfunction(a,b,c,d,e)\nLine 24: \texcept EOFError:\nLine 25: \t\tbreak\n",
        "test_case_id": "1"
    },
    {
        "submission_id": "s640366106",
        "methods_removed": 1,
        "methods_removed_names": [
            "function"
        ],
        "number_of_calls": {
            "function": 0
        },
        "lines_affected": {
            "function": []
        },
        "focc": [
            "Set 1: Statements 1",
            "Set 2: Statements 1"
        ],
        "code": "",
        "test_cases": [
            {
                "test_case_id": 1,
                "test_case_inputs": "Test Case Input:\n1, 2, 3, 4, 5",
                "crispe_response": "Let's analyze the given program and its possible statements of code coverage with respect to the provided test case.\n\n**GIVEN PYTHON PROGRAM:**\n\nUnfortunately, the actual lines of code for the \"GIVEN PYTHON PROGRAM\" were not provided in your request. To effectively analyze code coverage and relate the given test case input to possible statements of coverage, I'll need to know the specific lines and structures of the program you're referring to.\n\n**Given Test Case Input:**\n```\n1, 2, 3, 4, 5\n```\n\n**Given Possible Sets of Code Coverage:**\n- **Set 1:** Statements 1\n- **Set 2:** Statements 1\n\n### PLAN:\n\n**Step 1: Input Processing**  \n- Given the test input \"1, 2, 3, 4, 5\", it can be inferred that the program likely takes a string input of comma-separated numbers similar to what is shown in the sample code, and processes or transforms it in some way.\n- **Observation 1:** Both Set 1 and Set 2 include Statement 1, indicating that this step of reading or processing input is applicable in both cases.\n\n**Step 2: Further Code Execution**  \n- Since the given possible sets of code coverage only list \"Statements 1,\" it suggests that there might be minimal action beyond reading or processing the input. Alternatively, the absence of additional statement coverage could imply truncation or incomplete data representation of actual code coverage sets.\n\n### Final Analysis:\n\nGiven that the only provided sets of code coverage account for \"Statements 1\" in both Set 1 and Set 2, it becomes clear from this limited definition that each set equally represents the coverage realized by running the provided test case input through the first statement of code.\n\nThus, based on the data provided:\n\n### FINAL CODE COVERAGE:\n\n**Set 1:** Statements 1\n\n**Note:** For a more comprehensive analysis with additional steps and observations, a full overview of the actual Python program being tested is required.",
                "response_time": 10.37717604637146,
                "input_tokens": 610,
                "output_tokens": 311
            },
            {
                "test_case_id": 2,
                "test_case_inputs": "Test Case Input:\n5,5,5,5,5",
                "crispe_response": "It seems there is a formatting issue in the provided possible sets of code coverage. For a full analysis similar to the given example, we should have specific line number details for each set. For now, I will provide a detailed analysis but replace the missing details for sets with generalized placeholders.\n\n**SOLUTION**\n\n**Assuming the missing coverage sets should theoretically resemble larger sets encompassing code lines, I will provide a generalized framework for analysis.**\n\n### GIVEN PYTHON PROGRAM ANALYSIS:\n\nUnfortunately, you haven't provided a specific program code to analyze, just a test case. Provided below is a generalized analysis framework:\n\n**TEST CASE INPUT:**\n5,5,5,5,5\n\n**POSSIBLE SETS OF CODE COVERAGE (Currently Unspecified)**\n\n**PLAN:**\n\n**Step 1: Input Processing:**\n- **Action:** Typically, programs begin by reading input. In the provided test case, the input is \"5,5,5,5,5\".\n- **Observation 1:** Assuming that the program has mechanisms to handle input and split it into integers, the lines handling input parsing and conversion will be executed. This execution could involve input parsing (e.g., split by commas) and parsing to integers.\n- **Possible Coverage:** Any code sets including input management and processing steps are applicable.\n\n**Step 2: Loop or Iteration Handling:**\n- **Action:** If the program processes each number in a loop (common pattern in numerical operations), conversion results in a list of numbers: `[5, 5, 5, 5, 5]`.\n- **Observation 2:** The loop will iterate over these numbers 5 times.\n- **Possible Coverage:** Sets that include a loop mechanism or iteration over input apply here.\n\n**Step 3: Number Analysis with Equal Values:**\n- **Action:** The program logic is likely to check conditions such as positivity, negativity, or zero for each number.\n- Given that 5 is positive, the program might handle logic checking for positivity.\n- **Observation 3:** Lines checking the specific case tested (positive number handling logic) are part of the logic flow if such checks exist.\n\n**Step 4: Uniform Output Handling:**\n- **Action:** Once the number 5 is evaluated for any conditions specified (assuming positive), a resulting condition could be logged or printed, indicating \"5 is Positive\" repeated 5 times.\n- **Observation 4:** The set must handle positive output and potentially repeating the same process.\n\n**Step 5: End of Program Execution:**\n- **Action:** Assuming standardized final statements like \"End of program\", this logic now executes.\n- **Observation 5:** Completion typically includes ending statements in coverage.\n\n**Step 6: Uniform Conditions:**\n- **Action (Hypothetical):** The uniformity in values may lead to skipping other conditional checks like negative or zero.\n- **Observation 6:** This reinforces choices of coverage sets focusing solely on positive and any logical end steps (excluding zero/negative logic).\n\n### FINAL CODE COVERAGE:\n- **Required Set:** Opt for a set highlighting comprehensive handling of input processing, iteration over uniform values, positive case handling, repeated consistent handling, and program conclusion without activating zero/negative conditional checks.\n\n### Conclusion:\nWithout detailed coverage of specific code lines, the exercise provides hypothetical analysis based on presumed code structure for generic inputs like a sequence of the same positive integer, reflecting uniform code execution logic assumptions. If details on line specifics were provided, reach an optimal, decisive line set selection accordingly.",
                "response_time": 20.990933656692505,
                "input_tokens": 606,
                "output_tokens": 520
            }
        ],
        "serialized_code": "Line 1: \n",
        "test_case_id": "2"
    }
]