[
    {
        "submission_id": "s669255791",
        "methods_removed": 0,
        "methods_removed_names": [],
        "number_of_calls": {},
        "lines_affected": {},
        "focc": [
            "Set 1: Statements 1, 2, 4",
            "Set 2: Statements 1, 2, 7, 8, 9",
            "Set 3: Statements 1, 2, 7, 8"
        ],
        "code": "s =\"\"while True:\n    try:\n        s += input().lower()\n    except:\n        break\ns = list(map(ord,list(s)))\nfor i in range(ord(\"a\"),ord(\"z\")+1):\n    print(chr(i) + \" : \" + str(s.count(i)))",
        "test_cases": [
            {
                "test_case_id": 1,
                "test_case_inputs": "Test Case Input:\nA\nB\nC\nD\nE\nF\nG\nH\nI\nJ\nK\nL\nM\nN\nO\nP\nQ\nR\nS\nT\nU\nV\nW\nX\nY\nZ",
                "crispe_response": "PLAN:\n\nStep 1: Input Processing Loop:\n- The program uses a `while True` loop (lines 1 and 2) to repeatedly take input and append the lowercase version of it to the string `s`. \n- Given the test case inputs (uppercase English letters from 'A' to 'Z'), the `try` block will execute successfully until all inputs are processed. The input is converted to lowercase, so `s` will become \"abcdefghijklmnopqrstuvwxyz\".\nObservation 1: All sets of code coverage include lines 1 and 2, so they remain applicable.\n\nStep 2: Exception Handling:\n- The loop breaks when an exception occurs, assuming this is when input ends (via an EOFError or similar in the environment). \n- Since the input scenario doesn't specify manual ending with an exception, the program will mimic this step at the end of input processing.\nObservation 2: All sets may accommodate an implicit break when inputs conclude, continuing the analysis.\n\nStep 3: Conversion to Ordinal Values:\n- The string `s` is then converted into a list of ordinal values using `map(ord, list(s))`.\n- This step is represented by an implicit line after the input processing (before the for loop that starts at line 7).\nObservation 3: All sets do not explicitly list this conversion step, but it is understood as part of processing before the loop starting at line 7 begins.\n\nStep 4: Character Occurrence Count Loop:\n- The program uses a loop starting at line 7 to iterate through lowercase alphabet ASCII values (from 'a' to 'z').\n  - In each iteration, it prints the character and its count in the string `s`.\n- Given that the input was a complete set of uppercase letters A-Z (converted to lowercase), each character from 'a' to 'z' appears exactly once.\n  - This will involve lines 7, 8, and 9 for the complete iteration over the alphabet.\nObservation 4: Only Sets 2 and 3 contain lines 7, 8, and 9.\n\nStep 5: Final Code Coverage Decision:\n- Since the input data transforms into all lowercase alphabet characters and is counted as such, there are no further operations or exceptions.\n- Lines 7 to 9 are executed for printing each character with its count.\nObservation 5: Given that only Sets 2 and 3 consider the counting and printing process (lines 7 to 9) and earlier steps accounted for exception handling implicitly, either set could describe the code coverage accurately.\n\nFINAL CODE COVERAGE:\nSet 2: Statements 1, 2, 7, 8, 9\n\nNote: Set 2 is chosen because it accommodates all necessary lines involving the input loop, conversion, and ord-based counting loop for the provided test scenario.",
                "response_time": 12.761821746826172,
                "input_tokens": 666,
                "output_tokens": 430
            },
            {
                "test_case_id": 2,
                "test_case_inputs": "Test Case Input:\n123\nABC\n!@#",
                "crispe_response": "PLAN:\n\nStep 1: Input Processing Loop\n- The program begins with a loop where input is continuously read and concatenated to the string `s` while converting it to lowercase. Given the test case input \"123\", \"ABC\", \"!@#\", this loop will read each line until an exception occurs, likely from an EOF (End of File) or similar interruption (given the `try-except` block).\n- Observation 1: Since `s` is constructed by reading lines of input in lowercase, the program will have executed 's += input().lower()' repeatedly until input ends, followed by an 'except' block to exit the loop. This means statements from the try block and except block in the input loop have been executed.\n- Eliminating sets: None can be eliminated yet since all sets account for some form of initial input processing.\n\nStep 2: String Conversion to ASCII Values\n- The string `s` contains \"abc\" after the input is converted to lowercase and special characters and numbers are ignored (because they are not processed in the conversion loop). `s` is then converted to a list of ASCII values using `s = list(map(ord, list(s)))`. For \"abc\", this would result in the ASCII values [97, 98, 99].\n- Observation 2: This conversion process is reflected in line 4.\n- Eliminating sets: Set 1 does not have any evidence of further processing beyond the initial input handling as it only includes statements 1 and 2 and ends at statement 4.\n\nStep 3: Loop over Alphabet Characters\n- The program then enters a loop iterating over ASCII values from 97 ('a') to 122 ('z'). For each character, it prints the character and the count of its occurrences in `s`.\n- Since `s` contains the ASCII values for 'a', 'b', 'c', the printed output for 'a' will be \"a : 1\", for 'b' will be \"b : 1\", for 'c' will be \"c : 1\", and for all other characters, the count will be \"0\".\n- Observation 3: This behavior is covered by statements 7, 8, and 9 for printing the count of each character.\n- Eliminating sets: \n  - Set 1: Already eliminated.\n  - Set 2 includes syntax for printing per character count, statement 9, and the iteration over characters, statement 8, which aligns with lines to print characters and counts. It covers more execution difference than Set 3.\n  - Set 3 also covers these lines, but doesn't mention statement 2 after input handling.\n\nStep 4: Exception Handling and Conclusion\n- Given the rest of the logic and successful conversion from input handling to ASCII conversion to counting characters, the end of input handling was achieved gracefully through the exception block.\n- Observation 4: Exception handling confirms exit post-loop processing, making run complete.\n- Final Elimination: Set 3 is eliminated because it only reflects statements 1, 2, 7 and 8 without explicitly handling and ending through exceptional cases in full operation, making Set 2 a better fit.\n\nFINAL CODE COVERAGE:\nSet 2: Statements 1, 2, 7, 8, 9",
                "response_time": 9.359637975692749,
                "input_tokens": 643,
                "output_tokens": 493
            }
        ],
        "serialized_code": "Line 1: s =\"\"while True:\nLine 2:     try:\nLine 3:         s += input().lower()\nLine 4:     except:\nLine 5:         break\nLine 6: s = list(map(ord,list(s)))\nLine 7: for i in range(ord(\"a\"),ord(\"z\")+1):\nLine 8:     print(chr(i) + \" : \" + str(s.count(i)))\n",
        "test_case_id": "1"
    }
]