[
    {
        "submission_id": "s219229721",
        "methods_removed": 0,
        "methods_removed_names": [],
        "number_of_calls": {},
        "lines_affected": {},
        "focc": [
            "Set 1: Statements 1, 2, 3, 4, 5, 6, 7, 8",
            "Set 2: Statements 1, 2, 3, 4, 5, 6, 7, 10, 11, 12, 13, 14, 15, 16",
            "Set 3: Statements 1, 2, 3, 4, 5, 6, 7, 10, 11, 12, 13, 14, 15, 19, 20, 21, 22",
            "Set 4: Statements 1, 2, 3, 4, 5, 6, 7, 10, 11, 12, 13, 14, 15, 19, 20, 22",
            "Set 5: Statements 1, 2, 3, 4, 5, 6, 7, 10, 11, 12, 19, 20, 21, 22",
            "Set 6: Statements 1, 2, 3, 4, 5, 6, 7, 10, 11, 12, 19, 20, 22",
            "Set 7: Statements 1, 2, 3, 4, 5, 6, 7, 10, 11, 19, 20, 21, 22",
            "Set 8: Statements 1, 2, 3, 4, 5, 6, 7, 10, 11, 19, 20, 22",
            "Set 9: Statements 1, 2, 3, 4, 6, 7, 8",
            "Set 10: Statements 1, 2, 3, 4, 6, 7, 10, 11, 12, 13, 14, 15, 16",
            "Set 11: Statements 1, 2, 3, 4, 6, 7, 10, 11, 12, 13, 14, 15, 19, 20, 21, 22",
            "Set 12: Statements 1, 2, 3, 4, 6, 7, 10, 11, 12, 13, 14, 15, 19, 20, 22"
        ],
        "code": "n = int(input())\na = sorted(list(map(int, input().split())))\nprime_q = []\nfor i in range(10**6+2):\n    prime_q.append(True)\nd = {}\nfor i in a:\n    try:d[i] += 1\n    except:d[i] = 1\nans = []\nfor i in set(a):\n    if(prime_q[i] == True):\n        ans.append(i)\n        c = 1\n        while(True):\n            try:prime_q[i*c] = False\n            except:break\n            c+=1\nnum = 0\nfor i in ans:\n    if(d[i] == 1):num+=1\nprint(num)",
        "test_cases": [
            {
                "test_case_id": 1,
                "test_case_inputs": "Test Case Input:\n4\n1 2 3 4",
                "crispe_response": "To determine the appropriate set of statements covered by the given test case, let's execute a step-by-step reasoning:\n\n**Test Case Input:**\n```\n4\n1 2 3 4\n```\n\n### Step 1: Initial Input Processing\n- **Statement 1:** The first input line `n = int(input())` reads the integer `4`.\n- **Statement 2:** The second line `a = sorted(list(map(int, input().split())))` reads numbers `1 2 3 4` and sorts them into list `a = [1, 2, 3, 4]`.\n\n**Observation 1:** So far, all sets are still applicable as they include statements 1 and 2.\n\n### Step 2: Prime Initialization\n- **Statements 3, 4, 5:** Initialization of the list `prime_q` with size `10**6+2` all set to True, assuming lines are executed correctly.\n- **Statement 6:** Initializes dictionary `d = {}`.\n\n**Observation 2:** All considered sets include statements 3, 4, 5, and 6. All sets remain applicable at this point.\n\n### Step 3: Count Occurrences in List `a`\n- **Statement 7:** The next `for` loop iterates over each element in `a` (1, 2, 3, 4) to keep their count in dictionary `d`.\n  - For each element `i`, the code attempts to increment `d[i]`, and on failure (KeyError), initializes it to one in an `except` block.\n  \n**Observation 3:** From provided sets, sets that include statement 8 are not applicable as there is no `except` block explicitly shown in the description.\n\n### Step 4: Identify Prime Numbers\n- **Statement 10:** Iterate over each unique number in `a` which converts the list to a set, thus still `[1, 2, 3, 4]`, to identify prime numbers.\n  - **Statement 11:** Check `if prime_q[i] == True`, then append `i` to `ans`.\n  - **Statements 12, 13, 14, 15, 16:** Attempts to mark all multiples of `i` as non-prime in `prime_q` by setting them to False in a `while` loop. `break` on exception.\n- **Statement 19:** The next step counter `num` initializes to zero and lists prime numbers that occur once in `ans`.\n  - **Statements 20, 21, 22:** `for` loop iterates over `ans`. If `d[i] == 1`, add to `num`.\n\n**Observation 4:** Based on previous steps:\n- Statements 12, 13, 14, 15, 16, which involve updates in the `while` loop for multiple occurrences, suggest that only numbers 2 and 3 are appended to `ans`, since `prime_q[2]` and `prime_q[3]` are `True`.\n- Non-applicability of sets with statement 16 implies `prime_q[i*c]` access goes out-of-bounds or iterates only until a defined bound.\n- Statement 19 and 20 ensure identifying single occurrence items in `ans`.\n\n### Step 5: Final Count and Print\n- **Statement 22:** Print the value of `num`.\n\n**Observation 5:** Combining all these steps eliminates the sets that don't account for all prime number identifications and their single occurrence checks.\n\n### Conclusion\nThe sequence above correctly matches steps with applicable lines. Removing non-applicable ones covering unnecessary exceptions and maintaining the rest:\n\n- **SET CHOSEN:** Set 11\n  - Coverage: Statements 1, 2, 3, 4, 6, 7, 10, 11, 12, 13, 14, 15, 19, 20, 21, 22\n\nThis matches the expected code flow, correctly processing given input case and intended logic without extraneous conditions or missed steps.",
                "response_time": 12.145649433135986,
                "input_tokens": 845,
                "output_tokens": 510
            },
            {
                "test_case_id": 2,
                "test_case_inputs": "Test Case Input:\n3\n2 2 3",
                "crispe_response": "To determine the appropriate set of statements that will be covered by the given test case, let's follow a step-by-step reasoning process:\n\n### GIVEN PYTHON PROGRAM\n\n```\nn = int(input())  \na = sorted(list(map(int, input().split())))  \nprime_q = []  \nfor i in range(10**6+2):  \n    prime_q.append(True)  \nd = {}  \nfor i in a:  \n    try: d[i] += 1  \n    except: d[i] = 1  \nans = []  \nfor i in set(a):  \n    if(prime_q[i] == True):  \n        ans.append(i)  \n        c = 1  \n        while(True):  \n            try: prime_q[i*c] = False  \n            except: break  \n            c += 1  \nnum = 0  \nfor i in ans:  \n    if(d[i] == 1): num += 1  \nprint(num)  \n```\n\n### GIVEN TEST CASE\n\n```\nTest Case Input:\n3\n2 2 3\n```\n\n### GIVEN POSSIBLE SETS OF CODE COVERAGE\n\n1. Statements 1, 2, 3, 4, 5, 6, 7, 8\n2. Statements 1, 2, 3, 4, 5, 6, 7, 10, 11, 12, 13, 14, 15, 16\n3. Statements 1, 2, 3, 4, 5, 6, 7, 10, 11, 12, 13, 14, 15, 19, 20, 21, 22\n4. Statements 1, 2, 3, 4, 5, 6, 7, 10, 11, 12, 13, 14, 15, 19, 20, 22\n5. Statements 1, 2, 3, 4, 5, 6, 7, 10, 11, 12, 19, 20, 21, 22\n6. Statements 1, 2, 3, 4, 5, 6, 7, 10, 11, 12, 19, 20, 22\n7. Statements 1, 2, 3, 4, 5, 6, 7, 10, 11, 19, 20, 21, 22\n8. Statements 1, 2, 3, 4, 5, 6, 7, 10, 11, 19, 20, 22\n9. Statements 1, 2, 3, 4, 6, 7, 8\n10. Statements 1, 2, 3, 4, 6, 7, 10, 11, 12, 13, 14, 15, 16\n11. Statements 1, 2, 3, 4, 6, 7, 10, 11, 12, 13, 14, 15, 19, 20, 21, 22\n12. Statements 1, 2, 3, 4, 6, 7, 10, 11, 12, 13, 14, 15, 19, 20, 22\n\n### PLAN\n\n**Step 1: Input Processing**\n\n- The input `n` is 3, and the list `a` is given as `[2, 2, 3]`.\n- Lines 1 and 2 execute successfully to parse and sort the input.\n\n**Observation 1**: All sets must include Lines 1 and 2. Sets 3, 4, 9 are not applicable due to different executions beyond this point.\n\n**Step 2: Initializing a Boolean Array**\n\n- A list `prime_q` is initialized to `True` for indices from 0 to 10^6+1 (loop in Lines 3-4).\n\n**Observation 2**: All remaining sets involve Lines 3 and 4.\n\n**Step 3: Counting Occurrences**\n\n- The list `a` is iterated, and a dictionary `d` counts occurrences for `2` and `3`. \n\n**Observation 3**: Sets incorporating Lines 5 and 6 must remain, ruling out those without these lines.\n\n**Step 4: Processing Unique Elements**\n\n- Iterate over the set created from `a`, which is `{2, 3}`.\n- For each element, if it's marked `True` in `prime_q`, it is added to `ans`, and its multiples are marked `False`.\n\n**Observation 4**: Sets must include the iteration and potential marking process, corresponding to Lines 10, 11, 12, and 13-16 for primitive element processing. Non-prime elements will break early in marking.\n\n**Step 5: Counting Unique Numbers**\n\n- `num` is incremented for every element in `ans` with a dictionary count of `1`. Here, only `3` has a count of `1`.\n\n**Observation 5**: Include Lines 19-22 where `num` computation is performed for the answer. Sets without these lines are excluded.\n\n**Step 6: Output the Result**\n\n- The final result is printed with `num`, which would result in `1` due to one unique element `3`.\n\n**Observation 6**: The set must include all printing operations.\n\n### FINAL CODE COVERAGE\n\nSet 3: Statements 1, 2, 3, 4, 5, 6, 7, 10, 11, 12, 13, 14, 15, 19, 20, 21, 22",
                "response_time": 15.533895015716553,
                "input_tokens": 844,
                "output_tokens": 599
            }
        ],
        "serialized_code": "Line 1: n = int(input())\nLine 2: a = sorted(list(map(int, input().split())))\nLine 3: prime_q = []\nLine 4: for i in range(10**6+2):\nLine 5:     prime_q.append(True)\nLine 6: d = {}\nLine 7: for i in a:\nLine 8:     try:d[i] += 1\nLine 9:     except:d[i] = 1\nLine 10: ans = []\nLine 11: for i in set(a):\nLine 12:     if(prime_q[i] == True):\nLine 13:         ans.append(i)\nLine 14:         c = 1\nLine 15:         while(True):\nLine 16:             try:prime_q[i*c] = False\nLine 17:             except:break\nLine 18:             c+=1\nLine 19: num = 0\nLine 20: for i in ans:\nLine 21:     if(d[i] == 1):num+=1\nLine 22: print(num)\n",
        "test_case_id": "1"
    }
]