[
    {
        "submission_id": "s303111842",
        "methods_removed": 0,
        "methods_removed_names": [],
        "number_of_calls": {},
        "lines_affected": {},
        "focc": [
            "Set 1: Statements 1, 2, 6, 7, 3, 4, 5, 8, 12, 13, 20, 22",
            "Set 2: Statements 1, 2, 6, 7, 3, 4, 5, 8, 12, 13, 20, 21, 22",
            "Set 3: Statements 1, 2, 6, 7, 3, 4, 5, 8, 12, 13, 14, 15, 16, 17, 18, 19, 20, 22",
            "Set 4: Statements 1, 2, 6, 7, 3, 4, 5, 8, 12, 13, 14, 15, 16, 17, 18, 19, 20, 21, 22",
            "Set 5: Statements 1, 2, 6, 7, 3, 4, 5, 8, 12, 13, 14, 15, 16, 17, 19, 20, 22",
            "Set 6: Statements 1, 2, 6, 7, 3, 4, 5, 8, 12, 13, 14, 15, 16, 17, 19, 20, 21, 22",
            "Set 7: Statements 1, 2, 6, 7, 3, 4, 5, 8, 12, 13, 14, 17, 18, 19, 20, 22",
            "Set 8: Statements 1, 2, 6, 7, 3, 4, 5, 8, 12, 13, 14, 17, 18, 19, 20, 21, 22",
            "Set 9: Statements 1, 2, 6, 7, 3, 4, 5, 8, 12, 13, 14, 17, 19, 20, 22",
            "Set 10: Statements 1, 2, 6, 7, 3, 4, 5, 8, 12, 13, 14, 17, 19, 20, 21, 22",
            "Set 11: Statements 1, 2, 6, 7, 3, 4, 5, 8, 9, 10, 12, 13, 20, 22",
            "Set 12: Statements 1, 2, 6, 7, 3, 4, 5, 8, 9, 10, 12, 13, 20, 21, 22"
        ],
        "code": "A, B = map(int, input().split())\ndef gcd(m, n) :\n    while n :\n        m, n = n, m % n\n    return m\nret = 0\nx = gcd(A, B)\nif x % 2 == 0 :\n    ret += 1\n    while x % 2 == 0 :\n        x //= 2\ni = 3\nwhile i * i <= x :\n    if x % i == 0 :\n        ret += 1\n        x //= i\n    while x % i == 0 :\n        x //= i\n    i += 2\nif x != 1 :\n    ret += 1\nprint(ret + 1)",
        "test_cases": [
            {
                "test_case_id": 1,
                "test_case_inputs": "Test Case Input:\n2 4",
                "crispe_response": "PLAN:\n\nStep 1: Input Processing:\nThe program begins by taking two integers as input, denoted as A and B. In the test case provided, A and B are 2 and 4, respectively.\nObservation 1: All sets of code coverage include statement 1, which is the input statement.\n\nStep 2: Calculating GCD:\nThe `gcd` function is called with A and B as arguments, meaning that statement 2 is executed. The numbers 2 and 4 are passed to the `gcd` function.\nObservation 2: Since the `gcd` function contains statements 3, 4, 5, and 6, all possible sets of coverage include these. Thus, all sets remain applicable.\n\nStep 3: Checking if GCD is Even:\nThe program assigns the result of `gcd(2, 4)`, which is 2, to the variable x. The next step is checking if x is even (statement 7).\nObservation 3: Lines 6 and 7 are executed since the gcd (2) is even, meaning x % 2 == 0. All sets of code coverage include these lines.\n\nStep 4: Dividing x by 2:\nSince x is even, statement 8 increments the variable ret by 1. Then, while x % 2 == 0 is true, statement 12 divides x by 2. Since x is 2, it becomes 1 after one iteration.\nObservation 4: Sets 1, 2, 3, 4, 5, and 6 include statements 8, 12, and 13, as they proceed through this loop. Other sets are eliminated.\n\nStep 5: Prime Factorization with Odd Numbers:\nThe program proceeds to a loop starting from i = 3, and statement 14 checks if i * i <= x. Because x is now 1, this condition fails immediately.\nObservation 5: Sets 1, 2, 3, 4, 5, and 6 all handle prime factorization checks, but since i * i (9) is not less than or equal to x (1), none of this loop\u2019s associated lines are executed. Therefore, only the mentioned sets remain viable.\n\nStep 6: Final Condition Check:\nSince x is 1, the condition if x != 1 in statement 20 fails. Hence, statement 21 is not executed.\nObservation 6: Sets 1 and 2 do not execute statement 21. Other sets are eliminated, leaving only sets 1 and 11.\n\nStep 7: Print Result:\nFinally, statement 22 prints ret + 1, which evaluates to 2. This is present in all sets.\nObservation 7: Since both sets 1 and 11 fit through the steps without contradiction, we must understand that the actual computation path was simplest: set 1 only reflects the code path we explored naturally where additional conditions or iterations were unneeded.\n\nFINAL CODE COVERAGE:\nSet 1: Statements 1, 2, 6, 7, 3, 4, 5, 8, 12, 13, 20, 22",
                "response_time": 9.121734380722046,
                "input_tokens": 910,
                "output_tokens": 442
            }
        ],
        "serialized_code": "Line 1: A, B = map(int, input().split())\nLine 2: def gcd(m, n) :\nLine 3:     while n :\nLine 4:         m, n = n, m % n\nLine 5:     return m\nLine 6: ret = 0\nLine 7: x = gcd(A, B)\nLine 8: if x % 2 == 0 :\nLine 9:     ret += 1\nLine 10:     while x % 2 == 0 :\nLine 11:         x //= 2\nLine 12: i = 3\nLine 13: while i * i <= x :\nLine 14:     if x % i == 0 :\nLine 15:         ret += 1\nLine 16:         x //= i\nLine 17:     while x % i == 0 :\nLine 18:         x //= i\nLine 19:     i += 2\nLine 20: if x != 1 :\nLine 21:     ret += 1\nLine 22: print(ret + 1)\n",
        "test_case_id": "1"
    }
]