[
    {
        "submission_id": "s257832680",
        "methods_removed": 0,
        "methods_removed_names": [],
        "number_of_calls": {},
        "lines_affected": {},
        "focc": [
            "Set 1: Statements 1, 2, 3, 4, 5, 6, 7, 8, 9, 19",
            "Set 2: Statements 1, 2, 3, 4, 5, 6, 7, 8, 10, 11, 19",
            "Set 3: Statements 1, 2, 3, 4, 5, 6, 7, 8, 10, 12, 13, 19",
            "Set 4: Statements 1, 2, 3, 4, 5, 6, 7, 8, 10, 12, 14, 16, 19",
            "Set 5: Statements 1, 2, 3, 4, 5, 6, 7, 8, 10, 12, 14, 19",
            "Set 6: Statements 1, 2, 3, 4, 5, 6, 19"
        ],
        "code": "import sys\nfrom collections import deque\nn = int(sys.stdin.readline())\nlines = sys.stdin.readlines()\nQ = deque()\nfor i in range(n):\n    command = lines[i].split()\n    if command[0] == \"insert\":\n        Q.appendleft(command[1])\n    elif command[0] == \"deleteFirst\":\n        Q.popleft()\n    elif command[0] == \"deleteLast\":\n        Q.pop()\n    elif command[0] == \"delete\":\n        try:\n            Q.remove(command[1])\n        except:\n            pass\nprint(\" \".join(Q))",
        "test_cases": [
            {
                "test_case_id": 1,
                "test_case_inputs": "Test Case Input:\n5\ninsert 1\ninsert 2\ninsert 3\ndeleteFirst\ndeleteLast",
                "crispe_response": "PLAN:\n\n### Step 1: Input Processing\nThe program starts by reading an integer `n` from the input, which represents the number of commands to process. Then it reads the subsequent `n` lines as commands. Given the test case, where `n = 5` and the commands are `[\"insert 1\", \"insert 2\", \"insert 3\", \"deleteFirst\", \"deleteLast\"]`, lines 1, 2, and 3 are executed to process this input.\n\n**Observation 1:** All sets of code coverage include lines 1, 2, and 3, so they are initially applicable.\n\n### Step 2: Loop Initialization\nThe loop is initialized to iterate over the range of `n` (5 times in this case), starting with `i = 0`.\n\n**Observation 2:** This step is described by line 5, which is included in all sets, retaining all sets as applicable.\n\n### Step 3: First Iteration (`i = 0`) - Command: \"insert 1\"\nThe command is \"insert 1\". This satisfies the first `if` condition (line 6), and \"1\" is inserted at the beginning of the deque using `appendleft`.\n\n**Observation 3:** Sets that include line 6 are still applicable. Since all sets include line 6, all are still applicable.\n\n### Step 4: Second Iteration (`i = 1`) - Command: \"insert 2\"\nThe command \"insert 2\" follows similar logic, with the condition on line 6 satisfied again, appending \"2\" to the deque.\n\n**Observation 4:** Sets including line 6 continue to be applicable, which again includes all current sets.\n\n### Step 5: Third Iteration (`i = 2`) - Command: \"insert 3\"\nThe command \"insert 3\" satisfies line 6's condition like previous \"insert\" commands, putting \"3\" at the deque's start.\n\n**Observation 5:** Line 6 is part of all current sets, hence all sets remain applicable.\n\n### Step 6: Fourth Iteration (`i = 3`) - Command: \"deleteFirst\"\nThe command \"deleteFirst\" does not satisfy the \"insert\" condition. Instead, it triggers the `elif` condition on line 8, executing `popleft` to remove the first item, \"3\".\n\n**Observation 6:** Sets including line 8 stay applicable, ruling out any sets without line 8. Thus, Set 6 is eliminated.\n\n### Step 7: Fifth Iteration (`i = 4`) - Command: \"deleteLast\"\nThe command \"deleteLast\" triggers another `elif` condition on line 10, invoking `pop` to remove \"1\".\n\n**Observation 7:** Sets with line 10 remain applicable. This eliminates Set 1, which lacks coverage for line 10.\n\n### Step 8: End of Loop\nThe loop concludes and the program proceeds to line 19, which prints the contents of the deque, now consisting only of \"2\".\n\n**Observation 8:** Sets including line 19 are applicable. However, since all remaining sets do cover line 19, they remain under consideration.\n\n### Step 9: Exception Handling Check\nThe \"delete\" command was never executed, so lines 12-14 (exception block) are irrelevant for this test case.\n\n**Observation 9:** Sets 2 and 3 which involve line 12 can be eliminated as they imply a \"delete\" operation occurring, which didn't happen in this test case.\n\n**Final Conclusion:** \nThe final applicable sets after thorough reasoning are Sets 4 and 5. Since the provided logic ruled out test cases involving specific operations, Set 4 is optimal because it explicitly excludes operations that didn't occur (like line 16 for exception suppression).\n\n**FINAL CODE COVERAGE:**\nSet 5: Statements 1, 2, 3, 4, 5, 6, 7, 8, 10, 12, 14, 19",
                "response_time": 9.62036681175232,
                "input_tokens": 732,
                "output_tokens": 540
            },
            {
                "test_case_id": 2,
                "test_case_inputs": "Test Case Input:\ninsert A\ndeleteFirst\ndeleteLast\ndelete B",
                "crispe_response": "PLAN:\n\nStep 1: Import and Input Processing:\nThe program begins by importing necessary modules and reading input. Lines 1-4 are executed to accomplish this task. Specifically, line 3 reads the number of commands (`n`), and line 4 reads the subsequent `n` commands.\nObservation 1: All sets include lines 1, 2, 3, 4, and 5, so they all remain applicable at this stage.\n\nStep 2: Initialize Deque:\nThe program initializes a deque, `Q`, using line 6.\nObservation 2: All sets include line 6, so they all remain viable.\n\nStep 3: Loop through Commands:\nThe program then enters a loop (line 7) for each command. In this test case, there are four commands to process.\nObservation 3: All sets include line 7, which handles looping, maintaining their applicability.\n\nStep 4: First Command - \"insert A\":\nFor the first command, \"insert A,\" the program will execute line 8 to append 'A' to the deque.\nObservation 4: All sets, except Set 6, include line 8 and remain applicable as this line handles the insertion.\n\nStep 5: Second Command - \"deleteFirst\":\nThe second command, \"deleteFirst,\" results in line 10 being executed to remove the first element, 'A'.\nObservation 5: All sets, except Set 1 and Set 6, include line 10. Sets 2, 3, 4, and 5 continue to be applicable.\n\nStep 6: Third Command - \"deleteLast\":\nGiven the deque is now empty, this command results in the execution of line 12 for attempting to pop the last element.\nObservation 6: Sets 3, 4, and 5 include line 12, which remains applicable.\n\nStep 7: Fourth Command - \"delete B\":\nThe fourth command, \"delete B,\" attempts to remove an element that isn\u2019t present, causing the execution of line 14 and encountering an error handled by the except clause in line 16.\nObservation 7: Set 4 is the only one that accounts for both line 14 and line 16. Set 5 doesn't account for line 16, so Set 4 is the most appropriate.\n\nStep 8: End of Program:\nFinally, line 19 is executed to print the contents of the deque, which is now empty.\nObservation 8: Set 4 accounts for line 19, confirming its viability through the program's execution.\n\nFINAL CODE COVERAGE:\nSet 4: Statements 1, 2, 3, 4, 5, 6, 7, 8, 10, 12, 14, 16, 19",
                "response_time": 7.807785749435425,
                "input_tokens": 729,
                "output_tokens": 380
            }
        ],
        "serialized_code": "Line 1: import sys\nLine 2: from collections import deque\nLine 3: n = int(sys.stdin.readline())\nLine 4: lines = sys.stdin.readlines()\nLine 5: Q = deque()\nLine 6: for i in range(n):\nLine 7:     command = lines[i].split()\nLine 8:     if command[0] == \"insert\":\nLine 9:         Q.appendleft(command[1])\nLine 10:     elif command[0] == \"deleteFirst\":\nLine 11:         Q.popleft()\nLine 12:     elif command[0] == \"deleteLast\":\nLine 13:         Q.pop()\nLine 14:     elif command[0] == \"delete\":\nLine 15:         try:\nLine 16:             Q.remove(command[1])\nLine 17:         except:\nLine 18:             pass\nLine 19: print(\" \".join(Q))\n",
        "test_case_id": "1"
    }
]