[
    {
        "submission_id": "s636387976",
        "methods_removed": 0,
        "methods_removed_names": [],
        "number_of_calls": {},
        "lines_affected": {},
        "focc": [
            "Set 1: Statements 1, 2, 3, 4, 5, 6, 7, 8, 9, 10, 11, 12",
            "Set 2: Statements 1, 2, 3, 4, 5, 6, 7, 8, 9, 11, 12",
            "Set 3: Statements 1, 2, 3, 4, 5, 6, 7, 12"
        ],
        "code": "N, X = map(int, input().split())\nL = list(map(int, input().split()))\ncnt = 0\nbefore = 0\nd = 0\nL.insert(0, 0)\nfor i in range(1, N + 2):\n    d = before + L[i - 1]\n    if d <= X:\n        cnt += 1\n    before = d\nprint(cnt)",
        "test_cases": [
            {
                "test_case_id": 1,
                "test_case_inputs": "Test Case Input:\n4 5\n1 2 3 4",
                "crispe_response": "PLAN:\n\n**Step 1: Input Processing**\n- The program begins by reading input values for `N` and `X` from standard input. The test case provides `N = 4` and `X = 5`.\n- The program reads the second line of input and assigns the list `L` with values `[1, 2, 3, 4]`.\n- The variables `cnt`, `before`, and `d` are initialized to 0.\n- A zero is inserted at the beginning of the list `L`, resulting in `L = [0, 1, 2, 3, 4]`.\n\n**Observation 1:** Lines 1-4 are executed, which all sets include, so all sets are still applicable: Sets 1, 2, 3.\n\n**Step 2: Loop Initialization and Iterations**\n- The loop ranges from 1 to `N + 1`, implying that the iterations will cover indices 1 through 5 (inclusive).\n\n**Observation 2:** Lines 5 and 6 are executed in each iteration. All sets remain viable: Sets 1, 2, 3.\n\n**Step 3: Iteration Analysis**\n- **Iteration 1 (i = 1):**\n  - `d = before + L[0]` results in `d = 0 + 0 = 0`.\n  - The condition `d <= X` (0 <= 5) is satisfied, so `cnt` is incremented to 1.\n  - `before` is updated to `d = 0`.\n\n- **Iteration 2 (i = 2):**\n  - `d = before + L[1]` results in `d = 0 + 1 = 1`.\n  - The condition `d <= X` (1 <= 5) is satisfied, so `cnt` is incremented to 2.\n  - `before` is updated to `d = 1`.\n\n- **Iteration 3 (i = 3):**\n  - `d = before + L[2]` results in `d = 1 + 2 = 3`.\n  - The condition `d <= X` (3 <= 5) is satisfied, so `cnt` is incremented to 3.\n  - `before` is updated to `d = 3`.\n\n- **Iteration 4 (i = 4):**\n  - `d = before + L[3]` results in `d = 3 + 3 = 6`.\n  - The condition `d <= X` (6 <= 5) is not satisfied, so `cnt` remains 3.\n  - `before` is updated to `d = 6`.\n\n- **Iteration 5 (i = 5):**\n  - `d = before + L[4]` results in `d = 6 + 4 = 10`.\n  - The condition `d <= X` (10 <= 5) is not satisfied, so `cnt` remains 3.\n  - `before` is updated to `d = 10`.\n\n**Observation 3:** The condition in line 9 (`d <= X`) is satisfied in the first three iterations; therefore, all sets are still possible, as they include the conditional block (lines 7 and 9): Sets 1, 2, 3.\n\n**Step 4: End of Loop and Final Print**\n- After completing the loop, the code proceeds to print the value of `cnt`, which is 3.\n\n**Observation 4:** Line 12 is executed as part of the final print statement. Set 3 is eliminated as it does not include all the possible lines needed for completion. Now only Sets 1 and 2 remain.\n\n**FINAL CODE COVERAGE:**\n- **Set 2:** Lines 1, 2, 3, 4, 5, 6, 7, 8, 9, 11, 12\n\nSet 2 is the most accurate covering the necessary logic for the provided test case input.",
                "response_time": 10.596076488494873,
                "input_tokens": 687,
                "output_tokens": 513
            },
            {
                "test_case_id": 2,
                "test_case_inputs": "Test Case Input:\n-1 5\n3 2 1",
                "crispe_response": "PLAN:\n\n**Step 1: Input Processing**\n- The program starts by reading inputs for `N` and `X` and then reads a list `L`. Given the test case input \"-1 5\" followed by \"3 2 1\", the variables are set as: `N = -1`, `X = 5`, and `L = [3, 2, 1]`.\n- Observation 1: Line 1 is executed to process the input. All sets include this step.\n\n**Step 2: List Manipulation**\n- `L.insert(0, 0)` is executed to add a zero at the beginning of list `L`. So `L` becomes `[0, 3, 2, 1]`.\n- Observation 2: Line 5 is executed. All sets are still applicable.\n\n**Step 3: Loop Explanation**\n- The for loop `for i in range(1, N + 2)` will be considered now. Given `N = -1`, the range becomes `range(1, 0)` which means the loop will not start as the range is invalid.\n- Because of this, no further loop iterations occur, meaning lines 7 through 10 are skipped, and hence their coverage would affect the elimination.\n\n**Step 4: Counter Check**\n- As the loop body is skipped, the variable `cnt` remains 0. Line 12 executes `print(cnt)` to print the count, which in this scenario is `0`.\n- Observation 3: Only line 12 is executed after the skipped loop.\n\n**Observation**\n- Since the loop doesn't execute due to the range condition, any lines within the loop (lines 7 through 10) would not be executed, which means the statements depending on the loop should be eliminated.\n- This excludes Set 1 and Set 2 from being correct as they include multiple lines within the loop.\n\n**FINAL CODE COVERAGE:**\n\nSet 3: Statements 1, 2, 3, 4, 5, 6, 7, 12",
                "response_time": 4.696545839309692,
                "input_tokens": 686,
                "output_tokens": 280
            }
        ],
        "serialized_code": "Line 1: N, X = map(int, input().split())\nLine 2: L = list(map(int, input().split()))\nLine 3: cnt = 0\nLine 4: before = 0\nLine 5: d = 0\nLine 6: L.insert(0, 0)\nLine 7: for i in range(1, N + 2):\nLine 8:     d = before + L[i - 1]\nLine 9:     if d <= X:\nLine 10:         cnt += 1\nLine 11:     before = d\nLine 12: print(cnt)\n",
        "test_case_id": "1"
    }
]