[
    {
        "submission_id": "s875212434",
        "methods_removed": 0,
        "methods_removed_names": [],
        "number_of_calls": {},
        "lines_affected": {},
        "focc": [
            "Set 1: Statements 1, 2, 3, 4, 5, 7",
            "Set 2: Statements 1, 2, 3, 4, 5, 11, 12, 13, 14, 15",
            "Set 3: Statements 1, 2, 3, 4, 5, 11, 12, 13, 15"
        ],
        "code": "n,k=map(int,input().split())\na=list(map(int,input().split()))\nd={}\nl=[]\nfor i in range(n):\n    try:\n        l[d[a[i]]]+=1\n    except:\n        d[a[i]]=len(l)\n        l.append(1)\nans=0\nl.sort()\nfor i in range(len(l)-k):\n    ans+=l[i]\nprint(ans)",
        "test_cases": [
            {
                "test_case_id": 1,
                "test_case_inputs": "Test Case Input:\n5 2\n1 2 3 2 1",
                "crispe_response": "To determine the code coverage for the given test case and program, let's go through the program execution step by step:\n\nGIVEN PROGRAM:\n```python\nn, k = map(int, input().split())\na = list(map(int, input().split()))\nd = {}\nl = []\nfor i in range(n):\n    try:\n        l[d[a[i]]] += 1\n    except:\n        d[a[i]] = len(l)\n        l.append(1)\nans = 0\nl.sort()\nfor i in range(len(l) - k):\n    ans += l[i]\nprint(ans)\n```\n\nGIVEN TEST CASE:\n```\n5 2\n1 2 3 2 1\n```\n\n### PLAN:\n\n**Step 1: Input Processing:**\n- The program starts by reading integers `n` and `k`, and then a list `a` with `n` integers. \n- For the test case input of `5 2` and `1 2 3 2 1`, this results in `n = 5`, `k = 2`, and `a = [1, 2, 3, 2, 1]`.\n- Statements 1 and 2 are executed to assign these values to `n`, `k`, and `a`.\n  \n**Observation 1:** All sets of code coverage include statements 1 and 2, so they remain applicable at this stage.\n\n**Step 2: Initializing Data Structures:**\n- Dictionaries `d` and list `l` are initialized. \n- Statement 3 and 4 provide structure initialization (no output or error).\n  \n**Observation 2:** All sets of code coverage remain applicable since they include 3 and 4.\n\n**Step 3: Iterating over the list `a`:**\n- We iterate `n` times (`i = 0` to `4`), handling each element of `a` in sequence.\n\n**Iteration Analysis:**\n- **First Iteration (`i = 0, a[i] = 1`):**\n  - `1` is not in `d`, so an exception is caught.\n  - `d[1] = 0` and `l` becomes `[1]`.\n- **Second Iteration (`i = 1, a[i] = 2`):**\n  - `2` is not in `d`.\n  - Catches an exception again, sets `d[2] = 1` and updates `l` to `[1, 1]`.\n- **Third Iteration (`i = 2, a[i] = 3`):**\n  - `3` is not in `d`.\n  - Catches an exception, sets `d[3] = 2`, updates `l` to `[1, 1, 1]`.\n- **Fourth Iteration (`i = 3, a[i] = 2`):**\n  - `2` is in `d`, updates `l[1] += 1` resulting in `l = [1, 2, 1]`.\n- **Fifth Iteration (`i = 4, a[i] = 1`):**\n  - `1` is in `d`, updates `l[0] += 1`, resulting in `l = [2, 2, 1]`.\n\n**Observation 3:** Statements 5 and 7 are executed in all iterations, as each iteration involves the try-except block. All sets are still applicable.\n\n**Step 4: Sorting List `l`:**\n- List `l` is sorted, updating it to `[1, 2, 2]`.\n- Statement 11 is executed during the sorting operation.\n\n**Observation 4:** Sets 2 and 3 contain the sorting statement (11), so they continue to remain applicable.\n\n**Step 5: Calculating the Result:**\n- Iterates `len(l) - k = 3 - 2 = 1` time.\n- Includes the first `len(l) - k` element of `l`, `l[0]` which is `1`, into `ans`.\n- This operation involves statements 12 and 13.\n  \n**Observation 5:** Both Set 2 and 3 include lines 12 and 13, keeping them applicable.\n\n**Step 6: Printing the Final Result:**\n- The final print statement outputs the sum `ans`, which is `1`.\n- This utilizes statement 15.\n\n**Observation 6:** Sets 2 and 3 include the print statement (15). Since sets 2 and 3 remain applicable and set 3 lacks statement 14 which was not executed, it is the most accurate.\n\n### FINAL CODE COVERAGE:\n\nSet 3: Statements 1, 2, 3, 4, 5, 11, 12, 13, 15",
                "response_time": 27.207383632659912,
                "input_tokens": 658,
                "output_tokens": 566
            },
            {
                "test_case_id": 2,
                "test_case_inputs": "Test Case Input:\n0 0",
                "crispe_response": "To determine which set of code coverage statements applies to the given program and test case, we will reason through each step of the code execution. The goal is to determine which lines of code the test case will activate, and eliminate non-applicable code coverage sets.\n\n### **PLAN**\n\n**Step 1: Input Processing**\n- The program starts by taking an input in the form of two integers: `n` and `k`. \n- Test Case Input: `0 0`\n- Consequently, `n=0` and `k=0`, meaning there are no elements to be read into list `a`.\n- The input processing occurs at line 1, so we can conclude that lines 1 and 2 are executed to process this input.\n- **Observation 1**: All possible code coverage sets (Set 1, 2, and 3) include line 1, making them all initially feasible.\n\n**Step 2: Array Initialization and Dictionary Setup**\n- Following input, the program attempts to input an array `a` with `n` integers. Since `n=0`, the list `a` remains empty, i.e., `a=[]`.\n- Lines 3, 4, and 5 are where this part of the code executes to initialize the dictionary `d={}` and list `l=[]`.\n- **Observation 2**: This step affects all possible sets equally as they all include lines 3, 4, and 5.\n\n**Step 3: Iterating through List `a`**\n- The next part of the code features a loop iterating over elements of the list `a` (from index 0 to `n-1`), and since `n=0`, the loop (line 7) does not execute.\n- **Observation 3**: Non-loop executions signify that none of the sets will experience execution of the looping lines 7, 8, 9, and 10. Given our sets don\u2019t explicitly identify these lines, we focus on differentiated behavior from subsequent segments.\n\n**Step 4: Sorting and Summing Elements in List `l`**\n- After skipping the loop, the program sorts `l` and calculates the sum of elements from index 0 to `len(l)-k`. Code execution occurs here at lines 11 to 14.\n- As both `l` and `k` are empty or zero, this results in an empty sum calculation, and no additions are made to `ans`, remaining zero as initialized.\n- **Observation 4**: Sorting and sum calculation involved lines, points to lines 11 to 15 running for this setup.\n\n**Step 5: Final Output**\n- The computation concludes with the printing of `ans` at line 15, showing the result of 0.\n- **Observation 5**: All applicable sets should account for this alongside intervening lines.\n\n**Final Code Coverage Conclusion:**\n- **Set 1** does not cover the sorting and summation found in lines 11, 12, and onward, hence non-applicable.\n- **Set 2** and **Set 3** cover the output segment adequately.\n- Given the simplicity \u2014 no dictionary use or catch block firing \u2014 the lines for `except` handling remain unexplored.\n- This confines the execution stamping to the steps perfectly encapsulated in **Set 3** that runs through lines 1, 2, 3, 4, 5, settles correctly with lines 11, 12, 13, and 15.\n\n**FINAL CODE COVERAGE: Set 3: Statements 1, 2, 3, 4, 5, 11, 12, 13, 15**",
                "response_time": 14.535283088684082,
                "input_tokens": 653,
                "output_tokens": 503
            }
        ],
        "serialized_code": "Line 1: n,k=map(int,input().split())\nLine 2: a=list(map(int,input().split()))\nLine 3: d={}\nLine 4: l=[]\nLine 5: for i in range(n):\nLine 6:     try:\nLine 7:         l[d[a[i]]]+=1\nLine 8:     except:\nLine 9:         d[a[i]]=len(l)\nLine 10:         l.append(1)\nLine 11: ans=0\nLine 12: l.sort()\nLine 13: for i in range(len(l)-k):\nLine 14:     ans+=l[i]\nLine 15: print(ans)\n",
        "test_case_id": "1"
    }
]