[
    {
        "submission_id": "s821344898",
        "methods_removed": 0,
        "methods_removed_names": [],
        "number_of_calls": {},
        "lines_affected": {},
        "focc": [
            "Set 1: Statements 1, 2, 4, 5, 6, 7",
            "Set 2: Statements 1, 2, 4, 5, 6, 9"
        ],
        "code": "from sys import stdin, stdout\ndef rint():\n   return map(int, stdin.readline().split())\na = input()\nb = input()\nif a[0] == b[2] and a[1] == b[1] and a[2] == b[0]:\n   print(\"YES\")\nelse:\n   print(\"NO\")",
        "test_cases": [
            {
                "test_case_id": 1,
                "test_case_inputs": "Test Case Input:\n123\n321",
                "crispe_response": "PLAN:\n\nStep 1: Input Processing:\n- The program begins by importing libraries, defining a function `rint`, and then reading two input strings, `a` and `b`.\n- Given the test case inputs are \"123\" and \"321\", lines corresponding to `stdin` and `stdout` handling (if referenced) are not explicitly detailed in the sets, so they can be assumed to be preliminary to input reading.\n- The critical operations we consider definitely include the two input function lines to read `a` and `b`.\n- **Observation 1:** Sets 1 and 2 both include input reading statements (1 and 2) along with subsequent logic, so both remain applicable.\n\nStep 2: Condition Evaluation:\n- The `if` condition checks whether the first character of `a` equals the third character of `b`, the second character of `a` equals the second character of `b`, and the third character of `a` equals the first character of `b`.\n- For inputs \"123\" and \"321\":\n  - `a[0] == b[2]` or `1 == 1` is true.\n  - `a[1] == b[1]` or `2 == 2` is true.\n  - `a[2] == b[0]` or `3 == 3` is true.\n- All conditions are satisfied, meaning the entire `if` condition is true, resulting in the execution of `print(\"YES\")` at line 7.\n- **Observation 2:** Set 1 is applicable because it includes proceeding with line 7 when the condition is true. Set 2 includes line 9 (else case), which is not executed when the condition holds.\n\nStep 3: Final Evaluation:\n- Since the `if` condition is held true, the program does not follow the `else` path (line 9) and ends execution after printing \"YES\".\n- **Observation 3:** The set which captures the condition being satisfied and executing the \"YES\" statement without entering the `else` clause is set 1.\n\nFINAL CODE COVERAGE:\nSet 1: Statements 1, 2, 4, 5, 6, 7",
                "response_time": 12.97954535484314,
                "input_tokens": 648,
                "output_tokens": 302
            },
            {
                "test_case_id": 2,
                "test_case_inputs": "Test Case Input:\n123\n321",
                "crispe_response": "PLAN:\n\nStep 1: Input Processing:\nThe program begins by importing modules and defining a function, `rint()`, although the function is not utilized in this specific input and program snippet. We then proceed to input processing where the program reads two strings, `a` and `b`, from the input.\nObservation 1: As per the test case, inputs are directly provided as '123' and '321'. Therefore, lines 1 and 2 are considered executed, meaning the statements involved in the module imports and inputs are executed. Both sets of code coverage, Set 1 and Set 2, include these initial inputs and definitions.\n\nStep 2: Conditional Check:\nThe program follows with a conditional check. It verifies if the first character of `a` is equal to the third character of `b`, the second character of `a` is equal to the second character of `b`, and the third character of `a` is equal to the first character of `b`. \n- For given input `a = '123'` and `b = '321'`, it evaluates the condition: `a[0] == b[2]` (i.e., '1' == '1'), `a[1] == b[1]` (i.e., '2' == '2'), and `a[2] == b[0]` (i.e., '3' == '3'). All parts of this condition evaluate to True.\nObservation 2: With the true evaluation of the condition in line 6, line 7 (`print(\"YES\")`) will be executed next. Thus, Set 1 is satisfied as it includes lines 6 and 7.\n\nStep 3: Conclusion of Program:\nHad the condition evaluated to False, line 9 would execute to print \"NO\". However, since all conditions matched, only line 7 is executed in this scenario, affirming the result 'YES' without triggering the `else` block.\nObservation 3: Set 2, which includes the execution of the else block, is not applicable in this case because we do not reach line 9 given the satisfied condition.\n\nFINAL CODE COVERAGE:\nSet 1: Statements 1, 2, 4, 5, 6, 7.",
                "response_time": 6.1186347007751465,
                "input_tokens": 648,
                "output_tokens": 309
            }
        ],
        "serialized_code": "Line 1: from sys import stdin, stdout\nLine 2: def rint():\nLine 3:    return map(int, stdin.readline().split())\nLine 4: a = input()\nLine 5: b = input()\nLine 6: if a[0] == b[2] and a[1] == b[1] and a[2] == b[0]:\nLine 7:    print(\"YES\")\nLine 8: else:\nLine 9:    print(\"NO\")\n",
        "test_case_id": "1"
    },
    {
        "submission_id": "s821344898",
        "methods_removed": 1,
        "methods_removed_names": [
            "rint"
        ],
        "number_of_calls": {
            "rint": 0
        },
        "lines_affected": {
            "rint": []
        },
        "focc": [
            "Set 1: Statements 1, 2",
            "Set 2: Statements 1, 2"
        ],
        "code": "from sys import stdin, stdout",
        "test_cases": [
            {
                "test_case_id": 1,
                "test_case_inputs": "Test Case Input:\n123\n321",
                "crispe_response": "The provided task involves analyzing a Python program to identify which set of statements will be covered by the given test case. However, it appears that there is a typo in the possible sets of code coverage. Since only two possible sets are mentioned with the same statements (Statements 1, 2), we can infer an error in listing those sets. Nevertheless, let's proceed with the problem-solving process, assuming the intent was to identify lines executed up to a particular point if there were more lines of code.\n\nGIVEN PYTHON PROGRAM:\n```python\nfrom sys import stdin, stdout\n```\n\nTEST CASE:\n```plaintext\n123\n321\n```\n\nREASONING PLAN:\n\n**Step 1: Input Processing:**\n- The given program only contains an import statement, which suggests that nothing else will execute as part of the existing code base.\n- The test case provided (`123`, `321`) seems unrelated as there is no code to process this input.\n  \n**Observation 1:** \n- As there are only two lines (`import` statements) in the provided code snippet, both statements are executed automatically when the script starts.\n- We can conclude that all applicable sets must include these import statements.\n\n**FINAL CODE COVERAGE:**\n\nWithout additional context (as there are no apparent actual processing lines except imports), we consider the following:\n\nSince every execution of the current script will invariably execute lines 1 and 2, both possible sets (Set 1 and Set 2) apply.\n\nTherefore, the final code coverage is:\n- **Set 1: Statements 1, 2**\n- **Set 2: Statements 1, 2**\n\nNote: In a real-world scenario with more code logic, further steps would iteratively narrow down which lines are executed based on conditions, inputs, loops, etc. Here, due to the limited code snippet, the analysis concludes at identifying executed import statements.",
                "response_time": 13.312874555587769,
                "input_tokens": 614,
                "output_tokens": 289
            },
            {
                "test_case_id": 2,
                "test_case_inputs": "Test Case Input:\n123\n321",
                "crispe_response": "To determine which set of statements is covered by the given test case in the provided Python program, let's apply a structured step-by-step reasoning approach similar to the sample reasoning provided.\n\n### GIVEN PYTHON PROGRAM:\nUnfortunately, the actual lines of the code are not provided here. However, assuming it's a scenario where input and output operations are utilized (inferred from the mention of `stdin` and `stdout` in the GIVEN PYTHON PROGRAM line), we can proceed under this assumption.\n\n### PLAN:\n\n#### Step 1: Input Processing\n- The program is likely using `stdin` to read input, whereas the test case input includes two lines of numbers: \"123\" and \"321\". We assume that the input lines are read into some variables within the program.\n- **Observation 1:** Since Set 1 and Set 2 both have Statements 1 and 2, they both remain applicable at this point based on input handling from stdin.\n\n#### Step 2: Execution of Statements\n- Without explicit code, assume the program processes or utilizes the provided input in some way. Given input numbers, let's consider standard scenarios:\n  - A possible transformation, calculation, printing, or storage of the input numbers.\n  - This may involve arithmetical operations, choices, or loops if implemented.\n  \n- **Observation 2:** With Statements 1 and 2 involved in both dataset sets, unless there are specified behaviors like conditions or calculations depicted in these statements within the absent program context, both remain viable.\n\n#### Conclusion:\n- Since no additional context or functional code logic is given beyond the initial statements presumably handling input and leveraging `stdout`, and knowing both sets involve the same lines (Statements 1, 2), there's insufficient basis here to distinguish between them explicitly based on functionality not described here.\n\n### FINAL CODE COVERAGE:\nGiven the absence of clear differentiators in behavior or results from the test input and that both sets expressively handle Statements 1 and 2, we can conclude:\n- **Set 1 and 2:** Both are plausible as they include the necessary statements for handling the test input per our understanding without further detail into the unused parts of the actual logic in the provided context.\n\nIn such challenges, additional program context would unveil more comprehensive pathways or blocks within the execution, shaping more precise coverage to state which would be exact. For the test case given, both sets appear equally applicable in this condensed reasoning.",
                "response_time": 6.7205445766448975,
                "input_tokens": 614,
                "output_tokens": 393
            }
        ],
        "serialized_code": "Line 1: from sys import stdin, stdout\n",
        "test_case_id": "2"
    }
]