[
    {
        "submission_id": "s085389365",
        "methods_removed": 0,
        "methods_removed_names": [],
        "number_of_calls": {},
        "lines_affected": {},
        "focc": [
            "Set 1: Statements 1, 2, 3, 4, 5, 6, 7, 8, 20, 21, 22",
            "Set 2: Statements 1, 2, 3, 4, 5, 6, 7, 8, 20, 21, 24, 25",
            "Set 3: Statements 1, 2, 3, 4, 5, 6, 7, 10, 11, 12, 20, 21, 22",
            "Set 4: Statements 1, 2, 3, 4, 5, 6, 7, 10, 11, 12, 20, 21, 24, 25",
            "Set 5: Statements 1, 2, 3, 4, 5, 6, 7, 10, 11, 14, 20, 21, 22",
            "Set 6: Statements 1, 2, 3, 4, 5, 6, 7, 10, 11, 14, 20, 21, 24, 25",
            "Set 7: Statements 1, 2, 3, 4, 5, 6, 7, 10, 16, 17, 20, 21, 22",
            "Set 8: Statements 1, 2, 3, 4, 5, 6, 7, 10, 16, 17, 20, 21, 24, 25",
            "Set 9: Statements 1, 2, 3, 4, 5, 6, 7, 10, 16, 19, 20, 21, 22",
            "Set 10: Statements 1, 2, 3, 4, 5, 6, 7, 10, 16, 19, 20, 21, 24, 25",
            "Set 11: Statements 1, 2, 3, 4, 5, 20, 21, 22",
            "Set 12: Statements 1, 2, 3, 4, 5, 20, 21, 24, 25"
        ],
        "code": "from collections import deque\nD=deque(input().rstrip())\nQ=int(input())\ncount=0\nfor _ in range(Q):\n\tY=list(input().split())\n\tif Y[0]==\"1\":\n\t\tcount=(count+1)%2\n\telse:\n\t\tif Y[1]==\"1\":\n\t\t\tif count==0:\n\t\t\t\tD.appendleft(Y[2])\n\t\t\telse:\n\t\t\t\tD.append(Y[2])\n\t\telse:\n\t\t\tif count==0:\n\t\t\t\tD.append(Y[2])\n\t\t\telse:\n\t\t\t\tD.appendleft(Y[2])\nD=list(D)\nif count==0:\n\tprint(\"\".join(D))\nelse:\n\tD.reverse()\n\tprint(\"\".join(D))",
        "test_cases": [
            {
                "test_case_id": 1,
                "test_case_inputs": "Test Case Input:\n1\n2\n3\n4\n5\n6\n7\n8\n9\n10",
                "crispe_response": "PLAN:\n\nStep 1: Input Reading and Initial Setup:\n- The program begins by reading input using the `input()` function. The input is processed to remove any trailing spaces via `rstrip()`. This will cover statement 1.\n- The first input is used to initialize a deque `D` with characters, and the second input is the integer `Q`, indicating the number of operations to be performed. Since the test input is a sequence of numbers and we only have one character per input, this corresponds to reading the inputs as separate characters into the deque and setting `Q` appropriately. This covers line 2 and 3.\nObservation 1: All sets are relevant since they include statements 1, 2, and 3.\n\nStep 2: Begin Operation Loop:\n- The program loops over a range identified by `Q`, and uses `input().split()` to process each line into list `Y`. Since `Q` is the number of operations and derived from input values, line 4 and 5 will execute.\nObservation 2: All the sets remain relevant at this stage.\n\nStep 3: Process First Operation:\n- For each operation, the first check is if `Y[0]` is \"1\", in which case, `count` toggles its value between 0 and 1. This involves executing statements 6 and 7.\n- Given every input line is a single number, it indicates count toggling because there's no string setup that demands altering positions or input complexity.\nObservation 3: Sets that involve statements not related to direct `count` operation, specifically involving statements linked to deque mutations, like 12 and 14, may not align perfectly.\n\nStep 4: Evaluate Conditions:\n- Since the `Y[0]` scenarios effectively toggle count, we only explore `Y[0]` inputs leading codes as no extra deque altering operations happen.\n- Considering the given inputs are confined to numbers, none of the alternating deque modifications will occur fully. This skips execution of statements that are related to if-else chains dealing with append left and append based on characters other than \"1\" in Y[0].\nObservation 4: This eliminates sets involving threaded conditionals with Y[1] and append mechanics, indicating statements like 12, 14, 16, 17, 19, fall short.\n\nStep 5: Final Output and Conditions:\n- Regardless of the input operations, Line 20 occurs, as operations complete.\n- Final output depends on the count parity. Line 21 will unconditionally apply, but Lines 22 executes only when count remains 0, else line 24 and 25 occur.\nObservation 5: Sets that include either terminal count operation but not both (excluding 22 or 24) illustrate the flexibility of toggling count gives:\n- Sets 1, 3, 5 meet both 22 alignment from count 0. \n- Sets 2, 4, 6, 11 do the opposite with 24, indicating a reverse action might align.\n\nStep 6: Zero Count Evaluation for Possible Final:\n- Absorb fact operations are transverse, with isolated toggling through numerical input. None span into strange deque alterations or detailed append conditionals, yet final check confirms, given unending loop through single inputs counting.\nObservation 6: Strategies center on even-odd demand. Finalizing on handling print state as directly influenced by terminal toggle, not append behaviors or errant Y variations demonstrates Sets grounded strictly in streamlined count.\n\nFINAL CODE COVERAGE:\nSet 1: Statements 1, 2, 3, 4, 5, 6, 7, 20, 21, 22 (Neutral evaluation through toggling).",
                "response_time": 12.398125648498535,
                "input_tokens": 817,
                "output_tokens": 540
            },
            {
                "test_case_id": 2,
                "test_case_inputs": "Test Case Input:\n1 1",
                "crispe_response": "To determine the code coverage for the given test case, we will walk through the code execution step by step and eliminate non-applicable sets based on the reasoning:\n\n### Step-by-Step Analysis:\n\n**Step 1: Initial Setup and Input Processing**\n- The `deque` is initialized with the input string (statement 1).\n- The number of queries `Q` is given as input (statement 2).\n- The counter `count` is initialized to 0 (statement 3).\n  \n**Observation 1:** All sets include statements 1, 2, and 3, so none are eliminated.\n\n**Step 2: Loop through Queries**\n- The loop will iterate `Q` times (statement 4). Given `Q = 1`, there will be one iteration.\n  \n**Observation 2:** All sets remain applicable since they all include the loop's execution (statement 4).\n\n**Step 3: First (and only) Iteration**\n- The input split into list `Y` for the first query, as [\"1\", \"1\"] (statement 5).\n- The conditional `if Y[0] == \"1\"` is true, so the counter `count` is toggled (from 0 to 1) (statement 6 and 7).\n  \n**Observation 3:** Sets 1, 2, 3, 4, 5, 6, 7, 8, 9, and 10 are applicable since they all include statements 6 and 7.\n\n**Step 4: Post-Loop Logic**\n- After finishing the loop, convert the deque `D` to a list (statement 20).\n- Since `count` is 1, the `else` block is executed. The deque `D` is reversed and joined (statements 21, 24, 25).\n  \n**Observation 4:** As `count` is 1, only sets that include these post-loop operations with counter as odd are applicable. This leaves sets 2, 4, 6, 8, 10, and 12.\n\n**Step 5: Final Elimination**\n- Sets 2, 4, 6, 8, 10, and 12 include the final block of execution for `count` being odd. However, sets with included conditionals inside the loop should include statements 10, 11, as this specific test case didn't process `Y[1]` further. Therefore, sets 2, 4, 6, and 12 are applicable here.\n\n**Final Code Coverage:**\nThe accurate set that considers all the described behavior in this test case is **Set 12:** Statements 1, 2, 3, 4, 5, 20, 21, 24, 25.",
                "response_time": 5.841566562652588,
                "input_tokens": 809,
                "output_tokens": 344
            }
        ],
        "serialized_code": "Line 1: from collections import deque\nLine 2: D=deque(input().rstrip())\nLine 3: Q=int(input())\nLine 4: count=0\nLine 5: for _ in range(Q):\nLine 6: \tY=list(input().split())\nLine 7: \tif Y[0]==\"1\":\nLine 8: \t\tcount=(count+1)%2\nLine 9: \telse:\nLine 10: \t\tif Y[1]==\"1\":\nLine 11: \t\t\tif count==0:\nLine 12: \t\t\t\tD.appendleft(Y[2])\nLine 13: \t\t\telse:\nLine 14: \t\t\t\tD.append(Y[2])\nLine 15: \t\telse:\nLine 16: \t\t\tif count==0:\nLine 17: \t\t\t\tD.append(Y[2])\nLine 18: \t\t\telse:\nLine 19: \t\t\t\tD.appendleft(Y[2])\nLine 20: D=list(D)\nLine 21: if count==0:\nLine 22: \tprint(\"\".join(D))\nLine 23: else:\nLine 24: \tD.reverse()\nLine 25: \tprint(\"\".join(D))\n",
        "test_case_id": "1"
    }
]