[
    {
        "submission_id": "s550489494",
        "methods_removed": 0,
        "methods_removed_names": [],
        "number_of_calls": {},
        "lines_affected": {},
        "focc": [
            "Set 1: Statements 1, 2, 3, 4, 5, 6, 7, 8, 9, 11, 12, 13, 14",
            "Set 2: Statements 1, 2, 3, 4, 5, 6, 7, 8, 9, 11, 12, 15",
            "Set 3: Statements 1, 2, 3, 4, 5, 6, 7, 8, 9, 11, 18, 19, 20, 21, 22, 23, 24, 25",
            "Set 4: Statements 1, 2, 3, 4, 5, 6, 7, 8, 9, 11, 18, 19, 20, 21, 22, 23, 24",
            "Set 5: Statements 1, 2, 3, 4, 5, 6, 7, 8, 9, 11, 18, 19, 20, 21, 22, 24, 25",
            "Set 6: Statements 1, 2, 3, 4, 5, 6, 7, 8, 9, 11, 18, 19, 20, 21, 22, 24",
            "Set 7: Statements 1, 2, 3, 4, 5, 6, 7, 8, 9, 11, 18, 19, 20, 21, 24, 25",
            "Set 8: Statements 1, 2, 3, 4, 5, 6, 7, 8, 9, 11, 18, 19, 20, 21, 24",
            "Set 9: Statements 1, 2, 3, 4, 5, 6, 7, 8, 9, 11, 18, 19, 21, 22, 23, 24, 25",
            "Set 10: Statements 1, 2, 3, 4, 5, 6, 7, 8, 9, 11, 18, 19, 21, 22, 23, 24",
            "Set 11: Statements 1, 2, 3, 4, 5, 6, 7, 8, 9, 11, 18, 19, 21, 22, 24, 25",
            "Set 12: Statements 1, 2, 3, 4, 5, 6, 7, 8, 9, 11, 18, 19, 21, 22, 24"
        ],
        "code": "N=int(raw_input())\nAN=map(int, raw_input().split())\nBN=[0 for i in xrange(N)]\nfor i in AN:\n    BN[i-1] += 1\nBN.sort()\nLN = [0 for i in xrange(N)]\ns = 0\nj = 0\ntry:\n    for X in xrange(1, N+1):\n        while j<N and  BN[j] < X:\n            s += BN[j]\n            j += 1\n        LN[X-1] = (s + X*(N - j)) / X\nexcept IndexError:\n    pass\nKN = [0 for i in xrange(N)]\nfor i in xrange(len(LN)):\n    KN[LN[i]-1] = i+1\nfor i in xrange(len(KN)-2, -1, -1):\n    if KN[i] == 0:\n        KN[i] = KN[i+1]\nfor i in KN:\n    print (str(i))",
        "test_cases": [
            {
                "test_case_id": 1,
                "test_case_inputs": "Test Case Input:\n5\n1 2 3 4 5",
                "crispe_response": "To find out which set of statements will be covered by the test case, we will work through the program step by step, using the given test case input of `5` followed by `1 2 3 4 5`.\n\n### PLAN:\n\n**Step 1: Initial Input Processing**\n- The first line reads an integer `N` via `raw_input()`, which is 5.\n- The second line reads a sequence of integers `AN` via `raw_input().split()`, which is `[1, 2, 3, 4, 5]`.\n- Observation 1: All possible code coverage sets include statements 1, 2, 3, and 4.\n\n**Step 2: Initialize BN and Update Counts**\n- `BN` is initialized with `[0] * N`, resulting in `[0, 0, 0, 0, 0]`.\n- The loop iterates over `AN`, updating the respective counts in the `BN` array. After processing `AN`, `BN` becomes `[1, 1, 1, 1, 1]`.\n- Observation 2: Statement 5 is executed in all coverage sets as they iterate over `AN` to update `BN`.\n\n**Step 3: Sort BN**\n- `BN.sort()` is executed, but since `BN` is already sorted as `[1, 1, 1, 1, 1]`, there is no change.\n- Observation 3: Statement 6 is executed in all coverage sets.\n\n**Step 4: Initialize LN and Compute Values**\n- `LN` is initialized with `[0] * N`, resulting in `[0, 0, 0, 0, 0]`.\n- A number of computations take place where `LN` gets updated through nested loops involving index `j` and sum `s`. \n  - Final `LN` values calculated in this block, given `BN=[1, 1, 1, 1, 1]`, would be `[5, 4, 3, 2, 1]`.\n- Observation 4: All sets cover statements 7, 8, and 9, within the index iteration involving `LN` calculations and potential `IndexError` handling.\n\n**Step 5: Initialize and Update KN**\n- `KN` is initialized as `[0] * N`, resulting in `[0, 0, 0, 0, 0]`.\n- Values in `LN` are used to populate `KN`. \n  - This will update `KN` to `[5, 4, 3, 2, 1]` (as if reversing `LN` considering the index -1). \n- Observation 5: This step involves loops controlled by statements 18 and 19, falling under various potential sets.\n\n**Step 6: Final KN Adjustments**\n- Remaining zeros in `KN` (none in this case) are adjusted through the reverse loop. This does not change `KN` in this instance.\n- Observation 6: Post-adjustment will include executions controlled by statements 21, and excludes sets which involve further lines (i.e., no transformations observed in terms of filling zeros).\n\n**Step 7: Output Resulting KN**\n- The final loop iterates through `KN` to print each element.\n- Observation 7: Add-on statement 11 follows the completion of `LN` processing, resulting in the display of numbers within `KN`.\n\n### FINAL CODE COVERAGE:\n- Since operations of filling `KN` and output related processing are completed with the given inputs resulting in outputs [1, 2, 3, 4, 5], sets must include statements up to the print sequence. \n- Certain sets are determined by loops excluding specific intervention adjustments (as all original `KN` indices were specifically ordered via the calculation).\n- Set 11: Statements 1, 2, 3, 4, 5, 6, 7, 8, 9, 11, 18, 19, 21, 22, 24, 25 is chosen based on interpretation and trial input-output conformity, avoiding unnecessary post-adjustments as all values are fully summed within `KN` transitioning steps.\n  \nThis outlined approach specifies each phase alignment and avoids unnecessary perturbation steps further illustrating the aligned set through deduction defined variables and outputs corresponding the initial inputs for this test case.",
                "response_time": 25.942317485809326,
                "input_tokens": 909,
                "output_tokens": 567
            },
            {
                "test_case_id": 2,
                "test_case_inputs": "Test Case Input:\n3\n1 2 3",
                "crispe_response": "To determine the code coverage based on the given test case, we'll walk through the program step by step, assessing which lines of code are executed based on the input. We'll eliminate non-applicable sets of statements as we proceed.\n\n**PLAN:**\n\n**Step 1: Input Processing**\n- The program begins by reading input values.\n  - `N` is set to 3 (line 1).\n  - `AN` is mapped to the list `[1, 2, 3]` from the input string \"1 2 3\" (line 2).\n- **Observation 1**: All sets include lines 1 and 2, so none are eliminated yet.\n\n**Step 2: Initialization of `BN`**\n- `BN` is initialized as a list of zeros with length 3, corresponding to the value of `N` (line 3).\n- **Observation 2**: All sets include line 3, so none are eliminated yet.\n\n**Step 3: Updating `BN` Based on `AN`**\n- A loop iterates over elements in `AN`; for each element `i`, `BN[i-1]` is incremented (lines 4-5).\n  - For `i=1`, `BN[0]` is incremented to 1.\n  - For `i=2`, `BN[1]` is incremented to 1.\n  - For `i=3`, `BN[2]` is incremented to 1.\n- After the loop, `BN` results in `[1, 1, 1]`.\n- **Observation 3**: All sets include lines 4 and 5, so none are eliminated yet.\n\n**Step 4: Sorting `BN`**\n- `BN` is sorted, but as it's already `[1, 1, 1]`, no change occurs (line 6).\n- **Observation 4**: All sets include line 6, so none are eliminated yet.\n\n**Step 5: Initialization of `LN`**\n- `LN` is initialized as a list of zeros with length 3, same as `N` (line 7).\n- **Observation 5**: All sets include line 7, so none are eliminated yet.\n\n**Step 6: Compute Values for `LN`**\n- A try block executes a nested loop to calculate values for `LN` (lines 8-13).\n  - For `X=1`, while-loop checks `BN[j] < 1` (not satisfied; `j=0`), so progresses directly to `LN[0] = 3/1 = 3`.\n  - For `X=2`, while-loop checks `BN[j] < 2` (satisfied for `j=0,1,2`), so `s = 3`, `j = 3`. Calculate `LN[1] = (3 + 2*(0))/2 = 1`.\n  - For `X=3`, while-loop not executed (j=3 >= N=3). Calculate `LN[2] = (3 + 3*(0))/3 = 1`.\n- Post-loop, `LN` results in `[3, 1, 1]`.\n- IndexError does not occur for the input, so `except` block (line 14) is not executed.\n- **Observation 6**: All sets include lines 8, 9, 11 at least. The absence of IndexError means lines 15 is not executed, eliminating set 2.\n\n**Step 7: Initialization of `KN`**\n- `KN` is initialized as a list of zeros with length 3, same as `N` (line 18).\n- **Observation 7**: Only sets with line 18 remain: sets 3 to 12.\n\n**Step 8: Filling `KN` Based on `LN`**\n- A loop fills `KN`: For each `i`, index `[LN[i]-1]` is assigned `i+1` (lines 19-20).\n  - For `i=0`, `KN[2] = 1`.\n  - For `i=1`, `KN[0] = 2`.\n  - For `i=2`, `KN[0] = 3`.\n- Post-loop, `KN` results in `[3, 0, 1]`.\n- **Observation 8**: Sets remaining are 3, 4, 5, 6 only as they include lines 19 and 20.\n\n**Step 9: Adjust `KN` for Zeros**\n- A loop iterates to fill zero entries in `KN` with forward fill logic (lines 21-22).\n  - For `i=1`, since `KN[1] = 0`, `KN[1]` is set to `KN[2]=1`.\n- Post-loop, `KN` results in `[3, 1, 1]`.\n- **Observation 9**: Only sets with lines 21 and 22 remain: sets 3, 4, 5, 6.\n\n**Step 10: Output Results**\n- Lastly, each value in `KN` is printed (lines 24-25).\n  - Outputs: 3, 1, 1.\n- **Observation 10**: Sets with line 25 remain: Set 3 and 5 only.\n\n**FINAL CODE COVERAGE:**\n- Set 5: Statements 1, 2, 3, 4, 5, 6, 7, 8, 9, 11, 18, 19, 20, 21, 22, 24, 25.\n\nThus, considering the complete reasoning, the set of statements: `1, 2, 3, 4, 5, 6, 7, 8, 9, 11, 18, 19, 20, 21, 22, 24, 25` (Set 5) is covered.",
                "response_time": 14.986894130706787,
                "input_tokens": 907,
                "output_tokens": 651
            }
        ],
        "serialized_code": "Line 1: N=int(raw_input())\nLine 2: AN=map(int, raw_input().split())\nLine 3: BN=[0 for i in xrange(N)]\nLine 4: for i in AN:\nLine 5:     BN[i-1] += 1\nLine 6: BN.sort()\nLine 7: LN = [0 for i in xrange(N)]\nLine 8: s = 0\nLine 9: j = 0\nLine 10: try:\nLine 11:     for X in xrange(1, N+1):\nLine 12:         while j<N and  BN[j] < X:\nLine 13:             s += BN[j]\nLine 14:             j += 1\nLine 15:         LN[X-1] = (s + X*(N - j)) / X\nLine 16: except IndexError:\nLine 17:     pass\nLine 18: KN = [0 for i in xrange(N)]\nLine 19: for i in xrange(len(LN)):\nLine 20:     KN[LN[i]-1] = i+1\nLine 21: for i in xrange(len(KN)-2, -1, -1):\nLine 22:     if KN[i] == 0:\nLine 23:         KN[i] = KN[i+1]\nLine 24: for i in KN:\nLine 25:     print (str(i))\n",
        "test_case_id": "1"
    }
]