[
    {
        "submission_id": "s673883649",
        "methods_removed": 0,
        "methods_removed_names": [],
        "number_of_calls": {},
        "lines_affected": {},
        "focc": [
            "Set 1: Statements 1, 2, 3, 4, 5",
            "Set 2: Statements 1, 2, 3, 4, 6, 7",
            "Set 3: Statements 1, 2, 3, 4, 6, 9"
        ],
        "code": "A,V = map(int, input().split())\nB,W = map(int, input().split())\nT = int(input())\nif B > A and A+V*T >= B+W*T:\n  print('YES')\nelif B < A and A-V*T <= B-W*T:\n  print('YES')\nelse:\n  print('NO')",
        "test_cases": [
            {
                "test_case_id": 1,
                "test_case_inputs": "Test Case Input:\n10 5\n15 3\n2",
                "crispe_response": "PLAN:\n\nStep 1: Input Processing:\nThe program begins by taking three inputs: the integers A and V from the first line, B and W from the second line, and T from the third line. With the provided test case, we have:\n- A = 10, V = 5 from the input \"10 5\"\n- B = 15, W = 3 from the input \"15 3\"\n- T = 2 from the input \"2\"\nObservation 1: Lines 1, 2, and 3 from all the sets are applicable as they involve input processing.\n\nStep 2: Evaluating the First Condition:\nThe first condition checks if B > A and A+V*T >= B+W*T. Substituting the values:\n- B > A: 15 > 10, which is true.\n- A+V*T >= B+W*T: 10 + 5*2 >= 15 + 3*2, which simplifies to 20 >= 21, which is false.\nBecause the second part of the condition is false, the statement in line 5 (print 'YES') is not executed.\nObservation 2: This eliminates Set 1, which includes statement 5.\n\nStep 3: Evaluating the Second Condition:\nThe second condition checks if B < A and A-V*T <= B-W*T. Substituting the values:\n- B < A: 15 < 10, which is false.\nSince the first part of this condition is false, the whole condition is not satisfied, and line 7 (print 'YES') is not executed.\nObservation 3: This eliminates Set 2, which includes statement 7.\n\nStep 4: Executing the Else Block:\nSince neither of the if conditions is satisfied, the program executes the else block, printing 'NO' via line 9.\nObservation 4: Only Set 3 remains applicable because it includes statement 9.\n\nFINAL CODE COVERAGE:\nSet 3: Statements 1, 2, 3, 4, 6, 9",
                "response_time": 6.457191467285156,
                "input_tokens": 658,
                "output_tokens": 284
            },
            {
                "test_case_id": 2,
                "test_case_inputs": "Test Case Input:\n4 2\n6 3\n2",
                "crispe_response": "PLAN:\n\nStep 1: Input Processing:\nThe program is designed to process three lines of input data. The test case provides these inputs directly:\n- The first line contains \"4 2\", which will be mapped to A=4 and V=2.\n- The second line contains \"6 3\", which will be mapped to B=6 and W=3.\n- The third line contains \"2\", which will be assigned to T.\n\nObservation 1: All sets of code coverage (Sets 1, 2, and 3) are applicable as they all include the execution of the input reading statements (Lines 1, 2, and 3).\n\nStep 2: Conditional Checks:\nThe program contains a series of conditional checks based on the input values:\n- The first condition (Line 4) checks if B > A and A + V * T >= B + W * T.\n- The second condition (Line 6) evaluates if B < A and A - V * T <= B - W * T.\n\nFor the test case inputs:\n- A = 4, V = 2\n- B = 6, W = 3\n- T = 2\n\nCalculate:\n- B > A is True (6 > 4)\n- A + V * T is 4 + 2 * 2 = 8\n- B + W * T is 6 + 3 * 2 = 12\nThus, A + V * T >= B + W * T is False (8 >= 12 is False).\n\nSince the first condition fails (and B is greater than A), the program proceeds to evaluate the else block.\n\nObservation 2: The execution reaches the else statement (Line 8) due to the failure of the first condition while skipping the second condition.\n\nStep 3: Executing the Else Block:\nSince neither of the conditions in lines 4 or 6 are satisfied, the else block (Line 9) will execute, printing \"NO\".\n\nObservation 3: Set 3 is applicable, as it includes Lines 1, 2, 3, 4, 6, and 9. Sets 1 and 2 are not valid because Line 5 is never executed in this scenario.\n\nFINAL CODE COVERAGE:\nSet 3: Statements 1, 2, 3, 4, 6, 9",
                "response_time": 11.654056310653687,
                "input_tokens": 658,
                "output_tokens": 352
            }
        ],
        "serialized_code": "Line 1: A,V = map(int, input().split())\nLine 2: B,W = map(int, input().split())\nLine 3: T = int(input())\nLine 4: if B > A and A+V*T >= B+W*T:\nLine 5:   print('YES')\nLine 6: elif B < A and A-V*T <= B-W*T:\nLine 7:   print('YES')\nLine 8: else:\nLine 9:   print('NO')\n",
        "test_case_id": "1"
    }
]