[
    {
        "submission_id": "s721340712",
        "methods_removed": 0,
        "methods_removed_names": [],
        "number_of_calls": {},
        "lines_affected": {},
        "focc": [
            "Set 1: Statements 1, 2, 3, 4, 5, 6, 7, 8, 9, 10, 11, 12, 13, 17",
            "Set 2: Statements 1, 2, 3, 4, 5, 6, 7, 8, 9, 10, 11, 12, 15, 16, 17",
            "Set 3: Statements 1, 2, 3, 4, 5, 6, 7, 8, 9, 10, 11, 17",
            "Set 4: Statements 1, 2, 3, 4, 5, 6, 7, 9, 10, 11, 12, 13, 17",
            "Set 5: Statements 1, 2, 3, 4, 5, 6, 7, 9, 10, 11, 12, 15, 16, 17",
            "Set 6: Statements 1, 2, 3, 4, 5, 6, 7, 9, 10, 11, 17"
        ],
        "code": "exec(\"def nWord(): nWord.cache = raw_input() if not hasattr(nWord, 'cache') or nWord.cache=='' else nWord.cache ; pos = nWord.cache.find(nWord.sep) ; ret, nWord.cache = (nWord.cache, '') if pos==-1 else (nWord.cache[:pos], nWord.cache[pos+1:].lstrip(nWord.sep)) ; return ret\") ; exec(\"nWord.sep = ' '\") ; exec(\"def ___nLine2(): ret, nWord.cache = (raw_input(), nWord.cache if hasattr(nWord, 'cache') else '') if not hasattr(nWord, 'cache') or nWord.cache=='' else (nWord.cache, '') ; return ret\") ; exec('def nInt(): return int(nWord())') ; exec('def nFloat(): return float(nWord())') ; exec(\"def ___nAuto2():\\n ret = nWord()\\n try: return int(ret)\\n except: pass\\n try: return float(ret)\\n except: return ret\") ; exec(\"def nAuto(n=None): return ___nAuto2() if n is None else [___nAuto2() for i in range(n)]\") ; exec(\"def nLine(n=None): return ___nLine2() if n is None else [___nLine2() for i in range(n)]\")\nnAuto()\nA = [int(i) for i in raw_input().split(' ')]\nA.reverse()\nA.append(0)\nA.reverse()\nfor i in range(1, len(A)):\n    A[i] = A[i] + A[i-1]\ndic = {}\ncnt = 0\nfor i in A:\n    if i not in dic:\n        dic[i] = 1\n    else:\n        cnt += dic[i]\n        dic[i] += 1\nprint(cnt)",
        "test_cases": [
            {
                "test_case_id": 1,
                "test_case_inputs": "Test Case Input:\n1 2 3 4 5",
                "crispe_response": "To determine the applicable set of statements that will be covered by the given test case, we will go through a step-by-step reasoning process. \n\nGIVEN PYTHON PROGRAM ANALYSIS:\n\n1. The program begins with several function definitions using `exec` statements, which are not explicitly numbered but involve statements for reading input (`nAuto`, `nInt`, `nFloat`, etc.). The functions set up the interpreter to handle different input operations.\n\n2. The main block starts with `nAuto()`, likely triggering the execution of parsing an initial input assuming the default separator.\n\n3. Then, an input operation occurs: `A = [int(i) for i in raw_input().split(' ')]`. This statement reads a line of input and splits it into integers, filling the list `A`.\n\n4. The next operations involve reversing the list `A`, appending a zero, and then reversing it back. This transforms `A` into `[0, 1, 2, 3, 4, 5]`.\n\n5. Following this, a loop iterates over `A`, starting from the second element and cumulatively summing the values (prefix sum computation).\n\n6. The program uses a dictionary `dic` and a counter `cnt` to count sequences with the same cumulative sum.\n\n7. Finally, it prints the count of sequences, `cnt`.\n\nTEST CASE INPUT: `1 2 3 4 5`\n\nExpected Execution with Given Input:\n\nPLAN:\n\n**Step 1: Input Initialization**\n\n- Based on the test input \"1 2 3 4 5\", the integers are processed into a list `[1, 2, 3, 4, 5]` by reading and splitting operations. Considering the possible sets given, statements for input operations (numbers 1, 2, 3 as per convention in lists) would be executed in any reasonable interpretation.\n\n  **Observation 1:** All sets include statements consistent with input operation (statements 1, 2, 3), so no elimination occurs at this early stage.\n\n**Step 2: Modify List**\n\n- The list `A` is modified by reversing, appending zero, and reversing again. This results in `A` becoming `[0, 1, 2, 3, 4, 5]`.\n\n  **Observation 2:** Statements for list transformation (7 - reverse, 8 - append, 9 - reverse) are applicable here in all sets. Therefore, sets remain consistent with these operations.\n\n**Step 3: Cumulative Sum Calculation**\n\n- The loop begins from the second element, applying cumulative sums. The list is modified as follows:\n  - After the first iteration: `A = [0, 1, 3, 3, 4, 5]`\n  - After the second iteration: `A = [0, 1, 3, 6, 4, 5]`\n  - After the third iteration: `A = [0, 1, 3, 6, 10, 5]`\n  - Finally: `A = [0, 1, 3, 6, 10, 15]`\n\n  **Observation 3:** The loop is executed (likely statements 9, 10, 11, echo in any reasonable set), and sets should contain statement sequences enabling these computations.\n\n**Step 4: Dictionary Usage and Counting**\n\n- The execution uses a dictionary to identify cumulative sums that have been previously encountered. For each entry:\n  - `0` is new, add to `dic`\n  - `1` is new, add to `dic`\n  - `3` is new, add to `dic`\n  - `6` is new, add to `dic`\n  - `10` is new, add to `dic`\n  - `15` is new, add to `dic`\n\n- No values repeat, so `cnt` remains zero.\n\n  **Observation 4:** Sets including operations defined by statement numbers allowing dictionary access (13 - counter, dic management) are applicable.\n\n**Step 5: Output**\n\n- The final output is `0`, printed after dictionary counts are completed.\n\n  **Observation 5:** Statement(s) covering `print(cnt)` (17) must appear in the applicable set.\n\n- Since no repeated sums were present, operations for statement 15 and 16 (conditional incrementation of count) wouldn\u2019t appear in logic without redundant sums.\n\nCONCLUSION:\n\nObservation 2 noted input consistency. \n\nObservation 3 ensures loop execution.\n\nObservation 5 identifies accurate output via statement `17`.\n\n**Filtering Down to Set of Statements:**\n\nSet 4: `[1, 2, 3, 4, 5, 6, 7, 9, 10, 11, 17]` ensures execution properly matches reasoning steps.\n\nFINAL CODE COVERAGE SET: **Set 3: Statements 1, 2, 3, 4, 5, 6, 7, 9, 10, 11, 17**\n\nThus, Set 3 accurately reflects the code path traversed for this specific input case.",
                "response_time": 16.023155450820923,
                "input_tokens": 861,
                "output_tokens": 656
            },
            {
                "test_case_id": 2,
                "test_case_inputs": "Test Case Input:\n1 2 3 4 5",
                "crispe_response": "PLAN:\n\nStep 1: Initial Execution and Input Processing:\nThe program starts with the execution of helper functions defined in the exec statements before the main logic begins. However, these are part of the setup and are not explicitly listed in the coverage options. The main code starts with calling `nAuto()`, which reads input data using the `raw_input()` function. Then, it initializes list A with integers converted from the input string, reversing it, appending 0, and reversing it back.\nObservation 1: All sets of code coverage involve the execution of the statements concerning input processing and setting up the list, denoted as lines 1 to 6.\n\nStep 2: Processing the List A:\nThe list A, after input processing and initial transformations, becomes [1, 2, 3, 4, 5, 0] and is updated in a cumulative manner in a for loop from line 7. In this loop, each element A[i] is increased by the sum of itself and all previous elements.\nObservation 2: Sets 1, 2, 3, 4, 5, and 6 are applicable as they all contain the cumulative sum transformation in lines 7 and 8.\n\nStep 3: Dictonary and Counting Duplicates:\nAfter processing list A, program uses a dictionary to count occurrences of each cumulative sum in A. If an element has already appeared, the counter `cnt` is increased as per lines 9-12 or 13. If not, the element is logged in the dictionary. For the input [1, 2, 3, 4, 5], the cumulative sums do not repeat, resulting in `cnt` remaining zero.\nObservation 3: Sets 4 and 6 cover the main logic of counting duplicates without entering the else block that updates `cnt`, focusing on lines 9, 10, 11, and the dictionary insertion.\n\nStep 4: End of Program:\nFinally, the program prints the result stored in `cnt`. With the given input, it will print `0`.\nObservation 4: Since the dictionary never finds a duplicate sum, and `cnt` does not increase, sets 4 and 6 (which do not include lines 15 and 16) remain following the observed execution pattern.\n\nFINAL CODE COVERAGE:\nSet 6: Lines 1, 2, 3, 4, 5, 6, 7, 9, 10, 11, 17\n\nThis reasoning follows the program's actual flow with the given input, leading to the inclusion of specific lines based on the provided test case dynamics, thereby aligning with the execution logic without unnecessary extra statements.",
                "response_time": 11.264474868774414,
                "input_tokens": 861,
                "output_tokens": 389
            }
        ],
        "serialized_code": "Line 1: exec(\"def nWord(): nWord.cache = raw_input() if not hasattr(nWord, 'cache') or nWord.cache=='' else nWord.cache ; pos = nWord.cache.find(nWord.sep) ; ret, nWord.cache = (nWord.cache, '') if pos==-1 else (nWord.cache[:pos], nWord.cache[pos+1:].lstrip(nWord.sep)) ; return ret\") ; exec(\"nWord.sep = ' '\") ; exec(\"def ___nLine2(): ret, nWord.cache = (raw_input(), nWord.cache if hasattr(nWord, 'cache') else '') if not hasattr(nWord, 'cache') or nWord.cache=='' else (nWord.cache, '') ; return ret\") ; exec('def nInt(): return int(nWord())') ; exec('def nFloat(): return float(nWord())') ; exec(\"def ___nAuto2():\\n ret = nWord()\\n try: return int(ret)\\n except: pass\\n try: return float(ret)\\n except: return ret\") ; exec(\"def nAuto(n=None): return ___nAuto2() if n is None else [___nAuto2() for i in range(n)]\") ; exec(\"def nLine(n=None): return ___nLine2() if n is None else [___nLine2() for i in range(n)]\")\nLine 2: nAuto()\nLine 3: A = [int(i) for i in raw_input().split(' ')]\nLine 4: A.reverse()\nLine 5: A.append(0)\nLine 6: A.reverse()\nLine 7: for i in range(1, len(A)):\nLine 8:     A[i] = A[i] + A[i-1]\nLine 9: dic = {}\nLine 10: cnt = 0\nLine 11: for i in A:\nLine 12:     if i not in dic:\nLine 13:         dic[i] = 1\nLine 14:     else:\nLine 15:         cnt += dic[i]\nLine 16:         dic[i] += 1\nLine 17: print(cnt)\n",
        "test_case_id": "1"
    }
]