[
    {
        "submission_id": "s431839362",
        "methods_removed": 0,
        "methods_removed_names": [],
        "number_of_calls": {},
        "lines_affected": {},
        "focc": [
            "Set 1: Statements 1, 2, 3, 4, 5, 6, 7, 8, 9, 10, 11",
            "Set 2: Statements 1, 2, 3, 4, 5, 6, 7, 8, 9, 10",
            "Set 3: Statements 1, 2, 3, 4, 5, 6, 7, 8, 10, 11",
            "Set 4: Statements 1, 2, 3, 4, 5, 6, 7, 8, 10"
        ],
        "code": "import sys\nN = int(sys.stdin.readline())\nA = sys.stdin.readline().split(' ')\nA = [int(x) for x in A]\nA.insert(0, 0)\nA.append(0)\ntotal = 0\nfor i in range(N + 1):\n\ttotal += abs(A[i] - A[i+1])\nfor i in range(1, N + 1):\n\tprint(str(total - abs(A[i] - A[i + 1]) - abs(A[i] - A[i - 1]) + abs(A[i -1] - A[i + 1])))",
        "test_cases": [
            {
                "test_case_id": 1,
                "test_case_inputs": "Test Case Input:\n5\n1 2 3 4 5",
                "crispe_response": "PLAN:\n\nStep 1: Input Initialization\nThe program begins by reading an integer N from standard input. In the test case, N is given as 5. Then, the program reads a line of N integers and stores them in list A. The input values \"1 2 3 4 5\" are split into a list of integers [1, 2, 3, 4, 5].\nObservation 1: Sets 1, 2, 3, and 4 are all applicable because they include the execution of lines 1 to 4.\n\nStep 2: Modifying List A\nThe program inserts 0 at the beginning and appends 0 at the end of list A, resulting in [0, 1, 2, 3, 4, 5, 0].\nObservation 2: All sets remain applicable (sets 1, 2, 3, and 4) as each includes the execution of line 5 and 6.\n\nStep 3: Calculating Total\nA loop runs from 0 to N (5 in this test case), using indices of A to calculate the total sum of the absolute differences of consecutive elements in the list A. Line 8 is executed for i = 0 to 5.\nObservation 3: All sets remain applicable (sets 1, 2, 3, and 4) as they account for the execution of line 7.\n\nStep 4: Calculation with Print Statements\nA loop runs from 1 to N (5 in this test case), and for each element in this segment of A, the code calculates a specific value and prints it. This loop covers the execution of code from line 9 to 11. However, since this is a print operation, if it is not specified in a coverage set, it can be skipped as it does not impact major operations otherwise.\nObservation 4: From the description, Sets 2 and 4 explicitly do not include line 11. Since line 11 is a print statement, this may or may not impact coverage choice depending on print necessity in the interpretation of \"full execution.\" We will explore possibilities below.\n\nStep 5: Perform Analysis Based on Print Output Execution\nSince there are always print statements happening, total calculation includes modifications specified from lines 9 through 11, including action of calculations and modifying the total for print purpose.\nObservation 5: Given the methodology previously described, we can identify: Sets 1 and 3 include line 11, whereas sets 2 and 4 omit it. Considering print specificity from case intention, a precise understanding might suggest using sets 1 or 3 if print paths matter.\n\nFINAL CODE COVERAGE:\nSet 1: Covers all path including print operation and is comprehensive of all statements 1 through 11 based on the detailed discourse, including comprehensive output statements, making it the definite holistic path under complete execution scenarios needed for outputs.",
                "response_time": 10.372580766677856,
                "input_tokens": 713,
                "output_tokens": 444
            },
            {
                "test_case_id": 2,
                "test_case_inputs": "Test Case Input:\n3\n1 2 3",
                "crispe_response": "PLAN:\n\n**Step 1: Input Processing**\n\nThe program starts by reading an integer `N` from the input, which determines the length of the list `A`. For the given test case, `N` is 3. Next, it reads the space-separated list `A` which contains the numbers 1, 2, and 3. The list `A` is then converted to integers, with a 0 inserted at the start and end, making `A` = [0, 1, 2, 3, 0].\n\n**Observation 1:** All possible sets of code coverage include these input processing steps (statements 1, 2, 3, 4, and 5).\n\n**Step 2: Calculating Initial Total**\n\nThe program enters the first loop (statement 6), iterating from 0 to `N` (inclusive). In each iteration, it updates `total` by adding the absolute difference between consecutive elements of `A`. In this case, the iterations incrementally add `abs(0-1) + abs(1-2) + abs(2-3) + abs(3-0)` to `total`, resulting in a total sum of 8.\n\n**Observation 2:** All sets of code coverage include this loop from statements 6 to 8.\n\n**Step 3: Calculating and Printing Results**\n\nThe program proceeds to the second loop (statement 9), iterating from 1 to `N` (inclusive). For each element `A[i]`, it computes and prints a modified total by adjusting `total` to account for `A` without the position `i`. The printed values are:\n- For `i=1`: `8 - abs(1-2) - abs(1-0) + abs(0-2)` which equals 7\n- For `i=2`: `8 - abs(2-3) - abs(2-1) + abs(1-3)` which equals 7\n- For `i=3`: `8 - abs(3-0) - abs(3-2) + abs(2-0)` which equals 7\n\n**Observation 3:** This loop involves statement 11, which is only included in sets 1 and 3.\n\n**Step 4: Final Analysis and Outcome**\n\nIn the end, the second loop (statement 9) and its print statement (statement 11) are executed in their entirety, indicating that set 1 and set 3 could potentially represent the coverage. However, since the second loop is critical to the program's full completion regarding the output, the most accurate set would include this print statement execution.\n\n**FINAL CODE COVERAGE:**\n\nSet 1: Statements 1, 2, 3, 4, 5, 6, 7, 8, 9, 10, 11",
                "response_time": 9.87411904335022,
                "input_tokens": 711,
                "output_tokens": 346
            }
        ],
        "serialized_code": "Line 1: import sys\nLine 2: N = int(sys.stdin.readline())\nLine 3: A = sys.stdin.readline().split(' ')\nLine 4: A = [int(x) for x in A]\nLine 5: A.insert(0, 0)\nLine 6: A.append(0)\nLine 7: total = 0\nLine 8: for i in range(N + 1):\nLine 9: \ttotal += abs(A[i] - A[i+1])\nLine 10: for i in range(1, N + 1):\nLine 11: \tprint(str(total - abs(A[i] - A[i + 1]) - abs(A[i] - A[i - 1]) + abs(A[i -1] - A[i + 1])))\n",
        "test_case_id": "1"
    }
]