[
    {
        "submission_id": "s310733738",
        "methods_removed": 0,
        "methods_removed_names": [],
        "number_of_calls": {},
        "lines_affected": {},
        "focc": [
            "Set 1: Statements 1, 2, 3, 4",
            "Set 2: Statements 1, 2, 3, 6, 7, 8, 9"
        ],
        "code": "dish_list = [int(input()) for _ in range(5)]\nlast_num_list = [int(str(dish_i)[-1]) for dish_i in dish_list]\nif sum(last_num_list) % 10 == 0:\n  print(sum(dish_list))\nelse:  \n  target_index = min(list(filter(lambda x: x>0, last_num_list)))\n  last_num_min_index = last_num_list.index(target_index)\n  ceiling_dish_list = [-10* (-i//10) for i in dish_list]\n  print(sum(ceiling_dish_list) - ceiling_dish_list[last_num_min_index] + dish_list[last_num_min_index])",
        "test_cases": [
            {
                "test_case_id": 1,
                "test_case_inputs": "Test Case Input:\n10\n20\n30\n40\n50",
                "crispe_response": "To determine which set of code coverage applies to the given test case for the provided Python program, we will follow a systematic approach, similar to the sample reasoning provided:\n\n### PLAN:\n\n**Step 1: Input Processing:**\n- The program starts by taking 5 integer inputs (lines 1 and 2).\n- **Test Case Input:** 10, 20, 30, 40, 50.\n- These inputs populate `dish_list`.\n- **Observation 1:** Both sets of code coverage include statements 1 and 2, so they remain applicable.\n\n**Step 2: Calculate `last_num_list`:**\n- Each number in `dish_list` is converted to a string, and the last digit is extracted to form `last_num_list` (line 3).\n- For the inputs given, `last_num_list` will be `[0, 0, 0, 0, 0]`.\n- **Observation 2:** Both code coverage sets include statement 3, so they remain applicable.\n\n**Step 3: Check divisibility by 10:**\n- The program checks if the sum of `last_num_list` is divisible by 10 (line 4).\n- Since `last_num_list` is `[0, 0, 0, 0, 0]`, the sum is 0, which is divisible by 10.\n- **Observation 3:** Execution enters the `if` block, and upon satisfying this condition, prints the sum of `dish_list` (line 5).\n- Since we enter the `if` block, it is clear that lines 6, 7, 8, and 9 are not executed, eliminating Set 2 which includes those lines.\n\n**Step 4: End of Execution:**\n- As the condition in line 4 was satisfied, the program outputs the sum of `dish_list` and completes execution.\n- **Observation 4:** From previous observations and paths, Set 1 is applicable as it encompasses all statements executed given the test case conditions.\n\n### FINAL CODE COVERAGE:\nSet 1: Statements 1, 2, 3, 4\n\nThis methodical analysis leads us to conclude that the correct set of statements covered for the given test case is Set 1.",
                "response_time": 5.599960088729858,
                "input_tokens": 663,
                "output_tokens": 298
            },
            {
                "test_case_id": 2,
                "test_case_inputs": "Test Case Input:\n10\n20\n30\n40\n50",
                "crispe_response": "To determine the correct set of statements covered by the given test case in the Python program, let's go through a step-by-step reasoning process:\n\n**PLAN:**\n\n1. **Step 1: Input Collection**\n   - The program begins by collecting 5 integers as input from the user using a list comprehension.\n   - The test case inputs are `10`, `20`, `30`, `40`, and `50`, which will populate `dish_list` as `[10, 20, 30, 40, 50]`.\n   - **Observation 1:** Both Sets 1 and 2 are applicable because they both include the statement that collects input (Statement 1).\n\n2. **Step 2: Calculating last digits**\n   - The next step involves creating `last_num_list` by extracting the last digit of each number in `dish_list`. This is done using a list comprehension.\n   - For the given inputs, `last_num_list` will be `[0, 0, 0, 0, 0]` since the last digit of each entered number is `0`.\n   - **Observation 2:** Both Sets 1 and 2 remain applicable since they both include the calculation of last digits (Statement 2).\n\n3. **Step 3: Summation Check**\n   - The program then checks if the sum of `last_num_list` is divisible by 10 (`sum(last_num_list) % 10 == 0`).\n   - Here, `sum(last_num_list)` is `0` and `0 % 10` is indeed `0`. Therefore, the condition is satisfied.\n   - **Observation 3:** Because the condition is satisfied, the program will execute the `print(sum(dish_list))` statement (Statement 3). This matches with Set 1.\n   - **Further Observation:** Statement 4 is also executed due to the truth of the if condition, finalizing the execution of Set 1 statements. Meanwhile, Set 2 requires the else block to be executed (Statements 6, 7, 8, and 9), which will not occur since the if condition was satisfied.\n\n4. **Step 4: Output Result**\n   - Given that the if condition is met, the program prints the sum of `dish_list`, which is `10 + 20 + 30 + 40 + 50 = 150`.\n   - This execution path fulfills the conditions of Set 1 wherein Statements 1, 2, 3, and 4 are executed.\n\n5. **Step 5: Elimination of Non-applicable Set**\n   - The else condition, along with Statements 6, 7, 8, and 9, are not executed as the if condition was true.\n   - **Final Observation:** Set 2 is not applicable because it includes the else block (Statements 6, 7, 8, and 9), which is not executed in this test case due to the satisfied if condition.\n\n**FINAL CODE COVERAGE:**\n\nSet 1: Statements 1, 2, 3, 4\n\nHere, the reasoning shows that Set 1 is the correct set of statements covered by this specific test case due to the if condition being satisfied and the subsequent print statement being executed.",
                "response_time": 7.639345407485962,
                "input_tokens": 663,
                "output_tokens": 433
            }
        ],
        "serialized_code": "Line 1: dish_list = [int(input()) for _ in range(5)]\nLine 2: last_num_list = [int(str(dish_i)[-1]) for dish_i in dish_list]\nLine 3: if sum(last_num_list) % 10 == 0:\nLine 4:   print(sum(dish_list))\nLine 5: else:  \nLine 6:   target_index = min(list(filter(lambda x: x>0, last_num_list)))\nLine 7:   last_num_min_index = last_num_list.index(target_index)\nLine 8:   ceiling_dish_list = [-10* (-i//10) for i in dish_list]\nLine 9:   print(sum(ceiling_dish_list) - ceiling_dish_list[last_num_min_index] + dish_list[last_num_min_index])\n",
        "test_case_id": "1"
    }
]