[
    {
        "submission_id": "s034715209",
        "methods_removed": 0,
        "methods_removed_names": [],
        "number_of_calls": {},
        "lines_affected": {},
        "focc": [
            "Set 1: Statements 1, 2, 3, 4, 5, 6, 7, 8, 9, 10, 11, 12, 13, 19",
            "Set 2: Statements 1, 2, 3, 4, 5, 6, 7, 8, 9, 10, 11, 15, 16, 19",
            "Set 3: Statements 1, 2, 3, 4, 5, 6, 7, 8, 9, 10, 18, 19",
            "Set 4: Statements 1, 2, 3, 4, 5, 6, 7, 8, 9, 19"
        ],
        "code": "import math\nimport sys\nimport heapq\nimport fractions\nN = int(input())\nA = list(map(int, input().split()))\nB = list(map(int, input().split()))\nans = 0\nfor i in range(N):\n    if B[i]>A[i]:\n        if B[i] >= A[i+1]+A[i]:\n            ans += A[i]+A[i+1]\n            A[i+1] = 0\n        else:\n            A[i+1] -= B[i]-A[i]\n            ans += B[i]\n    else:\n        ans += B[i]\nprint(ans)",
        "test_cases": [
            {
                "test_case_id": 1,
                "test_case_inputs": "Test Case Input:\n3\n1 2 3\n4 5 6",
                "crispe_response": "To determine the code coverage for the given test case, let's analyze the program step by step.\n\n### GIVEN PROGRAM:\n\n```python\nimport math\nimport sys\nimport heapq\nimport fractions\nN = int(input())\nA = list(map(int, input().split()))\nB = list(map(int, input().split()))\nans = 0\nfor i in range(N):\n    if B[i] > A[i]:\n        if B[i] >= A[i+1] + A[i]:\n            ans += A[i] + A[i+1]\n            A[i+1] = 0\n        else:\n            A[i+1] -= B[i] - A[i]\n            ans += B[i]\n    else:\n        ans += B[i]\nprint(ans)\n```\n\n### GIVEN TEST CASE INPUT:\n\n```\n3\n1 2 3\n4 5 6\n```\n\n### PLAN:\n#### Step 1: Input Processing\nThe program begins by reading input values. `N` is read as 3, `A` is `[1, 2, 3]`, and `B` is `[4, 5, 6]`.\n\n- **Observation 1:** Lines 1, 2, 3, 4, 5, 6, and 7 are executed. All sets include these lines.\n\n#### Step 2: Iteration Setup\nThe `for` loop (line 8) iterates over the range of `N` (3 in this case), so the loop will run three times with `i = 0, 1, 2`.\n\n- **Observation 2:** All sets include line 8, as they account for the loop execution.\n\n#### Step 3: First Iteration with `i = 0`\n- **Condition Check:** `B[0] > A[0]` (4 > 1) is true.\n- - **Nested Condition:** `B[0] >= A[1] + A[0]` (4 >= 2 + 1) is true. Hence, `ans` is incremented by `A[0] + A[1]` (1 + 2 = 3), and `A[1]` is set to 0.\n  \n- **Observation 3:** This includes lines 9, 10, 11, and 12. Applicable sets are 1 and 2.\n\n#### Step 4: Second Iteration with `i = 1`\n- **Condition Check:** `B[1] > A[1]` (5 > 0) is true.\n  - **Nested Condition:** `B[1] >= A[2] + A[1]` (5 >= 3 + 0) is true again. The `ans` is incremented by `A[1] + A[2]` (0 + 3 = 3), and `A[2]` is set to 0.\n\n- **Observation 4:** Includes lines 9, 10, 11, and 12. Applicable sets are still 1 and 2.\n\n#### Step 5: Third Iteration with `i = 2`\n- **Condition Check:** `B[2] > A[2]` (6 > 0) is true.\n  - **Nested Condition:** `B[2] >= A[3] + A[2]` is irrelevant as `A[3]` does not exist. Since array bounds are not exceeded due to control flow logic, the execution does not encounter an error.\n  \n  - **Action Execution:** Here, we only execute `ans += A[2]` (3). This includes line 12 by logic safety, maintaining integrity without overflow.\n\n- **Observation 5:** All prior operations maintain integrity under conditional controls. Applicable sets are still 1 and 2.\n\n#### Step 6: End of Program\nFinally, line 19 (`print(ans)`) is executed, which prints the accumulated answer `ans`.\n\n- **Observation 6:** Line 19 is present in sets 1 and 2.\n\n### FINAL ANALYSIS\nThroughout all iterations and conditions, the nested conditions under `B[i] >= A[i+1] + A[i]` consistently held true for available indices. The nested `else` block (line 15, 16) was never executed, thus ensuring that set 2 execution does not cover unseen lines from set 3 or 4.\n\n**FINAL CODE COVERAGE: Set 1** contains lines 1, 2, 3, 4, 5, 6, 7, 8, 9, 10, 11, 12, 13, 19, consistently matching executed pathways with guards for each condition.",
                "response_time": 18.366989612579346,
                "input_tokens": 714,
                "output_tokens": 537
            },
            {
                "test_case_id": 2,
                "test_case_inputs": "Test Case Input:\n3\n1 2 3\n4 5 6",
                "crispe_response": "PLAN:\n\nStep 1: Import Statements and Input Handling:\nThe program begins with import statements from various modules, which aren't part of any conditions evaluated in the given sets.\nObservation 1: All sets of code coverage are applicable as they all include the execution of the imports (lines 1-4).\n\nStep 2: Initial Input Processing:\nThe integer N is taken as input. Following this, two lists A and B of integers are also inputted. Given the test case directly provides the values 3, [1, 2, 3], and [4, 5, 6], it implies that lines 5 and 6 are executed correctly to capture this input.\nObservation 2: All sets remain applicable as they include lines 5 and 6.\n\nStep 3: Variable Initialization:\nThe variable `ans` is initialized to 0.\nObservation 3: All sets of code coverage are still applicable since they include line 7.\n\nStep 4: Loop Execution:\nThe loop begins iterating over the range of N (which is 3), thus will execute three times; each set accounts for the loop's initiation (line 8).\n\nStep 5: First Iteration (i=0):\n- B[0] = 4 and A[0] = 1, hence B[0] > A[0].\n- The condition `if B[i] >= A[i+1]+A[i]` in line 10 is checked. B[0] = 4, A[0] + A[1] = 3, thus this statement is true, so line 11 executes.\n  - ans is updated to 1 + 2 = 3, and A[1] = 0.\nObservation 5: Sets that include lines 10, 11, and 12 are still applicable. Sets 2 and 4 are not applicable because they do not account for the execution of line 12.\n\nStep 6: Second Iteration (i=1):\n- B[1] = 5 and A[1] = 0, hence B[1] > A[1].\n- The condition `if B[i] >= A[i+1]+A[i]` is checked again but now B[1] = 5, and A[1] + A[2] = 3, hence line 13 executes.\n  - A[2] is reduced to 1, and ans is updated to 3 + 5 = 8.\nObservation 6: the Set applicable now is Set 1 that include line 13.\n\nStep 7: Third Iteration (i=2):\n- B[2] = 6 and A[2] = 1, hence B[2] > A[2].\n- However, since for i=2 there is no A[i+1], the else part (line 17) would execute adding B[i] to ans. \n- ans becomes 8 + 1 = 9.\nObservation 7: This step does not eliminate anymore as line 17 doesn't still match with Set 1.\n\nStep 8: Final Output:\nAfter all iterations, the final value of ans (clearly printed) is accounted for in all applicable sets (end of line 19).\nObservation 8: The final observations point to Set 1 being the plausible coverage based on steps 5 and 6 above.\n\nFINAL CODE COVERAGE:\nSet 1: Statements 1, 2, 3, 4, 5, 6, 7, 8, 9, 10, 11, 12, 13, 19",
                "response_time": 10.078379392623901,
                "input_tokens": 714,
                "output_tokens": 460
            }
        ],
        "serialized_code": "Line 1: import math\nLine 2: import sys\nLine 3: import heapq\nLine 4: import fractions\nLine 5: N = int(input())\nLine 6: A = list(map(int, input().split()))\nLine 7: B = list(map(int, input().split()))\nLine 8: ans = 0\nLine 9: for i in range(N):\nLine 10:     if B[i]>A[i]:\nLine 11:         if B[i] >= A[i+1]+A[i]:\nLine 12:             ans += A[i]+A[i+1]\nLine 13:             A[i+1] = 0\nLine 14:         else:\nLine 15:             A[i+1] -= B[i]-A[i]\nLine 16:             ans += B[i]\nLine 17:     else:\nLine 18:         ans += B[i]\nLine 19: print(ans)\n",
        "test_case_id": "1"
    }
]