[
    {
        "submission_id": "s753898073",
        "methods_removed": 0,
        "methods_removed_names": [],
        "number_of_calls": {},
        "lines_affected": {},
        "focc": [
            "Set 1: Statements 1, 4, 7, 10, 22, 23, 24, 11, 5, 6, 15, 21",
            "Set 2: Statements 1, 4, 7, 10, 22, 23, 24, 11, 5, 6, 15, 16, 21",
            "Set 3: Statements 1, 4, 7, 10, 22, 23, 24, 11, 5, 6, 15, 16, 18, 20, 8, 9",
            "Set 4: Statements 1, 4, 7, 10, 22, 23, 24, 11, 5, 6, 15, 16, 18, 19, 20, 8, 9",
            "Set 5: Statements 1, 4, 7, 10, 22, 23, 24, 11, 5, 6, 13, 15, 21",
            "Set 6: Statements 1, 4, 7, 10, 22, 23, 24, 11, 5, 6, 13, 15, 16, 18, 20, 8, 9",
            "Set 7: Statements 1, 4, 7, 10, 22, 23, 24, 11, 5, 6, 13, 15, 16, 18, 19, 20, 8, 9",
            "Set 8: Statements 1, 4, 7, 10, 22, 23, 24, 11, 5, 6, 12, 15, 21",
            "Set 9: Statements 1, 4, 7, 10, 22, 23, 24, 11, 5, 6, 12, 15, 16, 18, 20, 8, 9",
            "Set 10: Statements 1, 4, 7, 10, 22, 23, 24, 11, 5, 6, 12, 15, 16, 18, 19, 20, 8, 9",
            "Set 11: Statements 1, 4, 7, 10, 22, 23, 24, 11, 5, 6, 14, 15, 21",
            "Set 12: Statements 1, 4, 7, 10, 22, 23, 24, 11, 5, 6, 14, 15, 16, 18, 20, 8, 9"
        ],
        "code": "def dot3(O, A, B):\n    ox, oy = O; ax, ay = A; bx, by = B\n    return (ax - ox) * (bx - ox) + (ay - oy) * (by - oy)\ndef cross3(O, A, B):\n    ox, oy = O; ax, ay = A; bx, by = B\n    return (ax - ox) * (by - oy) - (bx - ox) * (ay - oy)\ndef dist2(A, B):\n    ax, ay = A; bx, by = B\n    return (ax - bx) ** 2 + (ay - by) ** 2\ndef is_intersection(P0, P1, Q0, Q1):\n    C0 = cross3(P0, P1, Q0)\n    C1 = cross3(P0, P1, Q1)\n    D0 = cross3(Q0, Q1, P0)\n    D1 = cross3(Q0, Q1, P1)\n    if C0 == C1 == 0:\n        E0 = dot3(P0, P1, Q0)\n        E1 = dot3(P0, P1, Q1)\n        if not E0 < E1:\n            E0, E1 = E1, E0\n        return E0 <= dist2(P0, P1) and 0 <= E1\n    return C0 * C1 <= 0 and D0 * D1 <= 0\nfor q in range(int(input())):\n    x0, y0, x1, y1, x2, y2, x3, y3 = map(int, input().split())\n    print(+is_intersection((x0, y0), (x1, y1), (x2, y2), (x3, y3)))",
        "test_cases": [
            {
                "test_case_id": 1,
                "test_case_inputs": "Test Case Input:\n2\n0 0 2 2 1 0 0 1\n1 1 3 3 2 1 1 2",
                "crispe_response": "To determine the code coverage for the given test case, we need to follow a logical and systematic approach using the provided test case. We will evaluate which lines of code are executed based on the function `is_intersection` and the input sequences.\n\n### Step-by-Step Reasoning:\n\n**Step 1: Understanding the Test Case and Input Handling**\n\n- The test case provided involves two sets of line segments. Each test input represents the coordinates of two segments: (0, 0), (2, 2), (1, 0), (0, 1) and (1, 1), (3, 3), (2, 1), (1, 2).\n- According to the program, `for q in range(int(input())):` will run twice because the first input is `2`.\n\n**Observation 1:**\nAll the provided sets include execution of the input-processing and loop initialization, which corresponds to statement 22, 23, 24 in all sets.\n\n**Step 2: First Segment Intersection Check (0, 0, 2, 2, 1, 0, 0, 1)**\n\n- **Cross Product Calculations:**\n  - `C0 = cross3((0, 0), (2, 2), (1, 0))`\n  - `C1 = cross3((0, 0), (2, 2), (0, 1))`\n  - `D0 = cross3((1, 0), (0, 1), (0, 0))`\n  - `D1 = cross3((1, 0), (0, 1), (2, 2))`\n  \n  Calculation results determine the execution of logical checks at statements 11, 5 and 6, and subsequently statements 15. Both segments being linear intersections lead to statement 21.\n\n**Observation 2:**\nBoth segments intersect linearly, not satisfying the strict intersection condition leading the algorithm to return true for the intersection test.\n\n**Step 3: Second Segment Intersection Check (1, 1, 3, 3, 2, 1, 1, 2)**\n\n- **Cross Product Calculations:**\n  - `C0 = cross3((1, 1), (3, 3), (2, 1))`\n  - `C1 = cross3((1, 1), (3, 3), (1, 2))`\n  - `D0 = cross3((2, 1), (1, 2), (1, 1))`\n  - `D1 = cross3((2, 1), (1, 2), (3, 3))`\n\n  Calculation results again lead through logic checks at statements 11, 5, and 6 leading statement 15 as both segments satisfy the loose intersection condition allowing execution flow to hit statement 21.\n\n**Observation 3:**\nSimilarly, both segments intersect (based on `C0 * C1 < 0` and `D0 * D1 < 0`), triggering statements through logical flow leading `is_intersection()` producing a true outcome.\n\n**Step 4: Conclusion and Elimination**\n\n- **Determining Coverage:**\n  - The intersection is detected and for both pairs of the segments logic-following through statements: 11, 5, and 6 for both test cases lead statement 15 and finally 21.\n  - Sets with full logical flow verifying through logical checks appropriately capture ACTUAL intersection as determined by runtime conditions stipulated in code.\n\n  We eliminate sets that do not include required logical flow statements, dot products, and cross products distinctly required.\n\n**Step 5: Result Evaluation**\n\nThe viable coverage hence results narrowed to:\n  \n  - **Final Code Coverage:**\n  - Applicable Sets: **Sets 1, 5, and 11**, all include bulk considered logic leading to statement hitting 21.\n  \n  However, considering fact full evaluation suggests finest result outline:\n\n- **Set 11**: Statements 1, 4, 7, 10, 22, 23, 24, 11, 5, 6, 14, 15, 21\n\nThe selected set captures the full path covered by executing both cases as described.\n\n### Final Note:\n\nThe indicated paths followed logical checks and determinants for segment intersection, highlighting both established end-result from detailed test case analyzation throughout covered tests.",
                "response_time": 19.113799810409546,
                "input_tokens": 1006,
                "output_tokens": 527
            },
            {
                "test_case_id": 2,
                "test_case_inputs": "Test Case Input:\n0\n0 0 1 1 2 2 3 3\n\nThis test case involves two line segments that do not intersect.",
                "crispe_response": "To determine the code coverage for the given program using the test case provided, let's follow a systematic approach:\n\n**Program Analysis**:\nThe program consists of functions `dot3`, `cross3`, `dist2`, and `is_intersection` that involve mathematical operations on points representing line segments. The main loop reads line segment data for multiple test cases and prints whether the two segments intersect.\n\nGIVEN TEST CASE:\n- Segments: (0, 0) to (1, 1) and (2, 2) to (3, 3)\n\n**PLAN**:\n\n**Step 1: Input Handling:**\n- The program begins by reading an integer from input, which denotes the number of test cases. For this scenario, one test case (as implied by `input value: 0`) is processed. \n- Observation 1: Sets including lines 22, 23, and 24 (input handling) are applicable. All given sets contain these lines.\n\n**Step 2: Initialization and Function Calls:**\n- The input line splits into coordinates (0, 0, 1, 1, 2, 2, 3, 3) for two line segments.\n- The `is_intersection` function is invoked with these points, involving lines 10, 11, and subsequent function calls.\n- Observation 2: All sets are applicable as they all handle control reaching line 11 and function call lines.\n\n**Step 3: Function 'cross3' Calculations:**\n- `cross3` is called multiple times (lines 1, 4, 7) to compare orientations of the points.\n- For this test case, all cross products (C0, C1, D0, D1) compute to zero (colinear).\n- Observation 3: All sets are still applicable, accounting for multiple `cross3` invocations terminating without errors.\n\n**Step 4: Colinear Check:**\n- With C0 == C1 == 0, lines 13 of `E0` and `E1` calculations are evaluated.\n- Observation 4: Sets having lines 13 onward are applicable, since we need to check conditions for line segment overlap when colinear.\n\n**Step 5: Overlapping Segments?**\n- `dot3` function evaluates for overlap, and `dist2` checks for segment distance.\n- However, since segments (0,0) to (1,1) and (2,2) to (3,3) are not overlapping, checks on lines 15 determine false, following lines from here leading to returning false.\n- Observation 5: Based on non-overlapping results post-line 21 evaluation, sets accounting for these lines correlation are valid.\n\n**Step 6: Intersection Result Printing:**\n- The loop on line 22 continues to check for more queries via input.\n- Observation 6: Since we've only one test case, intersection result conclusion terminates here with line 21 visualization.\n\nGiven the explicit detailing of how each set aligns with the operations and conclusion of test executions, the covered statement sequence would best align:\n\nFINAL CODE COVERAGE: \nSet 5: Statements 1, 4, 7, 10, 22, 23, 24, 11, 5, 6, 13, 15, 21\n\nThis set corresponds with mathematical checking, recognizing non-overlapping colinear segments, and ensuring the correct false intersection report aligns with all program execution trajectories.",
                "response_time": 9.458973407745361,
                "input_tokens": 1009,
                "output_tokens": 451
            }
        ],
        "serialized_code": "Line 1: def dot3(O, A, B):\nLine 2:     ox, oy = O; ax, ay = A; bx, by = B\nLine 3:     return (ax - ox) * (bx - ox) + (ay - oy) * (by - oy)\nLine 4: def cross3(O, A, B):\nLine 5:     ox, oy = O; ax, ay = A; bx, by = B\nLine 6:     return (ax - ox) * (by - oy) - (bx - ox) * (ay - oy)\nLine 7: def dist2(A, B):\nLine 8:     ax, ay = A; bx, by = B\nLine 9:     return (ax - bx) ** 2 + (ay - by) ** 2\nLine 10: def is_intersection(P0, P1, Q0, Q1):\nLine 11:     C0 = cross3(P0, P1, Q0)\nLine 12:     C1 = cross3(P0, P1, Q1)\nLine 13:     D0 = cross3(Q0, Q1, P0)\nLine 14:     D1 = cross3(Q0, Q1, P1)\nLine 15:     if C0 == C1 == 0:\nLine 16:         E0 = dot3(P0, P1, Q0)\nLine 17:         E1 = dot3(P0, P1, Q1)\nLine 18:         if not E0 < E1:\nLine 19:             E0, E1 = E1, E0\nLine 20:         return E0 <= dist2(P0, P1) and 0 <= E1\nLine 21:     return C0 * C1 <= 0 and D0 * D1 <= 0\nLine 22: for q in range(int(input())):\nLine 23:     x0, y0, x1, y1, x2, y2, x3, y3 = map(int, input().split())\nLine 24:     print(+is_intersection((x0, y0), (x1, y1), (x2, y2), (x3, y3)))\n",
        "test_case_id": "1"
    },
    {
        "submission_id": "s753898073",
        "methods_removed": 1,
        "methods_removed_names": [
            "dot3"
        ],
        "number_of_calls": {
            "dot3": 2
        },
        "lines_affected": {
            "dot3": [
                13,
                14
            ]
        },
        "focc": [
            "Set 1: Statements 1, 2, 3, 6, 7, 11, 17, 18, 19, 20",
            "Set 2: Statements 1, 2, 3, 6, 7, 11, 12, 17, 18, 19, 20",
            "Set 3: Statements 1, 2, 3, 4, 5, 6, 7, 11, 12, 14, 16, 18, 19, 20",
            "Set 4: Statements 1, 2, 3, 4, 5, 6, 7, 11, 12, 14, 15, 16, 18, 19, 20",
            "Set 5: Statements 1, 2, 3, 6, 7, 9, 11, 17, 18, 19, 20",
            "Set 6: Statements 1, 2, 3, 4, 5, 6, 7, 9, 11, 12, 14, 16, 18, 19, 20",
            "Set 7: Statements 1, 2, 3, 4, 5, 6, 7, 9, 11, 12, 14, 15, 16, 18, 19, 20",
            "Set 8: Statements 1, 2, 3, 6, 7, 8, 11, 17, 18, 19, 20",
            "Set 9: Statements 1, 2, 3, 4, 5, 6, 7, 8, 11, 12, 14, 16, 18, 19, 20",
            "Set 10: Statements 1, 2, 3, 4, 5, 6, 7, 8, 11, 12, 14, 15, 16, 18, 19, 20",
            "Set 11: Statements 1, 2, 3, 6, 7, 10, 11, 17, 18, 19, 20",
            "Set 12: Statements 1, 2, 3, 4, 5, 6, 7, 10, 11, 12, 14, 16, 18, 19, 20"
        ],
        "code": "def cross3(O, A, B):\n    ox, oy = O; ax, ay = A; bx, by = B\n    return (ax - ox) * (by - oy) - (bx - ox) * (ay - oy)\ndef dist2(A, B):\n    ax, ay = A; bx, by = B\n    return (ax - bx) ** 2 + (ay - by) ** 2\ndef is_intersection(P0, P1, Q0, Q1):\n    C0 = cross3(P0, P1, Q0)\n    C1 = cross3(P0, P1, Q1)\n    D0 = cross3(Q0, Q1, P0)\n    D1 = cross3(Q0, Q1, P1)\n    if C0 == C1 == 0:\n        E0 = dot3(P0, P1, Q0)\n        E1 = dot3(P0, P1, Q1)\n        if not E0 < E1:\n            E0, E1 = E1, E0\n        return E0 <= dist2(P0, P1) and 0 <= E1\n    return C0 * C1 <= 0 and D0 * D1 <= 0\nfor q in range(int(input())):\n    x0, y0, x1, y1, x2, y2, x3, y3 = map(int, input().split())\n    print(+is_intersection((x0, y0), (x1, y1), (x2, y2), (x3, y3)))",
        "test_cases": [
            {
                "test_case_id": 1,
                "test_case_inputs": "Test Case Input:\n2\n0 0 2 2 1 0 0 1\n1 1 3 3 2 1 1 2",
                "crispe_response": "To determine the appropriate set of code coverage for the given test case, let's go through the program and analyze the execution line by line based on the test case provided.\n\n### PROGRAM ANALYSIS:\n1. **Definitions and Functions:**\n   - The program defines three functions:\n     - `cross3(O, A, B)`: Calculates a cross product.\n     - `dist2(A, B)`: Computes the square of the distance between two points.\n     - `is_intersection(P0, P1, Q0, Q1)`: Determines if two line segments intersect.\n\n2. **Execution Begins:**\n   - The program reads an integer input, which is the number of test cases `q` (Statement 16).\n   - It then iterates `q` times (Statement 17).\n\n### TEST CASE ANALYSIS:\nGiven Test Case Input:\n- The input \"2\" indicates two test cases to be processed.\n- `0 0 2 2 1 0 0 1` and `1 1 3 3 2 1 1 2` are the coordinates for the test cases.\n\n#### STEP-BY-STEP EXECUTION FOR EACH TEST CASE:\n1. **Test Case 1:**\n   - **Input:** `0 0 2 2 1 0 0 1`\n   - **Processing:**\n     - Variables are assigned: `P0 = (0, 0)`, `P1 = (2, 2)`, `Q0 = (1, 0)`, `Q1 = (0, 1)`.\n     - Call `is_intersection(P0, P1, Q0, Q1)`:\n       - Compute `C0, C1, D0, D1` using `cross3`. None are zero, indicating no collinearity (Statements 5-7).\n       - The check `C0 * C1 <= 0 and D0 * D1 <= 0` is True, indicating intersection (Statement 18).\n\n2. **Test Case 2:**\n   - **Input:** `1 1 3 3 2 1 1 2`\n   - **Processing:**\n     - Variables are assigned: `P0 = (1, 1)`, `P1 = (3, 3)`, `Q0 = (2, 1)`, `Q1 = (1, 2)`.\n     - Call `is_intersection(P0, P1, Q0, Q1)`:\n       - Compute `C0, C1, D0, D1` using `cross3`. None are zero, indicating no collinearity (Statements 5-7).\n       - The check `C0 * C1 <= 0 and D0 * D1 <= 0` again evaluates to True (Statement 18).\n\n### CODE COVERAGE DETERMINATION:\n\n**PLAN:**\n- **Step 1: Initial Function Calls and Input:**\n  - Lines 1, 2, 3 (Function definitions executed for `cross3`)\n\n  **Observation 1:** All sets list lines 1, 2, and 3.\n\n- **Step 2: Loop Initialization and Input Parsing:**\n  - Parsing of inputs (Lines 11 and 17 are executed while reading inputs).\n\n  **Observation 2:** Sets 1 through 12 cover lines 11 and 17.\n\n- **Step 3: Processing Each Test Case:**\n  - For both test cases, `cross3` is called multiple times to compute `C0, C1, D0, D1`.\n  - The intersection logic does not require the collinearity handling (thus skipping lines involving `E0, E1, dist2 calls).\n\n  **Observation 3:** Lines 9 and 10 are not covered since direct checks indicate no collinearity, eliminating Sets 5, 6, 7, 8, 9, 10, 11, 12.\n\n- **Step 4: Conditional Execution of Intersection Logic:**\n  - For both test cases, the conditions within the non-collinearity check are applicable.\n\n  **Observation 4:** Line 18 (non-collinearity condition) executes, affecting Sets 1, 2, 3, 4.\n\n- **Step 5: Printing Results and Loop:**\n  - Line 19 outside the loop is executed to print results.\n\n  **Observation 5:** Set 1, Set 2, Set 3, and Set 4 account for statement 19.\n\n**Final Decision:**\nThe presence of line 18 without the execution of collinearity handling (lines related to `dot3`, `dist2`) suggests the use of Set 4 or Set 3 for detailed checks leading to intersection detection. However, considering only line number involvement without specific execution of certain branches:\n\n**FINAL CODE COVERAGE:**  \nSet 3: Statements 1, 2, 3, 4, 5, 6, 7, 11, 12, 14, 16, 18, 19, 20\n\nThis includes both necessary setup and execution lines without collinearity aspects.",
                "response_time": 12.74997067451477,
                "input_tokens": 950,
                "output_tokens": 585
            },
            {
                "test_case_id": 2,
                "test_case_inputs": "Test Case Input:\n0\n0 0 1 1 2 2 3 3\n\nThis test case involves two line segments that do not intersect.",
                "crispe_response": "PLAN:\n\n**Step 1: Input Handling**\n- The outer loop starts with reading an integer input representing the number of test cases, followed by reading inputs for each test case. For this test case, it processes a single test case with line segments denoted by coordinates (0, 0), (1, 1), (2, 2), and (3, 3).\n- Observation 1: Since the outer loop processes at least one test case, lines corresponding to the loop's start and processing the first test case (statements 17, 18, and 19) will be executed. Hence, all sets are initially applicable.\n\n**Step 2: Computing Cross Products**\n- The `is_intersection` function computes the cross products C0 and C1 for the two segments. Specifically:\n  - C0 = cross3((0, 0), (1, 1), (2, 2))\n  - C1 = cross3((0, 0), (1, 1), (3, 3))\n- Since all operations in `cross3` (lines 1-3) will be executed, they contribute to the set coverage.\n- Observation 2: All sets including statements 1, 2, 3 are still applicable at this stage.\n\n**Step 3: Checking Colinearity**\n- In the `is_intersection` function, the program checks if C0 == C1 == 0 holds. \n  - Based on the given test case, the line segments are collinear, fulfilling this condition.\n- The subsequent section calculates E0 and E1 using `dot3`, but since we do not have its implementation or output behavior here, we'll use the observations documented.\n- Observation 3: Sets that include the pathway through lines 11 and 12 due to the condition being true are feasible.\n\n**Step 4: Computing Dot Products and Distances**\n- The code would compute dot products E0 and E1 and compare with distance squared, using the `dist2` function, affecting lines 14, 16, etc. In the absence of line 13 (function start), logical deduction must support coherence.\n- For a non-intersection with collinearity, the evaluation can exclude certain pathways not involved in our deductions.\n- Observation 4: Focusing on valid paths, sets that emphasize statements 14, 16 where a conclusion about collinearity or no intersection might be drawn remain candidates.\n\n**Step 5: End of Function and Output**\n- The result from `is_intersection` determines if the segments intersect, and prints the result accordingly. Line 20 contributes to this verification.\n- The function end paths generally suggest a conclusive result based on computations, with reachable lines indicating non-trivial computational paths.\n- Observation 5: Considering valid outputs in previous steps, paths that avoid unreachable or divergent conditions like lines 8, 10 should be excluded.\n\n**FINAL CODE COVERAGE:**\n- Considering the above reasoning, the applicable sets which match the observed behavior and exclude infeasible blocks (like unimplemented) are Set 3 (due to breadth of logical touchpoints), as it aligns with all visitation expectations and situational deductions. \n",
                "response_time": 8.065648317337036,
                "input_tokens": 953,
                "output_tokens": 446
            }
        ],
        "serialized_code": "Line 1: def cross3(O, A, B):\nLine 2:     ox, oy = O; ax, ay = A; bx, by = B\nLine 3:     return (ax - ox) * (by - oy) - (bx - ox) * (ay - oy)\nLine 4: def dist2(A, B):\nLine 5:     ax, ay = A; bx, by = B\nLine 6:     return (ax - bx) ** 2 + (ay - by) ** 2\nLine 7: def is_intersection(P0, P1, Q0, Q1):\nLine 8:     C0 = cross3(P0, P1, Q0)\nLine 9:     C1 = cross3(P0, P1, Q1)\nLine 10:     D0 = cross3(Q0, Q1, P0)\nLine 11:     D1 = cross3(Q0, Q1, P1)\nLine 12:     if C0 == C1 == 0:\nLine 13:         E0 = dot3(P0, P1, Q0)\nLine 14:         E1 = dot3(P0, P1, Q1)\nLine 15:         if not E0 < E1:\nLine 16:             E0, E1 = E1, E0\nLine 17:         return E0 <= dist2(P0, P1) and 0 <= E1\nLine 18:     return C0 * C1 <= 0 and D0 * D1 <= 0\nLine 19: for q in range(int(input())):\nLine 20:     x0, y0, x1, y1, x2, y2, x3, y3 = map(int, input().split())\nLine 21:     print(+is_intersection((x0, y0), (x1, y1), (x2, y2), (x3, y3)))\n",
        "test_case_id": "2"
    },
    {
        "submission_id": "s753898073",
        "methods_removed": 1,
        "methods_removed_names": [
            "cross3"
        ],
        "number_of_calls": {
            "cross3": 4
        },
        "lines_affected": {
            "cross3": [
                8,
                9,
                10,
                11
            ]
        },
        "focc": [
            "Set 1: Statements 1, 3, 6, 7, 11, 17, 18, 19, 20",
            "Set 2: Statements 1, 3, 6, 7, 11, 12, 17, 18, 19, 20",
            "Set 3: Statements 1, 3, 4, 5, 6, 7, 11, 12, 14, 16, 18, 19, 20",
            "Set 4: Statements 1, 3, 4, 5, 6, 7, 11, 12, 14, 15, 16, 18, 19, 20",
            "Set 5: Statements 1, 3, 6, 7, 9, 11, 17, 18, 19, 20",
            "Set 6: Statements 1, 3, 4, 5, 6, 7, 9, 11, 12, 14, 16, 18, 19, 20",
            "Set 7: Statements 1, 3, 4, 5, 6, 7, 9, 11, 12, 14, 15, 16, 18, 19, 20",
            "Set 8: Statements 1, 3, 6, 7, 8, 11, 17, 18, 19, 20",
            "Set 9: Statements 1, 3, 4, 5, 6, 7, 8, 11, 12, 14, 16, 18, 19, 20",
            "Set 10: Statements 1, 3, 4, 5, 6, 7, 8, 11, 12, 14, 15, 16, 18, 19, 20",
            "Set 11: Statements 1, 3, 6, 7, 10, 11, 17, 18, 19, 20",
            "Set 12: Statements 1, 3, 4, 5, 6, 7, 10, 11, 12, 14, 16, 18, 19, 20"
        ],
        "code": "def dot3(O, A, B):\n    ox, oy = O; ax, ay = A; bx, by = B\n    return (ax - ox) * (bx - ox) + (ay - oy) * (by - oy)\ndef dist2(A, B):\n    ax, ay = A; bx, by = B\n    return (ax - bx) ** 2 + (ay - by) ** 2\ndef is_intersection(P0, P1, Q0, Q1):\n    C0 = cross3(P0, P1, Q0)\n    C1 = cross3(P0, P1, Q1)\n    D0 = cross3(Q0, Q1, P0)\n    D1 = cross3(Q0, Q1, P1)\n    if C0 == C1 == 0:\n        E0 = dot3(P0, P1, Q0)\n        E1 = dot3(P0, P1, Q1)\n        if not E0 < E1:\n            E0, E1 = E1, E0\n        return E0 <= dist2(P0, P1) and 0 <= E1\n    return C0 * C1 <= 0 and D0 * D1 <= 0\nfor q in range(int(input())):\n    x0, y0, x1, y1, x2, y2, x3, y3 = map(int, input().split())\n    print(+is_intersection((x0, y0), (x1, y1), (x2, y2), (x3, y3)))",
        "test_cases": [
            {
                "test_case_id": 1,
                "test_case_inputs": "Test Case Input:\n2\n0 0 2 2 1 0 0 1\n1 1 3 3 2 1 1 2",
                "crispe_response": "To determine which set of statements is covered by the given test case, let's go through a step-by-step reasoning process, utilizing the provided program:\n\n### Step 1: Input Processing\n\nThe program begins by reading input from the user, twice. The test case specifies that the first line of input is `2`, which sets up for two iterations of reading coordinates for `P0, P1, Q0, Q1`. The second and third lines of input provide the coordinates for each pair of line segments.\n\n**Observation 1:** All sets include statement 1, which corresponds to initiating the function calls and preparing to read inputs, and statement 3, which corresponds to reading and processing each set of line segments' coordinates.\n\n### Step 2: First Iteration\n\nThe first line of coordinates to be processed is `0 0 2 2 1 0 0 1`. These coordinates are unpacked and passed to the `is_intersection` function, meaning statements 6 and 7 (setup and invocation of `is_intersection`) are executed as the loop processes these inputs.\n\nInside the `is_intersection` function:\n- The `cross3` function is invoked multiple times (on lines 4 and 5) to calculate `C0`, `C1`, `D0`, and `D1`. This means statements 11 and 12 are executed as `cross3` calculations are confirmed.\n- **Observation 2:** Sets 8 and 11 do not involve calls to `cross3`, thus they are discounted as statement 8 is absent.\n\n### Step 3: Checking for Collinearity\n\n- The computation `C0 == C1 == 0` implies all points are collinear needs to be evaluated. Given specific inputs, this boolean expression results in cross product values that are not equal, so execution of statements 9 and 10 is skipped, removing the execution of the block containing `dot3` and `dist2`.\n\n**Observation 3:** Due to the non-collinearity of the points, evaluations involving `dot3` and `dist2` (statements 9 and 10) are not engaged, thereby eliminating sets inclusive of these statements (sets 5, 6, 7, 8, 9, 10, 11, 12).\n\n### Step 4: Check for Proper Intersection\n\n- The test execution continues to the final intersection checks, discerning whether `(C0 * C1 <= 0 and D0 * D1 <= 0)`, thus statement 14 is executed. If this holds true, indicating intersection, `print` as in the main function (statements 18, 19, 20) occurs to output the result of the intersection test.\n\n**Observation 4:** Set 2 determines execution as statements 14, 16 align with the logic of an intersection/output action for non-collinear evaluation.\n\n### Step 5: Second Iteration\n\nSame procedural analysis as the first iteration applies due to input format symmetry:\n- `1 1 3 3 2 1 1 2` derives identical statement paths through input commands, setup calls, and `cross3` execution.\n  \n**Observation 5:** After the second iteration, linkage repeating first iteration takes place, analogous code paths supplying validation upon statements 18 through 20 when performed as an concluding operation of `print`.\n\n### Final Code Coverage:\n\nFrom examining program function paths voiding `dot3`, `dist2` (non-collinear exclusivity) while inclusive of repeated `cross3`, the closest scenario manifests through:\n\n**Set 2: Statements 1, 3, 6, 7, 11, 12, 17, 18, 19, 20**\n\nThis route mimics the arrangement enabling collinearity unfeasibility alongside acceptable intersection setup, resultant reporting conditions valid across both input examples given, delivering logical execution relevance as stated.",
                "response_time": 8.958419799804688,
                "input_tokens": 938,
                "output_tokens": 532
            },
            {
                "test_case_id": 2,
                "test_case_inputs": "Test Case Input:\n0\n0 0 1 1 2 2 3 3\n\nThis test case involves two line segments that do not intersect.",
                "crispe_response": "PLAN:\n\nStep 1: Input and Initial Processing:\n- The test case inputs are two line segments with coordinates (0, 0, 1, 1) and (2, 2, 3, 3).\n- Line 17 takes these inputs through `input()` and `map()` function, and processes them to pass as arguments to the function `is_intersection`.\n- Observation 1: All sets include statements 17, 18, 19, and 20, so no set is eliminated based on initial processing.\n\nStep 2: Inside the Function `is_intersection`:\n- The `is_intersection` function begins by computing `C0` and `C1` using the `cross3` function on `P0, P1, Q0` and `P0, P1, Q1`.\n- Since the test case involves parallel lines that don't intersect, `C0` and `C1` will both be zero, indicating the lines are collinear.\n- Observation 2: The if condition `if C0 == C1 == 0:` (line 6) will be True, this allows us to focus on code paths that include line 7 and beyond; sets not utilizing line 6 can be eliminated.\n  \nStep 3: Collinearity Check and Dot Product Computation:\n- Since `C0` and `C1` are zero, the code calculates `E0` and `E1` via the `dot3` function on `P0, P1, Q0` and `P0, P1, Q1`, respectively.\n- Lines comparing `E0` and `E1` (lines 11 to 14) check whether segment overlaps occur but these segments do not overlap on the line.\n- Observation 3: Since there's no overlap, sets not considering these calculations are eliminated. Sets including only line 11 or sets that skip checks after line 11 (like line 9) are less likely.\n\nStep 4: Distance and Overlap Confirmation:\n- The comparison involving `dist2(P0, P1)` will determine if `E0 <= dist2(P0, P1) and 0 <= E1` is executed or not.\n- Since there is no intersection (`E0` and `E1` won\u2019t satisfy intersection), execution passes to `return C0 * C1 <= 0 and D0 * D1 <= 0` (line 18).\n- Observation 4: Lines focusing merely on the function return values are preferred in this case. This still leaves several sets viable.\n\nStep 5: Final Conclusion:\n- Since `C0 * C1` and `D0 * D1` don\u2019t lead to true intersections, the function correctly identifies the lines as non-intersecting.\n- Observing these code coverages, statement sets are narrowed to include more comprehensive checks but without redundant checks for this scenario.\n- Observation 5: With constraints that there's no crossover within the range, seeking the general larger sets is conceivable; however, the pure comparison of return is crucial.\n\nFINAL CODE COVERAGE: Considering above observations, and the specific nature of inputs and path execution taken, Set 2 proves a balance covering essential statements without redundant lines.\n\nSet 2: Statements 1, 3, 6, 7, 11, 12, 17, 18, 19, 20",
                "response_time": 7.559101819992065,
                "input_tokens": 941,
                "output_tokens": 443
            }
        ],
        "serialized_code": "Line 1: def dot3(O, A, B):\nLine 2:     ox, oy = O; ax, ay = A; bx, by = B\nLine 3:     return (ax - ox) * (bx - ox) + (ay - oy) * (by - oy)\nLine 4: def dist2(A, B):\nLine 5:     ax, ay = A; bx, by = B\nLine 6:     return (ax - bx) ** 2 + (ay - by) ** 2\nLine 7: def is_intersection(P0, P1, Q0, Q1):\nLine 8:     C0 = cross3(P0, P1, Q0)\nLine 9:     C1 = cross3(P0, P1, Q1)\nLine 10:     D0 = cross3(Q0, Q1, P0)\nLine 11:     D1 = cross3(Q0, Q1, P1)\nLine 12:     if C0 == C1 == 0:\nLine 13:         E0 = dot3(P0, P1, Q0)\nLine 14:         E1 = dot3(P0, P1, Q1)\nLine 15:         if not E0 < E1:\nLine 16:             E0, E1 = E1, E0\nLine 17:         return E0 <= dist2(P0, P1) and 0 <= E1\nLine 18:     return C0 * C1 <= 0 and D0 * D1 <= 0\nLine 19: for q in range(int(input())):\nLine 20:     x0, y0, x1, y1, x2, y2, x3, y3 = map(int, input().split())\nLine 21:     print(+is_intersection((x0, y0), (x1, y1), (x2, y2), (x3, y3)))\n",
        "test_case_id": "3"
    },
    {
        "submission_id": "s753898073",
        "methods_removed": 1,
        "methods_removed_names": [
            "dist2"
        ],
        "number_of_calls": {
            "dist2": 1
        },
        "lines_affected": {
            "dist2": [
                17
            ]
        },
        "focc": [
            "Set 1: Statements 1, 4, 5, 6, 7, 8, 12, 18, 19, 20, 21",
            "Set 2: Statements 1, 4, 5, 6, 7, 8, 12, 13, 18, 19, 20, 21",
            "Set 3: Statements 1, 4, 5, 6, 7, 8, 12, 13, 15, 17, 19, 20, 21",
            "Set 4: Statements 1, 4, 5, 6, 7, 8, 12, 13, 15, 16, 17, 19, 20, 21",
            "Set 5: Statements 1, 4, 5, 6, 7, 8, 10, 12, 18, 19, 20, 21",
            "Set 6: Statements 1, 4, 5, 6, 7, 8, 10, 12, 13, 15, 17, 19, 20, 21",
            "Set 7: Statements 1, 4, 5, 6, 7, 8, 10, 12, 13, 15, 16, 17, 19, 20, 21",
            "Set 8: Statements 1, 4, 5, 6, 7, 8, 9, 12, 18, 19, 20, 21",
            "Set 9: Statements 1, 4, 5, 6, 7, 8, 9, 12, 13, 15, 17, 19, 20, 21",
            "Set 10: Statements 1, 4, 5, 6, 7, 8, 9, 12, 13, 15, 16, 17, 19, 20, 21",
            "Set 11: Statements 1, 4, 5, 6, 7, 8, 11, 12, 18, 19, 20, 21",
            "Set 12: Statements 1, 4, 5, 6, 7, 8, 11, 12, 13, 15, 17, 19, 20, 21"
        ],
        "code": "def dot3(O, A, B):\n    ox, oy = O; ax, ay = A; bx, by = B\n    return (ax - ox) * (bx - ox) + (ay - oy) * (by - oy)\ndef cross3(O, A, B):\n    ox, oy = O; ax, ay = A; bx, by = B\n    return (ax - ox) * (by - oy) - (bx - ox) * (ay - oy)\ndef is_intersection(P0, P1, Q0, Q1):\n    C0 = cross3(P0, P1, Q0)\n    C1 = cross3(P0, P1, Q1)\n    D0 = cross3(Q0, Q1, P0)\n    D1 = cross3(Q0, Q1, P1)\n    if C0 == C1 == 0:\n        E0 = dot3(P0, P1, Q0)\n        E1 = dot3(P0, P1, Q1)\n        if not E0 < E1:\n            E0, E1 = E1, E0\n        return E0 <= dist2(P0, P1) and 0 <= E1\n    return C0 * C1 <= 0 and D0 * D1 <= 0\nfor q in range(int(input())):\n    x0, y0, x1, y1, x2, y2, x3, y3 = map(int, input().split())\n    print(+is_intersection((x0, y0), (x1, y1), (x2, y2), (x3, y3)))",
        "test_cases": [
            {
                "test_case_id": 1,
                "test_case_inputs": "Test Case Input:\n2\n0 0 2 2 1 0 0 1\n1 1 3 3 2 1 1 2",
                "crispe_response": "PLAN:\n\n### Step 1: Input Parsing\nThe program begins by reading the number of test cases. In this instance, the input specifies 2 test cases.\n- The input loop will iterate twice (`for q in range(int(input())):`), processing the subsequent input lines.\n  \n**Observation 1:** All sets of code coverage account for this initial input parsing phase and loop execution, so all are still applicable.\n\n### Step 2: First Test Case Processing\nFor the first test case, the program reads the coordinates `0 0 2 2 1 0 0 1`. These coordinates are mapped to the points P0, P1, Q0, Q1:\n- P0 = (0, 0), P1 = (2, 2), Q0 = (1, 0), Q1 = (0, 1).\n\nThe `is_intersection` function is called with these points as arguments.\n\n**Observation 2:** All sets include statements corresponding to function calls and initial setup (Lines 1, 4, 12, 19).\n\n### Step 3: Execution of `cross3`\n- The function `cross3` is called several times to calculate C0, C1, D0, and D1:\n  - C0 = `cross3(P0, P1, Q0)`\n  - C1 = `cross3(P0, P1, Q1)`\n  - D0 = `cross3(Q0, Q1, P0)`\n  - D1 = `cross3(Q0, Q1, P1)`\n\nCalculations result in:\n  - C0 = 2, C1 = -2, D0 = 1, D1 = 1.\n  \nThese values indicate that C0 and C1 are not zero nor equal, and D0 * D1 is not less than or equal to zero.\n\n**Observation 3:** \n- Since C0 is not equal to C1 and both are not zero, this bypasses the subsequent conditional checks for collinearity and projections, eliminating the need for dot product calculations (`dot3`). \n- Sets involving further calculations for dot3 comparison or E0/E1 rearrangement are irrelevant, eliminating sets 5, 6, 7, 8, 9, 10, 11, 12 (all involving lines 9, 10, or 11).\n\nRemaining applicable sets are: 1, 2, 3, 4.\n\n### Step 4: Logic for Intersection Check\nThe intersection condition `return C0 * C1 <= 0 and D0 * D1 <= 0` evaluates to false because D0 * D1 is not <= 0. Thus, the function will return false, indicating no intersection. This concludes the execution for the first test case.\n\n**Observation 4:** The calculation logic (C0 * C1 <= 0 and D0 * D1 <= 0) is present in all remaining sets.\n\n### Step 5: Second Test Case Processing\nFor the second test case, coordinates `1 1 3 3 2 1 1 2` are read and mapped similarly:\n- P0 = (1, 1), P1 = (3, 3), Q0 = (2, 1), Q1 = (1, 2).\n\nThe `is_intersection` function processes these point sets:\n- C0, C1, D0, and D1 are calculated.\n- Given values will ensure transitioning beyond initial intersection logic.\n\n**Observation 5:** Evaluation in terms of C0/C1 and D0/D1 must be retraced across sets. Only those without deviation remain.\n\nConclusion:\nAfter processing the second test case, let's try intersections logic based on observations 1-5:\n- C0 or C1 zero transitions are omitted (sets such as 3, 4 involving abnormal branches), filtering towards basic intersect compute logic.\n- It's clear that Set 1 remains consistent with expected logic since the geometry is defined linearly with no additional curves/branches anticipated.\n\nFINAL CODE COVERAGE:\nSet 1: Statements 1, 4, 5, 6, 7, 8, 12, 18, 19, 20, 21\n\n**Conclusion:** After detailed line navigation and validation via test case examination, Set 1 captures both complete intersections logical flow with verified inputs.",
                "response_time": 16.58990454673767,
                "input_tokens": 957,
                "output_tokens": 558
            },
            {
                "test_case_id": 2,
                "test_case_inputs": "Test Case Input:\n0\n0 0 1 1 2 2 3 3\n\nThis test case involves two line segments that do not intersect.",
                "crispe_response": "PLAN:\n\nStep 1: Input Processing:\nThe program starts by reading the number of test cases, `q`, and the subsequent points representing the line segments. Given the test case input is `0`, the loop will run once, processing the provided line segment coordinates. Statements 18 through 21 handle this input parsing.\nObservation 1: All sets of code coverage include statements related to input processing (statements 18, 19, 20, and 21).\n\nStep 2: Function Calls for Line Segments Intersection Check:\nThe `is_intersection` function is called with arguments `(0, 0), (1, 1), (2, 2), (3, 3)`. This initiates the calculation for intersection checks. Statements 1, 4, 5, 6, 7, 8 are executed since they represent the function definition and initial calculations.\nObservation 2: All sets of code coverage include these initial function definition and calculation statements (statements 1, 4, 5, 6, 7, 8), thus they remain applicable.\n\nStep 3: Cross Product Calculations:\nWithin the `is_intersection` function, cross products `C0`, `C1`, `D0`, and `D1` are calculated using the `cross3` function (statements 4 and 5). These determine the relative orientation of the endpoints.\nObservation 3: All sets include the cross product calculations (statements 4 and 5), so no elimination occurs at this point.\n\nStep 4: Co-linearity Check:\nSince the test case involves non-intersecting line segments that are co-linear (both lines lie on top of each other without overlapping), the cross products result in `C0 == C1 == 0`. The co-linearity condition is satisfied (statement 12 is executed).\nObservation 4: Sets that include statement 12 are applicable. This eliminates sets 1, 5, 8, and 11, which do not include statement 12.\n\nStep 5: Dot Product Calculation and Range Check:\nThe co-linearity check passes, so the program calculates dot products `E0` and `E1` using the `dot3` function (statements 13). The range check is performed but fails since the segments do not overlap. So, statements 15 and potentially further follow.\nObservation 5: Sets that include statement 13 and follow further to evaluate the position, i.e., statements 15 and either 17, 16, or terminate directly, are viable. This aligns with sets 3, 4, 6, 7, 9, 10, 12. Sets 2 and other missing these sequence cannot be valid.\n\nStep 6: Inequality and Comparison Logic:\nThe logic checks within the range check logic determine the sequence flow. In this case, for non-overlapping co-linear segments, a direct termination with false is expected if the logical combination fails completely, so observation at statement related logic comparison.\nObservation 6: Given our specification around the inequality check and test nature as disjoint co-linear segments not aligned via E0, dot products valuation logic hit points ensure elimination of sets down to specific result-oriented pathways. Given absence of interaction specifically in dot, particular pattern ensures valid sequence among sets like 9 and checked absence leads to rejection set flair there.\n\nFINAL CODE COVERAGE:\nThe test case results in co-linearity without intersection, leading to specific conditional flow and return choice not reaching past unnecessary sections. Set 9 precisely fulfills these conditions including positive safety margin in their execution due to condition framework adhering inference specifics - (Statements 1, 4, 5, 6, 7, 8, 9, 12, 13, 15, 17, 19, 20, 21).",
                "response_time": 11.467422485351562,
                "input_tokens": 960,
                "output_tokens": 524
            }
        ],
        "serialized_code": "Line 1: def dot3(O, A, B):\nLine 2:     ox, oy = O; ax, ay = A; bx, by = B\nLine 3:     return (ax - ox) * (bx - ox) + (ay - oy) * (by - oy)\nLine 4: def cross3(O, A, B):\nLine 5:     ox, oy = O; ax, ay = A; bx, by = B\nLine 6:     return (ax - ox) * (by - oy) - (bx - ox) * (ay - oy)\nLine 7: def is_intersection(P0, P1, Q0, Q1):\nLine 8:     C0 = cross3(P0, P1, Q0)\nLine 9:     C1 = cross3(P0, P1, Q1)\nLine 10:     D0 = cross3(Q0, Q1, P0)\nLine 11:     D1 = cross3(Q0, Q1, P1)\nLine 12:     if C0 == C1 == 0:\nLine 13:         E0 = dot3(P0, P1, Q0)\nLine 14:         E1 = dot3(P0, P1, Q1)\nLine 15:         if not E0 < E1:\nLine 16:             E0, E1 = E1, E0\nLine 17:         return E0 <= dist2(P0, P1) and 0 <= E1\nLine 18:     return C0 * C1 <= 0 and D0 * D1 <= 0\nLine 19: for q in range(int(input())):\nLine 20:     x0, y0, x1, y1, x2, y2, x3, y3 = map(int, input().split())\nLine 21:     print(+is_intersection((x0, y0), (x1, y1), (x2, y2), (x3, y3)))\n",
        "test_case_id": "4"
    },
    {
        "submission_id": "s753898073",
        "methods_removed": 2,
        "methods_removed_names": [
            "dot3",
            "cross3"
        ],
        "number_of_calls": {
            "dot3": 2,
            "cross3": 4
        },
        "lines_affected": {
            "dot3": [
                10,
                11
            ],
            "cross3": [
                5,
                6,
                7,
                8
            ]
        },
        "focc": [
            "Set 1: Statements -1, 0, 1, 2, 3, 7, 13, 14, 15, 16",
            "Set 2: Statements -1, 0, 1, 2, 3, 7, 8, 13, 14, 15, 16",
            "Set 3: Statements -1, 0, 1, 2, 3, 7, 8, 10, 12, 14, 15, 16",
            "Set 4: Statements -1, 0, 1, 2, 3, 7, 8, 10, 11, 12, 14, 15, 16",
            "Set 5: Statements -1, 0, 1, 2, 3, 5, 7, 13, 14, 15, 16",
            "Set 6: Statements -1, 0, 1, 2, 3, 5, 7, 8, 10, 12, 14, 15, 16",
            "Set 7: Statements -1, 0, 1, 2, 3, 5, 7, 8, 10, 11, 12, 14, 15, 16",
            "Set 8: Statements -1, 0, 1, 2, 3, 4, 7, 13, 14, 15, 16",
            "Set 9: Statements -1, 0, 1, 2, 3, 4, 7, 8, 10, 12, 14, 15, 16",
            "Set 10: Statements -1, 0, 1, 2, 3, 4, 7, 8, 10, 11, 12, 14, 15, 16",
            "Set 11: Statements -1, 0, 1, 2, 3, 6, 7, 13, 14, 15, 16",
            "Set 12: Statements -1, 0, 1, 2, 3, 6, 7, 8, 10, 12, 14, 15, 16"
        ],
        "code": "def dist2(A, B):\n    ax, ay = A; bx, by = B\n    return (ax - bx) ** 2 + (ay - by) ** 2\ndef is_intersection(P0, P1, Q0, Q1):\n    C0 = cross3(P0, P1, Q0)\n    C1 = cross3(P0, P1, Q1)\n    D0 = cross3(Q0, Q1, P0)\n    D1 = cross3(Q0, Q1, P1)\n    if C0 == C1 == 0:\n        E0 = dot3(P0, P1, Q0)\n        E1 = dot3(P0, P1, Q1)\n        if not E0 < E1:\n            E0, E1 = E1, E0\n        return E0 <= dist2(P0, P1) and 0 <= E1\n    return C0 * C1 <= 0 and D0 * D1 <= 0\nfor q in range(int(input())):\n    x0, y0, x1, y1, x2, y2, x3, y3 = map(int, input().split())\n    print(+is_intersection((x0, y0), (x1, y1), (x2, y2), (x3, y3)))",
        "test_cases": [
            {
                "test_case_id": 1,
                "test_case_inputs": "Test Case Input:\n2\n0 0 2 2 1 0 0 1\n1 1 3 3 2 1 1 2",
                "crispe_response": "PLAN:\n\nStep 1: Program Initialization and Input Reading:\n- The program starts by reading the number of test cases, which is 2 in this scenario.\n- For each test case, it reads 8 integers representing the coordinates of the endpoints of two line segments.\n- Observation 1: The initial statements for reading inputs and setting variables are executed in every case. All sets include statements for input reading and initialization, so no sets can be eliminated yet.\n\nStep 2: First Test Case Evaluation (0 0 2 2 1 0 0 1):\n- The function `is_intersection` is called with the points representing two line segments: P0(0,0), P1(2,2) and Q0(1,0), Q1(0,1).\n- Observation 2: Statements up to 3 (function call and argument setup) ensure that all possible sets still remain applicable.\n\nStep 3: Cross Product Calculations for First Test Case:\n- The cross products `C0` and `C1` are calculated using the function `cross3`.\n- Similarly, `D0` and `D1` are calculated.\n- Observation 3: Because both C0 and C1 must be computed, all sets of code coverage remain applicable as they account for these calculations.\n\nStep 4: Conditional Check and Additional Calculations for First Test Case:\n- The check `if C0 == C1 == 0:` is encountered. In this case, if this condition holds true, further computations involving `dot3` and `dist2` are conducted. If not, a different branch checking `C0 * C1 <= 0 and D0 * D1 <= 0` is considered.\n- Based on the given endpoints, assume that the non-collinear condition `C0 * C1 <= 0 and D0 * D1 <= 0` allows for early return, bypassing `dot3` and `dist2` calculations.\n- Observation 4: Based on this assumption, statements related to the check conclusion and excluding `dot3` and `dist2` further narrow applicability to sets not requiring detailed collinear computations.\n\nStep 5: Second Test Case Evaluation (1 1 3 3 2 1 1 2):\n- The second computation retraces the earlier steps (updating via lines -1 to 3 again for reading input and passing to function) confirming initial execution.\n- Observation 5: The determined pattern for input confirms expected rerunning paths, pruning those accounts consistent with prior cross product checks (as neither dot product nor distance squared component gets pulled here) deduced from lack of collinearity.\n\nStep 6: Final Output:\n- With each intersection check yielding a numerical result for each respective intersection test, the closing stage aligns perfectly with the determination from earlier (i.e., neither segment is collinear nor further branches under else require processing).\n- Observation 6: As lines of flow omit specific explicit rectilinearity evaluations bypassing further dot or distance outputs, this leads us to best select those ensuring only straightforward cross-output criteria.\n\nFINAL CODE COVERAGE:\nSet 5: Statements -1, 0, 1, 2, 3, 5, 7, 13, 14, 15, 16",
                "response_time": 14.744822025299072,
                "input_tokens": 904,
                "output_tokens": 461
            },
            {
                "test_case_id": 2,
                "test_case_inputs": "Test Case Input:\n0\n0 0 1 1 2 2 3 3\n\nThis test case involves two line segments that do not intersect.",
                "crispe_response": "To analyze the given program and narrow down the possible set of code coverage, let's walk through the test case step-by-step using the same format:\n\n### PLAN:\n#### Step 1: Input Processing\n- The program starts by accepting input for the number of test cases (`int(input())`). Given the test case provides a sequence of points representing line segments, it is reasonable to assume that line `-1` and line `0` (the loop construction) are executed correctly to process this case.\n- **Observation 1**: All sets of code coverage are applicable as they all include statements `-1`, `0`, and `1` for reading the input and preparing for the loop execution.\n\n#### Step 2: Function and Variables Initialization\n- The `is_intersection` function is called once for the segments represented by the points (0, 0), (1, 1) and (2, 2), (3, 3). This call involves several variable initializations within the function.\n- **Observation 2**: All sets of coverage remain applicable as they all include statements `2` and `3` corresponding to the initialization operations.\n\n#### Step 3: Cross Product Calculation\n- In `is_intersection`, `cross3` function is presumably called to calculate `C0` and `C1`, which both pertain to whether the points (lines) are collinear and/or intersect. Since the segments are collinear (`C0 == C1 == 0`), all collinearity conditions are satisfied.\n- **Observation 3**: This allows for further execution into the collinear intersection check. Therefore, the possible sets need to include statements involved in collinear checks (`7`, `8`, `10`). Non-collinear sets like `5`, `8`, or `11` where collinear checks are bypassed could now be eliminated.\n\n#### Step 4: Collinear Segment Intersection Check\n- The execution proceeds to perform checks including `dot3` checks (`E0`, `E1`, and their ordering) and `dist2` for segment length comparison. It checks whether the projections actually denote an intersection segment.\n- **Observation 4**: Given the segments are collinear and disjoint, `dist2` evaluations enter and complete without meeting the necessary conditions for actual intersection (this checks conditions like if the segments touch or overlap), confirming statements `10` and `11` as not drastically consequential for this no-intersection instance.\n\n#### Step 5: Conclusion and Output\n- The intersection is printed as false. The function reaches its logical conclusion about `C0*C1 <= 0 and D0*D1 <= 0` suggesting no valid overlap (lines are collinear without intersection).\n- **Observation 5**: The sets that passed conditions observing collinear non-intersections and output handling include `12`, covering the core flow of calculations.\n\n### FINAL CODE COVERAGE:\n- **Set 12**: Statements `-1, 0, 1, 2, 3, 6, 7, 8, 10, 12, 14, 15, 16` capable of encompassing both the tests for collinearly overlapping/intersecting without, in truth, intercepting.\n\nThis stepwise elimination utilizes statements executed directly by the logical path dictated by the input scenarios and the respective line intersection considerations.",
                "response_time": 8.069615364074707,
                "input_tokens": 907,
                "output_tokens": 457
            }
        ],
        "serialized_code": "Line 1: def dist2(A, B):\nLine 2:     ax, ay = A; bx, by = B\nLine 3:     return (ax - bx) ** 2 + (ay - by) ** 2\nLine 4: def is_intersection(P0, P1, Q0, Q1):\nLine 5:     C0 = cross3(P0, P1, Q0)\nLine 6:     C1 = cross3(P0, P1, Q1)\nLine 7:     D0 = cross3(Q0, Q1, P0)\nLine 8:     D1 = cross3(Q0, Q1, P1)\nLine 9:     if C0 == C1 == 0:\nLine 10:         E0 = dot3(P0, P1, Q0)\nLine 11:         E1 = dot3(P0, P1, Q1)\nLine 12:         if not E0 < E1:\nLine 13:             E0, E1 = E1, E0\nLine 14:         return E0 <= dist2(P0, P1) and 0 <= E1\nLine 15:     return C0 * C1 <= 0 and D0 * D1 <= 0\nLine 16: for q in range(int(input())):\nLine 17:     x0, y0, x1, y1, x2, y2, x3, y3 = map(int, input().split())\nLine 18:     print(+is_intersection((x0, y0), (x1, y1), (x2, y2), (x3, y3)))\n",
        "test_case_id": "5"
    },
    {
        "submission_id": "s753898073",
        "methods_removed": 2,
        "methods_removed_names": [
            "dot3",
            "dist2"
        ],
        "number_of_calls": {
            "dot3": 2,
            "dist2": 1
        },
        "lines_affected": {
            "dot3": [
                10,
                11
            ],
            "dist2": [
                14
            ]
        },
        "focc": [
            "Set 1: Statements 1, 2, 3, 4, 8, 14, 15, 16, 17",
            "Set 2: Statements 1, 2, 3, 4, 8, 9, 14, 15, 16, 17",
            "Set 3: Statements 1, 2, 3, 4, 8, 9, 11, 13, 15, 16, 17",
            "Set 4: Statements 1, 2, 3, 4, 8, 9, 11, 12, 13, 15, 16, 17",
            "Set 5: Statements 1, 2, 3, 4, 6, 8, 14, 15, 16, 17",
            "Set 6: Statements 1, 2, 3, 4, 6, 8, 9, 11, 13, 15, 16, 17",
            "Set 7: Statements 1, 2, 3, 4, 6, 8, 9, 11, 12, 13, 15, 16, 17",
            "Set 8: Statements 1, 2, 3, 4, 5, 8, 14, 15, 16, 17",
            "Set 9: Statements 1, 2, 3, 4, 5, 8, 9, 11, 13, 15, 16, 17",
            "Set 10: Statements 1, 2, 3, 4, 5, 8, 9, 11, 12, 13, 15, 16, 17",
            "Set 11: Statements 1, 2, 3, 4, 7, 8, 14, 15, 16, 17",
            "Set 12: Statements 1, 2, 3, 4, 7, 8, 9, 11, 13, 15, 16, 17"
        ],
        "code": "def cross3(O, A, B):\n    ox, oy = O; ax, ay = A; bx, by = B\n    return (ax - ox) * (by - oy) - (bx - ox) * (ay - oy)\ndef is_intersection(P0, P1, Q0, Q1):\n    C0 = cross3(P0, P1, Q0)\n    C1 = cross3(P0, P1, Q1)\n    D0 = cross3(Q0, Q1, P0)\n    D1 = cross3(Q0, Q1, P1)\n    if C0 == C1 == 0:\n        E0 = dot3(P0, P1, Q0)\n        E1 = dot3(P0, P1, Q1)\n        if not E0 < E1:\n            E0, E1 = E1, E0\n        return E0 <= dist2(P0, P1) and 0 <= E1\n    return C0 * C1 <= 0 and D0 * D1 <= 0\nfor q in range(int(input())):\n    x0, y0, x1, y1, x2, y2, x3, y3 = map(int, input().split())\n    print(+is_intersection((x0, y0), (x1, y1), (x2, y2), (x3, y3)))",
        "test_cases": [
            {
                "test_case_id": 1,
                "test_case_inputs": "Test Case Input:\n2\n0 0 2 2 1 0 0 1\n1 1 3 3 2 1 1 2",
                "crispe_response": "To determine which set of code statements is covered by the given test case for the provided Python program, we'll analyze the code reasoning step by step.\n\n### PLAN:\n#### Step 1: Input Processing:\nThe program uses a loop that runs for each integer input which represents the number of test cases. The test case input specifies `2`, indicating that the loop will run twice. Therefore, the loop will iterate twice.\n- **Program Lines 14-17** handle reading the input and processing it into `(x0, y0), (x1, y1), (x2, y2), (x3, y3)` tuples.\n- **Observation 1**: All sets of code coverage are applicable since they all include lines 14, 15, 16, and 17.\n\n#### Step 2: First Test Case Calculation (0 0 2 2 1 0 0 1):\n- **Lines 1-4** involve defining the `cross3` and `is_intersection` functions.\n- **Line 5-13**: Use the `cross3` function calculations to determine `C0`, `C1`, `D0`, and `D1`.\n  - These calculations will determine if the lines are collinear, and handle further logic depending on intersections.\n- Since `C0 == C1 == 0` could be true or false, execution may move differently.\n  - **Observation 2**: Since not all sets include the collinear logic execution path, we must observe how the computations play out.\n\n#### Step 3: Intersection Logic:\n1. **First Test Case**:\n   - When cross products (`C0` and `C1`) determine non-zero results, the program won't check dot product and distance squared calculations (i.e., `dot3` and `dist2`). Therefore, the code path beyond line 8 for checking intersection presence is executed.\n   - **Lines 8, 9**: Conditional handling for general intersections.\n   - **Observation 3**: Sets that include lines beyond 8 and 9 signify the execution path taken.\n\n2. **Second Test Case**:\n   - Similar cross product and intersection checks are made.\n   - If `C0 * C1 <= 0` and `D0 * D1 <= 0` holds true, these handle potential intersection detection directly over two iterations.\n\n#### Step 4: Silent Conditions:\n- Based on test cases purity, specific lines like `dot3` and `dist2` are avoided (given provided sets don't entail execution of new dot product-defined functions).\n  \n#### Step 5: Remaining Set Elimination:\n- The execution did not hit the auxiliary function calls and remained primarily within the direct `cross3` based evaluation.\n- Sets 5, 6, 11, 12 may involve different expressions outside the enclosures seen (determined by observations above).\n\n### FINAL CODE COVERAGE:\nConsidering the above logic, the test case seems most accurately covered by **Set 2**, with incorporated logic into determining cross finished computation:\n- **Set 2**: Includes necessary cross product checks and primary path evidence without diverging into different functions (`dot3`, `dist2`) unnecessarily beyond what's inferred. Thus, includes statements 1, 2, 3, 4, 8, 9, 14, 15, 16, 17.",
                "response_time": 15.113102674484253,
                "input_tokens": 901,
                "output_tokens": 449
            },
            {
                "test_case_id": 2,
                "test_case_inputs": "Test Case Input:\n0\n0 0 1 1 2 2 3 3\n\nThis test case involves two line segments that do not intersect.",
                "crispe_response": "PLAN:\n\nStep 1: Initialization and Input Processing:\nThe program begins with a loop that runs based on the number of test cases provided. Given that the test input is \"0\", the loop does not execute even once.\nObservation 1: Only sets that do not involve any iteration through the loop in lines 15, 16, and 17 are applicable. Thus, all sets with line numbers beyond 15 as part of the loop can be considered, since the program's core logic is nested within it.\n\nStep 2: Function Calls Outside the Loop:\nSince the loop doesn't execute, none of the code related to the 'is_intersection' function or the 'cross3' function is exercised.\nObservation 2: All sets consistently contain lines 1, 2, 3, and 4, which are part of the 'cross3' function, indicating function inclusion rather than execution. Thus, sets including statements beyond those that are before the loop are probable.\n\nStep 3: Authority of Existing Functions:\nOther than setting up for the loop with inputs, nothing post-input collection is applicable due to zero iterations.\nObservation 3: All sets of code coverage that include statements indicating processing involving calculations in the 'is_intersection' should be discarded at this point, namely these calculations don't occur due to no loop engagement.\n\nFinal Analysis:\nConsidering the test input provided, which effectively results in no looping occurrences or intersection calculations due to absence of test cases, the conclusion is to focus on coverage sets that include initialization but not actual execution inside the loop.\n\nFINAL CODE COVERAGE:\nSet 1: Statements 1, 2, 3, 4, 8, 14, 15, 16, 17 (notes that nothing occurs beyond what is centrally around the loop's premise)\n\nThe output would embody the pre-loop logical inclusion setups but stops before the looped calculations, as they do not execute due to the test case input of zero.",
                "response_time": 4.344358444213867,
                "input_tokens": 904,
                "output_tokens": 301
            }
        ],
        "serialized_code": "Line 1: def cross3(O, A, B):\nLine 2:     ox, oy = O; ax, ay = A; bx, by = B\nLine 3:     return (ax - ox) * (by - oy) - (bx - ox) * (ay - oy)\nLine 4: def is_intersection(P0, P1, Q0, Q1):\nLine 5:     C0 = cross3(P0, P1, Q0)\nLine 6:     C1 = cross3(P0, P1, Q1)\nLine 7:     D0 = cross3(Q0, Q1, P0)\nLine 8:     D1 = cross3(Q0, Q1, P1)\nLine 9:     if C0 == C1 == 0:\nLine 10:         E0 = dot3(P0, P1, Q0)\nLine 11:         E1 = dot3(P0, P1, Q1)\nLine 12:         if not E0 < E1:\nLine 13:             E0, E1 = E1, E0\nLine 14:         return E0 <= dist2(P0, P1) and 0 <= E1\nLine 15:     return C0 * C1 <= 0 and D0 * D1 <= 0\nLine 16: for q in range(int(input())):\nLine 17:     x0, y0, x1, y1, x2, y2, x3, y3 = map(int, input().split())\nLine 18:     print(+is_intersection((x0, y0), (x1, y1), (x2, y2), (x3, y3)))\n",
        "test_case_id": "6"
    },
    {
        "submission_id": "s753898073",
        "methods_removed": 2,
        "methods_removed_names": [
            "cross3",
            "dist2"
        ],
        "number_of_calls": {
            "cross3": 4,
            "dist2": 1
        },
        "lines_affected": {
            "cross3": [
                5,
                6,
                7,
                8
            ],
            "dist2": [
                14
            ]
        },
        "focc": [
            "Set 1: Statements 1, 3, 4, 8, 14, 15, 16, 17",
            "Set 2: Statements 1, 3, 4, 8, 9, 14, 15, 16, 17",
            "Set 3: Statements 1, 3, 4, 8, 9, 11, 13, 15, 16, 17",
            "Set 4: Statements 1, 3, 4, 8, 9, 11, 12, 13, 15, 16, 17",
            "Set 5: Statements 1, 3, 4, 6, 8, 14, 15, 16, 17",
            "Set 6: Statements 1, 3, 4, 6, 8, 9, 11, 13, 15, 16, 17",
            "Set 7: Statements 1, 3, 4, 6, 8, 9, 11, 12, 13, 15, 16, 17",
            "Set 8: Statements 1, 3, 4, 5, 8, 14, 15, 16, 17",
            "Set 9: Statements 1, 3, 4, 5, 8, 9, 11, 13, 15, 16, 17",
            "Set 10: Statements 1, 3, 4, 5, 8, 9, 11, 12, 13, 15, 16, 17",
            "Set 11: Statements 1, 3, 4, 7, 8, 14, 15, 16, 17",
            "Set 12: Statements 1, 3, 4, 7, 8, 9, 11, 13, 15, 16, 17"
        ],
        "code": "def dot3(O, A, B):\n    ox, oy = O; ax, ay = A; bx, by = B\n    return (ax - ox) * (bx - ox) + (ay - oy) * (by - oy)\ndef is_intersection(P0, P1, Q0, Q1):\n    C0 = cross3(P0, P1, Q0)\n    C1 = cross3(P0, P1, Q1)\n    D0 = cross3(Q0, Q1, P0)\n    D1 = cross3(Q0, Q1, P1)\n    if C0 == C1 == 0:\n        E0 = dot3(P0, P1, Q0)\n        E1 = dot3(P0, P1, Q1)\n        if not E0 < E1:\n            E0, E1 = E1, E0\n        return E0 <= dist2(P0, P1) and 0 <= E1\n    return C0 * C1 <= 0 and D0 * D1 <= 0\nfor q in range(int(input())):\n    x0, y0, x1, y1, x2, y2, x3, y3 = map(int, input().split())\n    print(+is_intersection((x0, y0), (x1, y1), (x2, y2), (x3, y3)))",
        "test_cases": [
            {
                "test_case_id": 1,
                "test_case_inputs": "Test Case Input:\n2\n0 0 2 2 1 0 0 1\n1 1 3 3 2 1 1 2",
                "crispe_response": "To determine the code coverage for the given program using the specified test cases, let's proceed step-by-step.\n\n**GIVEN PROGRAM:**\n\n```python\ndef dot3(O, A, B):\n    ox, oy = O; ax, ay = A; bx, by = B\n    return (ax - ox) * (bx - ox) + (ay - oy) * (by - oy)\n\ndef is_intersection(P0, P1, Q0, Q1):\n    C0 = cross3(P0, P1, Q0)\n    C1 = cross3(P0, P1, Q1)\n    D0 = cross3(Q0, Q1, P0)\n    D1 = cross3(Q0, Q1, P1)\n    if C0 == C1 == 0:\n        E0 = dot3(P0, P1, Q0)\n        E1 = dot3(P0, P1, Q1)\n        if not E0 < E1:\n            E0, E1 = E1, E0\n        return E0 <= dist2(P0, P1) and 0 <= E1\n    return C0 * C1 <= 0 and D0 * D1 <= 0\n\nfor q in range(int(input())):\n    x0, y0, x1, y1, x2, y2, x3, y3 = map(int, input().split())\n    print(+is_intersection((x0, y0), (x1, y1), (x2, y2), (x3, y3)))\n```\n\n**GIVEN TEST CASES:**\n\nTest Case Input:\n```\n2\n0 0 2 2 1 0 0 1\n1 1 3 3 2 1 1 2\n```\n\n**POSSIBLE SETS OF CODE COVERAGE:**\n\n1. Statements 1, 3, 4, 8, 14, 15, 16, 17\n2. Statements 1, 3, 4, 8, 9, 14, 15, 16, 17\n3. Statements 1, 3, 4, 8, 9, 11, 13, 15, 16, 17\n4. Statements 1, 3, 4, 8, 9, 11, 12, 13, 15, 16, 17\n5. Statements 1, 3, 4, 6, 8, 14, 15, 16, 17\n6. Statements 1, 3, 4, 6, 8, 9, 11, 13, 15, 16, 17\n7. Statements 1, 3, 4, 6, 8, 9, 11, 12, 13, 15, 16, 17\n8. Statements 1, 3, 4, 5, 8, 14, 15, 16, 17\n9. Statements 1, 3, 4, 5, 8, 9, 11, 13, 15, 16, 17\n10. Statements 1, 3, 4, 5, 8, 9, 11, 12, 13, 15, 16, 17\n11. Statements 1, 3, 4, 7, 8, 14, 15, 16, 17\n12. Statements 1, 3, 4, 7, 8, 9, 11, 13, 15, 16, 17\n\n**PLAN:**\n\n**Step 1: Input Processing:**\n- The function `range(int(input()))` will read `2` from the test input, indicating that there are two datasets to process.\n- The loop will iterate twice. \n  - Observation 1: All code sets pass through the statements 1, 3, 4, as they are common for setting up and entering the loop.\n\n**Step 2: First Dataset Processing (0 0 2 2 1 0 0 1):**\n- These sides represented by the points (0, 0), (2, 2), (1, 0), (0, 1).\n- We are calculating whether these two segments intersect, so all related calculations in `is_intersection` will be involved.\n\n**Step 3: Conditions for Intersection:**\n- The function `is_intersection` is checked:\n  - If `C0 == C1 == 0` for collinear case and line segments overlap.\n  - Otherwise, `C0 * C1 <= 0 and D0 * D1 <= 0` is checked.\n\n  First Dataset:\n  - Assume `C0 == C1 == 0` does not hold, but `C0 * C1 <= 0 and D0 * D1 <= 0` might.\n  - Observation 2: Given function focuses on main intersection conditions, primary code paths are triggered:\n    - Sets 1, 5, 8, and 11 achieve this without executing the collinear checking further.\n\n**Step 4: Second Dataset Processing (1 1 3 3 2 1 1 2):**\n- The points (1, 1), (3, 3), (2, 1), (1, 2) also need evaluation.\n- Similar procedure, assuming C0 == C1 is zero might again not hold, contributing similar paths:\n  - Observation 3: It's plausible only Sets 1, 5, 8, and 11 match through intersection overlap calculations.\n\n**Step 5: Distinguish Coverage Sets:**\n- For intersection pathways without executing detailing segments overlap in zero further calculations:\n  - Observation 4: Sets like Set 1, Set 5 adhere strongly to coverage without computed exhaustion.\n\n**FINAL CODE COVERAGE:**\n\nSet 1: Statements 1, 3, 4, 8, 14, 15, 16, 17",
                "response_time": 13.891037225723267,
                "input_tokens": 889,
                "output_tokens": 627
            },
            {
                "test_case_id": 2,
                "test_case_inputs": "Test Case Input:\n0\n0 0 1 1 2 2 3 3\n\nThis test case involves two line segments that do not intersect.",
                "crispe_response": "To determine the code coverage for the given test case, we will systematically analyze the execution of the program step by step:\n\n### Step-by-Step Reasoning:\n\n**Step 1: Input Processing:**\n- The program starts by reading the number of test cases with `int(input())`.\n- In this case, the input is a single test case, implying the loop will execute only once. This corresponds to statement **1**.\n- Since all sets of code coverage include statement 1, they remain possible.\n\n**Step 2: Loop Execution:**\n- Inside the loop, `map(int, input().split())` processes the eight integers from the test case input \"0 0 1 1 2 2 3 3\", which represent the coordinates of two line segments (P0 to P1 and Q0 to Q1). Corresponds to statements **3** and **4**.\n- All sets include statements 3 and 4, so they remain possible.\n\n**Step 3: Function `is_intersection` Execution Begins:**\n- The function `is_intersection` is called with the points from the test case: `((0, 0), (1, 1), (2, 2), (3, 3))`.\n- The function first computes `C0` by calling `cross3(P0, P1, Q0)`. This corresponds to statement **8**.\n- All sets include statement 8, so they remain plausible.\n\n**Observation 1:** \n- Lines 1, 3, 4, and 8 have been executed. All sets are viable at this step.\n\n**Step 4: Conditional Check 1 in `is_intersection`:**\n- Since `C0 == C1 == 0` needs to be checked next, we compute `C1` using `cross3(P0, P1, Q1)`. This checks if the line segments are collinear.\n- Only sets that include statement **9** can advance because that statement involves computing `C1`. These sets are Set 2, Set 3, Set 4, Set 6, Set 7, Set 9, Set 10, and Set 12.\n\n**Observation 2:** \n- Sets 1, 5, and 8 are eliminated as they don't include statement 9.\n\n**Step 5: Computing Dot Product for Collinearity:**\n- Given `C0 == C1 == 0`, `dot3(P0, P1, Q0)` calculates E0 to verify collinearity distance ordering.\n- Only sets including statements **11** will continue, since it involves the computation of E0. These sets are Set 3, Set 4, Set 6, Set 7, Set 9, Set 10, and Set 12.\n\n**Observation 3:**\n- Set 2 is eliminated because it doesn't account for statement 11.\n\n**Step 6: Adjusting E0 and E1 Order and Checking Distances:**\n- Because the line segments are collinear (`C0 == C1 == 0`), the distances `dist2(P0, P1)` and 0 <= E1 will ensure ordered collinearity.\n- All remaining sets (those containing statement **13**) will be revisited: Sets 3, 4, 6, 7, 9, 10, and 12.\n\n**Final Selection:**\n- The specific test case involves two collinear line segments that don\u2019t intersect over their extents, which upon further checks using statements such as 12 render return conditions determining intersection.\n- Since the above steps have narrowed it down consistently based on the conditions provided, with ensuring the complete collinear non-overlapping line coverage paths, this leaves us using the logical flow coverage here.\n\n**Conclusion:**\n- Set 3: Statements 1, 3, 4, 8, 9, 11, 13, 15, 16, 17\n\nTherefore, the final code coverage for the given test case is Set 3, which includes the path followed when processing two collinear but non-overlapping segments.",
                "response_time": 14.463684797286987,
                "input_tokens": 892,
                "output_tokens": 525
            }
        ],
        "serialized_code": "Line 1: def dot3(O, A, B):\nLine 2:     ox, oy = O; ax, ay = A; bx, by = B\nLine 3:     return (ax - ox) * (bx - ox) + (ay - oy) * (by - oy)\nLine 4: def is_intersection(P0, P1, Q0, Q1):\nLine 5:     C0 = cross3(P0, P1, Q0)\nLine 6:     C1 = cross3(P0, P1, Q1)\nLine 7:     D0 = cross3(Q0, Q1, P0)\nLine 8:     D1 = cross3(Q0, Q1, P1)\nLine 9:     if C0 == C1 == 0:\nLine 10:         E0 = dot3(P0, P1, Q0)\nLine 11:         E1 = dot3(P0, P1, Q1)\nLine 12:         if not E0 < E1:\nLine 13:             E0, E1 = E1, E0\nLine 14:         return E0 <= dist2(P0, P1) and 0 <= E1\nLine 15:     return C0 * C1 <= 0 and D0 * D1 <= 0\nLine 16: for q in range(int(input())):\nLine 17:     x0, y0, x1, y1, x2, y2, x3, y3 = map(int, input().split())\nLine 18:     print(+is_intersection((x0, y0), (x1, y1), (x2, y2), (x3, y3)))\n",
        "test_case_id": "7"
    },
    {
        "submission_id": "s753898073",
        "methods_removed": 3,
        "methods_removed_names": [
            "dot3",
            "cross3",
            "is_intersection"
        ],
        "number_of_calls": {
            "dot3": 0,
            "cross3": 0,
            "is_intersection": 0
        },
        "lines_affected": {
            "dot3": [],
            "cross3": [],
            "is_intersection": []
        },
        "focc": [
            "Set 1: Statements -1, 0, 1, 2",
            "Set 2: Statements -1, 0, 1, 2",
            "Set 3: Statements -1, 0, 1, 2",
            "Set 4: Statements -1, 0, 1, 2",
            "Set 5: Statements -1, 0, 1, 2",
            "Set 6: Statements -1, 0, 1, 2",
            "Set 7: Statements -1, 0, 1, 2",
            "Set 8: Statements -1, 0, 1, 2",
            "Set 9: Statements -1, 0, 1, 2",
            "Set 10: Statements -1, 0, 1, 2",
            "Set 11: Statements -1, 0, 1, 2",
            "Set 12: Statements -1, 0, 1, 2"
        ],
        "code": "def dist2(A, B):\n    ax, ay = A; bx, by = B\n    return (ax - bx) ** 2 + (ay - by) ** 2",
        "test_cases": [
            {
                "test_case_id": 1,
                "test_case_inputs": "Test Case Input:\n2\n0 0 2 2 1 0 0 1\n1 1 3 3 2 1 1 2",
                "crispe_response": "The given Python program defines a function `dist2(A, B)` that calculates the square of the Euclidean distance between two points A and B. Let's analyze the test input and determine which statements are covered.\n\n### PLAN:\n\n#### Step 1: Function Input Processing\n- **Function Definition:** The function takes two tuples, A and B, as inputs, representing coordinates in 2D space.\n- **Test Case Input:** `2 0 0 2 2 1 0 0 1` and `1 1 3 3 2 1 1 2`\n  - These appear to be coordinates for pairs of points.\n- **Function Execution:** For each set of points, the function `dist2()` will be called to calculate the distance between those points.\n\n**Observation 1:** Since there is only one operation within the function, which consists of extracting coordinates and calculating a result, all function executions will include lines 1 (unpacking tuples and calculation) and 2 (return statement).\n\n#### Step 2: Utilizing the Function\n- **First Pair of Inputs:**\n  - Points: A = (0, 0), B = (2, 2), C = (1, 0), D = (0, 1)\n  - Execution: The function `dist2(A, B)`, `dist2(A, D)`, `dist2(B, C)`, `dist2(C, D)` will be called because they are formed pairs in the input.\n  \n- **Second Pair of Inputs:**\n  - Points: E = (1, 1), F = (3, 3), G = (2, 1), H = (1, 2)\n  - Execution: Similarly, `dist2(E, F)` and other logical pair combinations would follow the same execution path.\n\n**Observation 2:** Each call to the function will execute the same set of lines, -1 (function definition), 0 (parameter unpacking and calculation), and 1 (return statement).\n\n#### Step 3: Verification from Observations\n- Every input pair, processed by the function, undergoes the same execution steps due to similarity in operations and no branching logic.\n\n#### Step 4: Conclusion and Final Code Coverage\n- **Coverage Consistency:** There is ongoing consistency in the execution path for every possible input configuration because the logic doesn't change due to input variations.\n\n**Observation 3:** Given the constant nature of code execution flow, all possible sets listed have the identical coverage.\n\n### FINAL CODE COVERAGE:\nSince the function operates homogeneously on all inputs without conditional branches, every possible set, as listed originally, reflects the same code coverage: Statements -1, 0, 1, 2. The set numbers are irrelevant here as they all are the same.\n\nTherefore, **all sets (1 through 12): Statements -1, 0, 1, 2** are equally valid and applicable due to identical nature and absence of variability in logic flow.",
                "response_time": 23.43326425552368,
                "input_tokens": 711,
                "output_tokens": 414
            },
            {
                "test_case_id": 2,
                "test_case_inputs": "Test Case Input:\n0\n0 0 1 1 2 2 3 3\n\nThis test case involves two line segments that do not intersect.",
                "crispe_response": "PLAN:\n\nStep 1: Function Definition and Parameters:\nThe given Python program defines a function `dist2` that calculates the squared distance between two points A and B. The parameters A and B are expected to be tuples representing coordinates.\n\nObservation 1: As this function consists of only one block of code (excluding input/output rules), all provided possible sets of code coverage include the entire function, implying statements -1 (function definition), 0 (parameter unpacking), 1 (return calculation), and 2 (function end).\n\nStep 2: Test Case Input Analysis:\nThe test case input specifies numbers that represent coordinates of two line segments but seems unrelated to the provided function. The function `dist2` does not take input directly from the user or the test case string; it is a standalone function designed to be called with two tuples (A, B).\n\nObservation 2: Given the function structure and its independence from the test case input format, all sets remain equally applicable since they encompass the given function entirely.\n\nStep 3: Function Execution with Sample Input:\nAlthough the provided test case format doesn't correspond directly to the function's input requirements, let's hypothesize using pairs of points derived from these coordinates (e.g., A = (0, 0), B = (1, 1)) to invoke the function.\n\nObservation 3: Regardless of the specific inputs used within the function's expected format, the execution sequence remains consistent with statements 0, 1, and 2 being executed.\n\nStep 4: Evaluation of Code Coverage Sets:\nSince the code comprises a singular execution path, every invocation engages the entire set of statements in the function. Consequently, all coverage sets remain equivalent and include every necessary program element.\n\nFINAL CODE COVERAGE:\nAny Set: Statements -1, 0, 1, 2\n\n**Note:** The given problem involves a single-function program where all statements are executed uniformly, independent of variations in input format or content. Therefore, the test case does not alter the uniformity of coverage across given sets.",
                "response_time": 10.51470422744751,
                "input_tokens": 714,
                "output_tokens": 316
            }
        ],
        "serialized_code": "Line 1: def dist2(A, B):\nLine 2:     ax, ay = A; bx, by = B\nLine 3:     return (ax - bx) ** 2 + (ay - by) ** 2\n",
        "test_case_id": "8"
    },
    {
        "submission_id": "s753898073",
        "methods_removed": 3,
        "methods_removed_names": [
            "dot3",
            "dist2",
            "is_intersection"
        ],
        "number_of_calls": {
            "dot3": 0,
            "dist2": 0,
            "is_intersection": 0
        },
        "lines_affected": {
            "dot3": [],
            "dist2": [],
            "is_intersection": []
        },
        "focc": [
            "Set 1: Statements 1, 2, 3",
            "Set 2: Statements 1, 2, 3",
            "Set 3: Statements 1, 2, 3",
            "Set 4: Statements 1, 2, 3",
            "Set 5: Statements 1, 2, 3",
            "Set 6: Statements 1, 2, 3",
            "Set 7: Statements 1, 2, 3",
            "Set 8: Statements 1, 2, 3",
            "Set 9: Statements 1, 2, 3",
            "Set 10: Statements 1, 2, 3",
            "Set 11: Statements 1, 2, 3",
            "Set 12: Statements 1, 2, 3"
        ],
        "code": "def cross3(O, A, B):\n    ox, oy = O; ax, ay = A; bx, by = B\n    return (ax - ox) * (by - oy) - (bx - ox) * (ay - oy)",
        "test_cases": [
            {
                "test_case_id": 1,
                "test_case_inputs": "Test Case Input:\n2\n0 0 2 2 1 0 0 1\n1 1 3 3 2 1 1 2",
                "crispe_response": "PLAN:\n\n### Step 1: Understanding the Function\nThe function `cross3` calculates the cross product to determine the orientation of the triplet of points O, A, and B. It takes in three tuples representing the points: O, A, and B.\n\n### Step 2: Analyzing the Test Case\nThe given test case input consists of two parts, presumably coordinates for testing the function:\n- Case 1: Points are (0, 0), (2, 2), and (1, 0)\n- Case 2: Points are (1, 1), (3, 3), and (2, 1)\n\n### Step 3: Processing the Test Case - Case 1\nFor the first set of points (0, 0), (2, 2), and (1, 0), the `cross3` function will execute as follows:\n- Extract ox, oy = 0, 0; ax, ay = 2, 2; bx, by = 1, 0\n- Compute the cross product: (2 - 0) * (0 - 0) - (1 - 0) * (2 - 0) = 0 - 2 = -2\n- The result is -2, indicating a specific orientation or relationship among the points.\n\n### Step 4: Processing the Test Case - Case 2\nFor the second set of points (1, 1), (3, 3), and (2, 1), the `cross3` function will execute as follows:\n- Extract ox, oy = 1, 1; ax, ay = 3, 3; bx, by = 2, 1\n- Compute the cross product: (3 - 1) * (1 - 1) - (2 - 1) * (3 - 1) = 0 - 2 = -2\n- The result is -2, indicating another specific orientation or relationship among the points.\n\n### Step 5: Code Execution and Coverage\nObserving the provided sets of code coverage and knowing the nature of this function:\n- The function executes the same steps each time it is called, regardless of the specific input values (since it's only a mathematical calculation of a cross product using simple arithmetic operations).\n\n### Step 6: Determining Applicable Code Coverage Sets\n- Since the function runs completely each time it's called under both test scenarios, there are no branches or conditionals to alter which statements are executed.\n- Thus, the statements executed are consistent across both test cases: `Statements 1, 2, 3`.\n\nFINAL CODE COVERAGE:\nGiven that there are no branches or complex conditionals, and each call to `cross3` fully executes all its statements, all the provided coverage sets are identical and applicable for both test cases:\nSet 1: Statements 1, 2, 3",
                "response_time": 7.025598526000977,
                "input_tokens": 708,
                "output_tokens": 402
            },
            {
                "test_case_id": 2,
                "test_case_inputs": "Test Case Input:\n0\n0 0 1 1 2 2 3 3\n\nThis test case involves two line segments that do not intersect.",
                "crispe_response": "Here is the step-by-step reasoning to determine the set of statements covered by the provided test case for the given Python program:\n\n**PLAN:**\n\n**Step 1: Function Analysis:**\n- The function `cross3(O, A, B)` takes three points O, A, B as input, each represented as a pair of coordinates.\n- It calculates the cross product of vectors OA and OB, which helps determine the direction of the turn formed by these points.\n\n**Observation 1: Line Processing:**\n- The function contains a single block of logic that computes the cross product. Since there are no conditional branches or loops present, all input points will result in the execution of lines 1, 2, and 3.\n\n**Step 2: Input Processing:**\n- The test case input `\"0 0 1 1 2 2 3 3\"` suggests using the points O = (0, 0), A = (1, 1), and B = (2, 2).\n- Understanding that these two points form a straight line and the function computes the cross product between the vectors formed by these points.\n\n**Observation 2: Execution of Statements:**\n- Upon providing these points, the program will execute lines 1, 2, and 3 unconditionally, as there are no branching paths based on input values.\n- Therefore, the function will return the computed cross product value according to the provided method.\n\n**Step 3: Determining Code Coverage:**\n- Since there is no alternative path that affects execution due to the input structure, the only applicable set of coverage includes the execution of all the function's statements.\n\n**Observation 3: All test cases imply identical execution paths:**\n- Given no decisions or loops are in place, every test case for this function will lead to the same coverage sequence.\n\n**FINAL CODE COVERAGE:**\n- Set 1: Statements 1, 2, 3\n\nIn this case, each possible set of code coverage (i.e., Sets 1 to 12) includes the complete and identical execution of statements 1, 2, and 3. Since none of the provided sets diverge or offer additional code logic, any set could represent the result. The simplest choice, in this context, is Set 1.",
                "response_time": 6.823356628417969,
                "input_tokens": 711,
                "output_tokens": 344
            }
        ],
        "serialized_code": "Line 1: def cross3(O, A, B):\nLine 2:     ox, oy = O; ax, ay = A; bx, by = B\nLine 3:     return (ax - ox) * (by - oy) - (bx - ox) * (ay - oy)\n",
        "test_case_id": "9"
    },
    {
        "submission_id": "s753898073",
        "methods_removed": 3,
        "methods_removed_names": [
            "cross3",
            "dist2",
            "is_intersection"
        ],
        "number_of_calls": {
            "cross3": 0,
            "dist2": 0,
            "is_intersection": 0
        },
        "lines_affected": {
            "cross3": [],
            "dist2": [],
            "is_intersection": []
        },
        "focc": [
            "Set 1: Statements 1, 3",
            "Set 2: Statements 1, 3",
            "Set 3: Statements 1, 3",
            "Set 4: Statements 1, 3",
            "Set 5: Statements 1, 3",
            "Set 6: Statements 1, 3",
            "Set 7: Statements 1, 3",
            "Set 8: Statements 1, 3",
            "Set 9: Statements 1, 3",
            "Set 10: Statements 1, 3",
            "Set 11: Statements 1, 3",
            "Set 12: Statements 1, 3"
        ],
        "code": "def dot3(O, A, B):\n    ox, oy = O; ax, ay = A; bx, by = B\n    return (ax - ox) * (bx - ox) + (ay - oy) * (by - oy)",
        "test_cases": [
            {
                "test_case_id": 1,
                "test_case_inputs": "Test Case Input:\n2\n0 0 2 2 1 0 0 1\n1 1 3 3 2 1 1 2",
                "crispe_response": "For the given Python program, the task is to determine the code coverage based on the provided test case and identify which statements are executed. Since the program is a simple function without conditional branches, there will be limited variability in which lines are executed. Let\u2019s go through the reasoning step by step:\n\n### Program Analysis\n\n**GIVEN PYTHON PROGRAM**\n```python\ndef dot3(O, A, B):\n    ox, oy = O; ax, ay = A; bx, by = B\n    return (ax - ox) * (bx - ox) + (ay - oy) * (by - oy)\n```\n\n1. **Line 1**: Function definition `def dot3(O, A, B):`. This line is always executed when the function `dot3` is called.\n2. **Line 2**: Unpacks the tuples `O`, `A`, and `B` into respective variables `ox, oy`, `ax, ay`, `bx, by`. This line is directly executed when the function runs.\n3. **Line 3**: Computes and returns the dot product calculation. This line is also always executed as part of the function's operation.\n\nThere are no conditional statements or loops in this function; therefore, every time the function is called, all lines will be executed.\n\n### Test Case Analysis\n\n**Test Case Input**:\n```\n2\n0 0 2 2 1 0 0 1\n1 1 3 3 2 1 1 2\n```\n\nThis input indicates:\n- Two test cases.\n- Each line after the first contains coordinates for points O, A, and B for a different test case. These pairs are sequentially input into the `dot3` function as:\n  - Test 1: O = (0, 0), A = (2, 2), B = (1, 0)\n  - Test 2: O = (1, 1), A = (3, 3), B = (2, 1)\n\n### Reasoning for Code Coverage\n\n- **Step 1: Function Invocation**  \n  Each test case involves a function call to `dot3`, meaning the function definition line (Line 1) will be executed twice, once per test case.\n\n- **Step 2: Variable Unpacking**  \n  In each function call, the input tuples are assigned to local variables. This corresponds to the execution of Line 2 for each test case.\n\n- **Step 3: Return Calculation**  \n  Each function call executes the final computation returning the result, which is Line 3 for both test cases.\n\n### Coverage Deduction\n\nSince the function is called twice (once for each test case), and there are no conditionals or branches, each line within the function is executed for each call. Therefore, the coverage will include all lines:\n\n- **Applicable Coverage Set**: All provided sets mention that Statements 1 and 3 are covered equally (Sets are identical). Since they don't provide any variation in statements, simply note that Statements 1, 2, and 3 are always covered given the function structure.\n\n### Conclusion\n\nGiven the consistent structure and absence of conditionals, loops, or errors, we confirm:\n\n**FINAL CODE COVERAGE: All sets equally indicate Statements 1, 2, 3 are executed.**\n\nThus, any Set from the provided options accurately represents the code coverage for the given test case.",
                "response_time": 8.39831829071045,
                "input_tokens": 696,
                "output_tokens": 488
            },
            {
                "test_case_id": 2,
                "test_case_inputs": "Test Case Input:\n0\n0 0 1 1 2 2 3 3\n\nThis test case involves two line segments that do not intersect.",
                "crispe_response": "To determine the best set of statements covered by the given test case, we'll follow a step-by-step reasoning similar to the provided example. However, we first need to clarify and understand how the given Python program and the test case interact. The provided Python code snippet appears to be a function that calculates the dot product of vectors OA and OB, with O, A, and B as points in 2D space. Here's how to do the reasoning:\n\n**Step-by-Step Reasoning:**\n\n**Step 1: Understanding the Input Format:**\n- The test case input seems to describe a sequence of points potentially representing vectors or line segments. The first number could potentially indicate how these points should be interpreted or directed through execution, though this isn't clear from the problem statement.\n\n**Step 2: Assign Value from the Test Case:**\n- Parsing the test case input `0 0 0 1 1 2 2 3 3` may suggest that we are working with pairs of points: O(0,0), A(0,1), B(1,2), C(2,3). But without any additional context or a main program to utilize the `dot3` function, we can't effectively determine how this sequence is processed.\n\n**Step 3: Execution of the Program:**\n- The given function is simple and operates only on the points O, A, and B each time it is called. Once called, it will calculate a dot product and return it. Therefore, the input seems to suggest iterative or multiple function calls with different points.\n\n**Step 4: Identifying Lines Covered:**\n- The `dot3` function primarily executes its statements in a linear and predictable manner: defining local variables `ox`, `oy`, `ax`, `ay`, `bx`, `by`, and computing the dot product. The only statement in the function is a return statement.\n\n**Step 5: Determine Set Applicability:**\n- The given possible sets of code coverage are all identical and incorrectly labeled in the format provided (`Statements 1, 3`), so clarification on potential sets hasn't been effectively provided. If the function is called, it's likely that only these parts are executed:\n\n  - **Statement 1**: The function entry and unpacking of points.\n  - **Statement 3**: The calculation and return of the dot product.\n\n**Step 6: Evaluation Based on Program Behavior:**\n- Given the uniformity of the function and the identical sets provided, each execution of the `dot3` function will inevitably hit both of these statements.\n\n**Final Decision:**\n- Applicable set should be any which represents the actual execution flow of the code, which consistently provides statement 1 (unpacking) and the return statement (calculated dot product). But since there's an error or a repetitive format in options when choosing possible coverage options without more context, it still circles back to the first statement of packing and result return.\n\nThe given problem may intend to further integrate with logic outside of what's provided, and with constraints of the function itself, the best option given inputs provided and without further context outside this function boundary, possibly any set mentioned should generally be 1 and 3 directly as the function's entirety encapsulates simple processing logic alone.",
                "response_time": 8.292716979980469,
                "input_tokens": 699,
                "output_tokens": 500
            }
        ],
        "serialized_code": "Line 1: def dot3(O, A, B):\nLine 2:     ox, oy = O; ax, ay = A; bx, by = B\nLine 3:     return (ax - ox) * (bx - ox) + (ay - oy) * (by - oy)\n",
        "test_case_id": "10"
    }
]