[
    {
        "submission_id": "s176614012",
        "methods_removed": 0,
        "methods_removed_names": [],
        "number_of_calls": {},
        "lines_affected": {},
        "focc": [
            "Set 1: Statements 1, 2, 3, 4, 5, 6, 7, 8, 9, 10, 16, 20, 21, 22",
            "Set 2: Statements 1, 2, 3, 4, 5, 6, 7, 8, 9, 10, 16, 17, 18, 19, 11, 12",
            "Set 3: Statements 1, 2, 3, 4, 5, 6, 7, 8, 9, 10, 16, 17, 18, 19, 11, 14",
            "Set 4: Statements 1, 2, 3, 4, 5, 6, 7, 8, 9, 10, 16, 17, 18, 19, 11, 14, 15",
            "Set 5: Statements 1, 2, 3, 4, 5, 6, 7, 8, 9, 10, 16, 17, 18, 20, 21, 22",
            "Set 6: Statements 1, 2, 3, 4, 5, 8, 9, 10, 16, 20, 21, 22",
            "Set 7: Statements 1, 2, 3, 4, 5, 8, 9, 10, 16, 17, 18, 19, 11, 12",
            "Set 8: Statements 1, 2, 3, 4, 5, 8, 9, 10, 16, 17, 18, 19, 11, 14",
            "Set 9: Statements 1, 2, 3, 4, 5, 8, 9, 10, 16, 17, 18, 19, 11, 14, 15",
            "Set 10: Statements 1, 2, 3, 4, 5, 8, 9, 10, 16, 17, 18, 20, 21, 22"
        ],
        "code": "N, W = map(int, input().split())\nIN = list(list(map(int, input().split())) for _ in range(N))\nsumw = 0\nsumv = 0\nfor w, v in IN:\n    sumw += w\n    sumv += v\nDP = dict()\nDP[sumv] = sumw\ndef minv(i, v):\n    if not DP.get(i):\n        DP[i] = v\n    else:\n        if v < DP[i]:\n            DP[i] = v\nfor w, v in IN:\n    DPpre = DP.copy()\n    for i in DPpre:\n        minv(i-v, DPpre[i]-w)\nfor v in sorted(DP, reverse=True):\n    if DP[v] <= W:\n        print(v)\n        break",
        "test_cases": [
            {
                "test_case_id": 1,
                "test_case_inputs": "Test Case Input:\n3 10\n1 4\n2 3\n3 5",
                "crispe_response": "To determine the code coverage of the given test case against the provided Python program, let's walk through step by step:\n\n**PLAN:**\n\n**Step 1: Input Processing:**\n- The program requires input values for `N` and `W`. According to the test case, these values are `3` and `10`. This corresponds to the first statement in the program.\n- Following that, there's another input capturing of pairs `(w, v)`, which in our test case are `(1, 4)`, `(2, 3)`, and `(3, 5)`. This corresponds to statements 2 and 3.\n- **Observation 1:** All the possible sets include these initial statement executions (statements 1, 2, 3, and 4).\n\n**Step 2: Initial Sum Calculation:**\n- Using the pairs provided, the loop on statement 5 iterates over each `(w, v)` pair to calculate cumulative `sumw` and `sumv`. After all iterations, `sumw = 6` and `sumv = 12`. This completion also includes statement 9.\n- **Observation 2:** All sets account for the summing loop with statements 5, 6, and 7, thus they all remain applicable at this step.\n\n**Step 3: Initialize DP Dictionary:**\n- After the loop, there's an initialization of the dictionary `DP` with `sumv` as a key and `sumw` as the value. Therefore, `DP = {12: 6}`. This corresponds to statement 8.\n- **Observation 3:** All sets of coverage account for the dictionary initialization with statement 8.\n\n**Step 4: Function `minv` and First Iteration over IN:**\n- This function `minv` is defined between statements 10 and 15. While iterating over the input pairs `(w, v)`, the function could potentially alter the `DP` dictionary; however, exactly how it alters `DP` depends on the conditions encountered during the loop.\n- **Observation 4:** Since the iteration uses the function and attempts updates to `DP`, sets involving function execution (statements 10-15) must be included: sets 2, 3, 4, 7, 8, and 9 remain viable.\n\n**Step 5: Evaluating the DP with Iteration:**\n- As `IN` is iterated over a copy of `DP` (`DPpre`), attempts are made to update `DP` using the `minv` function. During each iteration, the control flow passes through a series of conditional checks and updates via statements 16 through 19.\n- **Observation 5:** Execution depends on whether any of `minv` conditions are true, meaning all sets from Observation 4 (i.e., with 17, 18, and 19 involved) are still active: sets 2, 3, 4, 7, 8, and 9.\n\n**Step 6: Final Output:**\n- The program sorts the `DP` keys and checks the `W` condition. Upon meeting the condition `DP[v] <= W`, statement 22 executes with a `print` of `v`, satisfying statement 21.\n- The iteration breaks out after finding the first valid `v`, likely through top-level control of previous logic and the `minv` function\u2019s efficiencies, only needing statements 20-22 during the check.\n- **Observation 6:** Outputs indicate statements involved in decisions exclusive to certain coverage like set 5, excluding other statements from full loops in cycles: Only set 5 fits with 20, 21, and 22 running last.\n\n**FINAL CODE COVERAGE:**\n- **Set 5:** Statements 1, 2, 3, 4, 5, 6, 7, 8, 9, 10, 16, 17, 18, 20, 21, 22.",
                "response_time": 20.65179944038391,
                "input_tokens": 853,
                "output_tokens": 513
            },
            {
                "test_case_id": 2,
                "test_case_inputs": "Test Case Input:\n3 10\n1 2\n3 4\n5 6",
                "crispe_response": "PLAN:\n\nStep 1: Input Processing:  \nThe program begins by taking two inputs: N and W. For the given test case, N=3 and W=10 are entered.  \nObservation 1: Sets 1, 2, 3, 4, 5, 6, 7, 8, 9, 10 are all possible as they include the initialization and processing of these inputs (Statements 1, 2).\n\nStep 2: Nested List Input:  \nThe program then takes N pairs of integers as input, which are processed into a list of lists: `IN = [[1, 2], [3, 4], [5, 6]]`.  \nObservation 2: All sets remain applicable as they include the execution of list comprehension (Statements 3, 4).\n\nStep 3: Calculation of Initial Sums:  \nThe program initializes `sumw` and `sumv` to zero and iterates over IN to compute their sums.  \n- First iteration: w=1, v=2 -> `sumw=1`, `sumv=2`  \n- Second iteration: w=3, v=4 -> `sumw=4`, `sumv=6`  \n- Third iteration: w=5, v=6 -> `sumw=9`, `sumv=12`  \nObservation 3: Sets 1 through 10 remain applicable as they all include these calculations (Statements 5, 6, 7).\n\nStep 4: Initialization of Dictionary DP:  \n`DP[sumv] = sumw` is executed, adding an entry to the DP dictionary with key 12 and value 9.  \nObservation 4: All sets are still applicable because they recognize this assignment (Statement 8).\n\nStep 5: Nested Loops and Function Execution:  \nThe function `minv(i, v)` is defined. This doesn't affect coverage yet.  \n- For each pair (w, v) in IN, the program iterates over a copy of the current state of DP:  \n   - First pair (w=1, v=2): Modifies DP based on conditionals within the `minv` function.  \n   - Second pair (w=3, v=4), Third pair (w=5, v=6): Similarly iterate.  \nObservation 5: Validates evidence for executing the nested loop and conditional execution within `minv`, but specifics depend on later conditions. This broadens the field to Sets 2, 3, 4, 5, 7, 8, 9, 10 as they all account for attempts to modify DP (Statements 9, 10, 16, 17, 18).\n\nStep 6: Check and Print:  \nAfter updating DP, the program sorts DP in reverse order and checks if the weight corresponding to each value is within W. If so, it prints the value and breaks the loop. For this test case, since the total weight doesn't exceed W, we anticipate successful print of a suitable value, executing the loop and break operation.  \nObservation 6: Sets 1, 2, 3, 4, 5, 6, 7, 8, 9, 10 account for the potential printing and break logic within this structure (Statements 20, 21, 22).\n\nStep 7: Eliminating Options Based on Flow:  \nThe presence of conditions within `minv` determines the applicability of Statement 12 (updating if the new weight `v` is less than current value), and Statement 14 or 15, depending on subsequent evaluations. For the given test, intermediate manipulation will activate flow without using this condition. This directs our attention toward sets without line 12 or 15. Thinning out, Sets 3, 4, 8, or 9 match operable lines.\n\nStep 8: Finalizing Conclusion:  \nPrinting a top value efficient for our constraints is feasible without triggering else or alternate logic paths within updated DP decisions. This refines to concluding coverage with Set 8 \u2014 reasoning that comprehensive evaluations align inherently within functional use.\n\nFINAL CODE COVERAGE:  \nSet 8: Statements 1, 2, 3, 4, 5, 8, 9, 10, 16, 17, 18, 19, 11, 14",
                "response_time": 11.470222234725952,
                "input_tokens": 853,
                "output_tokens": 543
            }
        ],
        "serialized_code": "Line 1: N, W = map(int, input().split())\nLine 2: IN = list(list(map(int, input().split())) for _ in range(N))\nLine 3: sumw = 0\nLine 4: sumv = 0\nLine 5: for w, v in IN:\nLine 6:     sumw += w\nLine 7:     sumv += v\nLine 8: DP = dict()\nLine 9: DP[sumv] = sumw\nLine 10: def minv(i, v):\nLine 11:     if not DP.get(i):\nLine 12:         DP[i] = v\nLine 13:     else:\nLine 14:         if v < DP[i]:\nLine 15:             DP[i] = v\nLine 16: for w, v in IN:\nLine 17:     DPpre = DP.copy()\nLine 18:     for i in DPpre:\nLine 19:         minv(i-v, DPpre[i]-w)\nLine 20: for v in sorted(DP, reverse=True):\nLine 21:     if DP[v] <= W:\nLine 22:         print(v)\nLine 23:         break\n",
        "test_case_id": "1"
    },
    {
        "submission_id": "s176614012",
        "methods_removed": 1,
        "methods_removed_names": [
            "minv"
        ],
        "number_of_calls": {
            "minv": 0
        },
        "lines_affected": {
            "minv": []
        },
        "focc": [
            "Set 1: Statements 1, 2, 3, 4, 5, 6, 7, 8, 9",
            "Set 2: Statements 1, 2, 3, 4, 5, 6, 7, 8, 9",
            "Set 3: Statements 1, 2, 3, 4, 5, 6, 7, 8, 9",
            "Set 4: Statements 1, 2, 3, 4, 5, 6, 7, 8, 9",
            "Set 5: Statements 1, 2, 3, 4, 5, 6, 7, 8, 9",
            "Set 6: Statements 1, 2, 3, 4, 5, 7, 8, 9",
            "Set 7: Statements 1, 2, 3, 4, 5, 7, 8, 9",
            "Set 8: Statements 1, 2, 3, 4, 5, 7, 8, 9",
            "Set 9: Statements 1, 2, 3, 4, 5, 7, 8, 9",
            "Set 10: Statements 1, 2, 3, 4, 5, 7, 8, 9"
        ],
        "code": "N, W = map(int, input().split())\nIN = list(list(map(int, input().split())) for _ in range(N))\nsumw = 0\nsumv = 0\nfor w, v in IN:\n    sumw += w\n    sumv += v\nDP = dict()\nDP[sumv] = sumw",
        "test_cases": [
            {
                "test_case_id": 1,
                "test_case_inputs": "Test Case Input:\n3 10\n1 4\n2 3\n3 5",
                "crispe_response": "To determine the code coverage for the given test case, we will follow a step-by-step reasoning similar to the sample provided. We will analyze each part of the Python program in conjunction with the test case input to identify the relevant set of statements that are executed.\n\n**GIVEN PROGRAM:**\n```python\n1. N, W = map(int, input().split())\n2. IN = list(list(map(int, input().split())) for _ in range(N))\n3. sumw = 0\n4. sumv = 0\n5. for w, v in IN:\n6.     sumw += w\n7.     sumv += v\n8. DP = dict()\n9. DP[sumv] = sumw\n```\n\n**GIVEN TEST CASE INPUT:**\n```\n3 10\n1 4\n2 3\n3 5\n```\n\n**POSSIBLE SETS OF CODE COVERAGE:**\n1. Set 1: Statements 1, 2, 3, 4, 5, 6, 7, 8, 9\n2. Set 2: Statements 1, 2, 3, 4, 5, 6, 7, 8, 9\n3. Set 3: Statements 1, 2, 3, 4, 5, 6, 7, 8, 9\n4. Set 4: Statements 1, 2, 3, 4, 5, 6, 7, 8, 9\n5. Set 5: Statements 1, 2, 3, 4, 5, 6, 7, 8, 9\n6. Set 6: Statements 1, 2, 3, 4, 5, 7, 8, 9\n7. Set 7: Statements 1, 2, 3, 4, 5, 7, 8, 9\n8. Set 8: Statements 1, 2, 3, 4, 5, 7, 8, 9\n9. Set 9: Statements 1, 2, 3, 4, 5, 7, 8, 9\n10. Set 10: Statements 1, 2, 3, 4, 5, 7, 8, 9\n\n**PLAN:**\n\n**Step 1: Input Processing:**\n- The first line of the input `3 10` corresponds to `N` and `W`.\n- This means that `N = 3` and `W = 10`. Line 1 is executed to assign these values.\n- Observation 1: All sets include line 1, so they remain applicable.\n\n**Step 2: Input List Construction:**\n- The following lines `1 4`, `2 3`, `3 5` are read and processed into a list `IN` as `[[1, 4], [2, 3], [3, 5]]` using line 2.\n- Observation 2: All sets include line 2, so they remain applicable.\n\n**Step 3: Initialization:**\n- Variables `sumw` and `sumv` are initialized to 0 using lines 3 and 4.\n- Observation 3: All sets include lines 3 and 4, so they remain applicable.\n\n**Step 4: Loop Through `IN`:**\n- The loop (line 5) iterates over the list `IN`, executing the loop body (lines 6 and 7) for each tuple.\n- During these iterations:\n  - For `(1, 4)`: `sumw = 1`, `sumv = 4`.\n  - For `(2, 3)`: `sumw = 3`, `sumv = 7`.\n  - For `(3, 5)`: `sumw = 6`, `sumv = 12`.\n- Lines 6 and 7 are executed to update `sumw` and `sumv`.\n- Observation 4: Sets 1 to 5 include lines 6 and 7 and remain applicable. Sets 6 to 10 exclude line 6 and are not applicable.\n\n**Step 5: Dictionary Initialization and Assignment:**\n- A dictionary `DP` is initialized, and `sumv` as the key and `sumw` as the value are assigned using lines 8 and 9.\n- Observation 5: All sets include lines 8 and 9, so they remain applicable.\n\n**FINAL CODE COVERAGE:**\nSet 1: Statements 1, 2, 3, 4, 5, 6, 7, 8, 9\n\nUpon reasoning through the code with the given test case, the correct set of statements executed is Set 1, which includes all the lines necessary for the test case described.",
                "response_time": 15.940905570983887,
                "input_tokens": 748,
                "output_tokens": 552
            },
            {
                "test_case_id": 2,
                "test_case_inputs": "Test Case Input:\n3 10\n1 2\n3 4\n5 6",
                "crispe_response": "PLAN:\n\nStep 1: Input Processing:\nThe program starts by reading two integers, N and W, from input, which represent the number of items and the weight capacity, respectively. It then reads N pairs of integers that represent the weights and values of the items. In the test case, the input provided is \"3 10\" followed by \"1 2\", \"3 4\", and \"5 6\". This means that the input reading (statement 1) and the list comprehension to construct IN (statement 2) are executed.\n\nObservation 1: All sets of code coverage include statements 1 and 2, so they are all applicable at this stage.\n\nStep 2: Iterating over Items:\nNext, the program iterates over the list IN, using a loop to accumulate the total weight (sumw) and total value (sumv) of the items (statements 4 and 5). The loop iterates three times for the given test case.\n\nObservation 2: Sets 1 to 9 include statement 4 (the loop execution) and statement 5 (within the loop), so they remain applicable.\n\nStep 3: Calculating Sums:\nDuring each iteration, the weight and value of each item are added to sumw and sumv, respectively. The loop execution (statement 5) covers these calculations.\n\nObservation 3: Statements 1, 2, 3, 4, and 5 are common in all sets; hence all sets are still applicable after this step.\n\nStep 4: Dictionary Update:\nAfter the loop, the dictionary DP is updated with sumv as the key and sumw as the value (statement 7). There are no conditional branches that would affect this operation.\n\nObservation 4: Sets 6 to 10 include statement 7, so these remain applicable after this step.\n\nStep 5: Eliminating Non-Applicable Sets:\nSince all sets provided in the problem are duplicates with the exception of set 6-10 differing from sets 1-5 by not including statement 6, yet all sets include statements 1 to 5 and 7 to 9.\n\nObservation 5: Statements 6 is inapplicable since there are no conditional branches or any other operation between statements 5 (inside loop) and statement 7. \n\nFINAL CODE COVERAGE:\nSet 6, 7, 8, 9, or 10 could all be considered correct since they all properly account for the execution path of the given program and test case, considering that they all exclude unnecessary statements.",
                "response_time": 7.054603815078735,
                "input_tokens": 748,
                "output_tokens": 372
            }
        ],
        "serialized_code": "Line 1: N, W = map(int, input().split())\nLine 2: IN = list(list(map(int, input().split())) for _ in range(N))\nLine 3: sumw = 0\nLine 4: sumv = 0\nLine 5: for w, v in IN:\nLine 6:     sumw += w\nLine 7:     sumv += v\nLine 8: DP = dict()\nLine 9: DP[sumv] = sumw\n",
        "test_case_id": "2"
    }
]