[
    {
        "submission_id": "s387306320",
        "methods_removed": 0,
        "methods_removed_names": [],
        "number_of_calls": {},
        "lines_affected": {},
        "focc": [
            "Set 1: Statements 1, 2, 3, 4, 5, 6, 7, 8, 9, 10, 11, 12, 13",
            "Set 2: Statements 1, 2, 3, 4, 5, 6, 7, 8, 9, 12, 13",
            "Set 3: Statements 1, 2, 3, 4, 5, 6, 7, 9, 10, 11, 12, 13",
            "Set 4: Statements 1, 2, 3, 4, 5, 6, 7, 9, 12, 13",
            "Set 5: Statements 1, 2, 3, 4, 5, 6, 9, 10, 11, 12, 13",
            "Set 6: Statements 1, 2, 3, 4, 5, 6, 9, 12, 13",
            "Set 7: Statements 1, 2, 3, 4, 12, 13"
        ],
        "code": "n = int(input())\na = list(map(int,input().split()))\ncount = 0\nfor i in range(n):\n    minij =i\n    for j in range(i,n):\n        if a[j] < a[minij]:\n            minij = j\n    if a[i] > a[minij]:\n        count+=1\n        a[i],a[minij] = a[minij],a[i]\nprint(' '.join(map(str,a)))\nprint(count)",
        "test_cases": [
            {
                "test_case_id": 1,
                "test_case_inputs": "Test Case Input:\n5\n3 1 4 2 5",
                "crispe_response": "PLAN:\n\n**Step 1: Input Processing:**\n- The program starts by taking two inputs: an integer `n` and a list `a` of integers. \n- Test case input provides `n = 5` and `a = [3, 1, 4, 2, 5]`.\n- The processing of inputs involves lines 1 and 2.\n- **Observation 1:** All coverage sets include lines 1 and 2, so all sets remain applicable.\n\n**Step 2: Initial Setup and Looping:**\n- The `count` variable is initialized to 0 in line 3.\n- The outer loop runs from `i = 0` to `i = 4` (since `n = 5`).\n- **Observation 2:** All coverage sets include lines 3, 4, and 5, so they all remain applicable.\n\n**Step 3: First Iteration (i = 0):**\n- `minij` is initialized to 0.\n- Inner loop (`j`) runs from 0 to 4:\n  - `j = 1`: `a[1]` (1) is less than `a[0]` (3), so `minij` is updated to 1.\n  - `j = 2`: No change; `a[2]` (4) is not less than `a[minij]` (1).\n  - `j = 3`: No change; `a[3]` (2) is not less than `a[minij]` (1).\n  - `j = 4`: No change; `a[4]` (5) is not less than `a[minij]` (1).\n- After the inner loop, `minij = 1` and `a[i] > a[minij]` (i.e., `3 > 1`), so enter the conditional block.\n- `count` is increased by 1, and the elements at indices 0 and 1 are swapped.\n- Execution involves lines 6, 7, 8, and 9.\n- **Observation 3:** Sets 1, 3, 5 remain viable as they all include these lines.\n\n**Step 4: Second Iteration (i = 1):**\n- `minij` is initialized to 1.\n- Inner loop (`j`) runs from 1 to 4:\n  - `j = 2`: No change; `a[2]` (4) is not less than `a[minij]` (3).\n  - `j = 3`: `a[3]` (2) is less than `a[minij]` (3), so `minij` is updated to 3.\n  - `j = 4`: No change; `a[4]` (5) is not less than `a[minij]` (2).\n- After the inner loop, `minij = 3` and `a[i] > a[minij]` (i.e., `3 > 2`), so enter the conditional block.\n- `count` is increased by 1, and elements at indices 1 and 3 are swapped.\n- Execution involves lines 6, 7, 8, and 9.\n- **Observation 4:** Sets 1 and 3 remain viable as they include these lines.\n\n**Step 5: Subsequent Iterations (i = 2, 3, 4):**\n- In the remaining iterations, no swapping occurs as elements are in correct order. \n- The inner loop completes without modifying `minij`.\n- The condition `a[i] > a[minij]` is false, so lines 8 and 9 are not executed.\n- Execution involves passing through lines 6 and 7, but not entering the conditional block.\n- **Observation 5:** Sets 1 and 3 remain as they accounted for scenarios where the conditional block in lines 8 and 9 may or may not be executed.\n\n**Step 6: Printing Results:**\n- After loop completion, list `a` is now sorted as `[1, 2, 3, 4, 5]`.\n- Line 12 prints the sorted list, and line 13 prints the `count` of swaps.\n- All applicable sets end with lines 12 and 13.\n- **Observation 6:** Both sets 1 and 3 include lines 12 and 13.\n\n**FINAL CODE COVERAGE:**\nSet 1: Statements 1, 2, 3, 4, 5, 6, 7, 8, 9, 10, 11, 12, 13",
                "response_time": 12.565093040466309,
                "input_tokens": 728,
                "output_tokens": 549
            },
            {
                "test_case_id": 2,
                "test_case_inputs": "Test Case Input:\n3\n2 1 3",
                "crispe_response": "PLAN:\n\nStep 1: Input Processing:\nThe program starts by taking an integer input `n` representing the number of elements, and a list `a` that contains `n` integers. In the test case, we are given `n = 3` and `a = [2, 1, 3]`.\nObservation 1: All sets of code coverage are applicable as they all include statements for input processing (Statements 1 and 2).\n\nStep 2: Initialization of Count:\nThe program initializes a variable `count` to zero before entering the outer loop.\nObservation 2: All sets of code coverage remain applicable as they all include the initialization of `count` (Statement 3).\n\nStep 3: Outer Loop Execution:\nThe outer loop will execute `n` times, which is 3 times in this case (for `i` = 0, 1, and 2). This is managed by statements 4 and 5.\nObservation 3: All sets of code coverage account for the execution of the outer loop (Statements 4 and 5).\n\nStep 4: Inner Loop Execution:\nFor each `i`, the inner loop (indexed by `j`) runs from `i` to `n`. In this test case, it will run as follows:\n- For `i = 0`, `j` will range from 0 to 2.\n- For `i = 1`, `j` will range from 1 to 2.\n- For `i = 2`, `j` will range from 2 to 2 (no iteration as start and end are same).\nEvery iteration checks if `a[j] < a[minij]` and updates `minij` when it finds a smaller element than `a[minij]`.\nObservation 4: All sets of code coverage include the execution of the inner loop and comparisons (Statements 6, 7, and 8).\n\nStep 5: Swap and Count Increment:\nWhen a smaller element is found at a different index, it is then swapped with `a[i]` if `a[i] > a[minij]`. The count is incremented in such cases.\n- During the loop, at `i = 0`, `a[1]` (1) is less than `a[0]` (2), so they get swapped. `count` gets incremented.\n- At `i = 1`, no swap happens as `a[1]` (now 2) is less than `a[2]` (3).\n- At `i = 2`, the loop does not run as j's range is of one element.\nObservation 5: This step correlates with sets that consider swaps and increments (Statements 9, 10, and 11). It excludes sets 4 and 7 initially.\n\nStep 6: Output of Sorted List and Count:\nThe program concludes by printing the modified list and the `count`. These are covered by statements 12 and 13. Specifically, the output is `1 2 3` followed by `1`.\n\nObservation 6: The overall process confirms that all necessary steps have been accounted for in set 1 and set 3, which represent a full execution including modifications and outputs of list and count.\n\nFINAL CODE COVERAGE:\nSet 3: Statements 1, 2, 3, 4, 5, 6, 7, 9, 10, 11, 12, 13",
                "response_time": 16.913266897201538,
                "input_tokens": 726,
                "output_tokens": 466
            }
        ],
        "serialized_code": "Line 1: n = int(input())\nLine 2: a = list(map(int,input().split()))\nLine 3: count = 0\nLine 4: for i in range(n):\nLine 5:     minij =i\nLine 6:     for j in range(i,n):\nLine 7:         if a[j] < a[minij]:\nLine 8:             minij = j\nLine 9:     if a[i] > a[minij]:\nLine 10:         count+=1\nLine 11:         a[i],a[minij] = a[minij],a[i]\nLine 12: print(' '.join(map(str,a)))\nLine 13: print(count)\n",
        "test_case_id": "1"
    }
]