[
    {
        "submission_id": "s037102187",
        "methods_removed": 0,
        "methods_removed_names": [],
        "number_of_calls": {},
        "lines_affected": {},
        "focc": [
            "Set 1: Statements 1, 2, 3, 11, 12, 13, 15, 17, 4, 6, 7",
            "Set 2: Statements 1, 2, 3, 11, 12, 13, 15, 17, 4, 6, 7, 18",
            "Set 3: Statements 1, 2, 3, 11, 12, 13, 15, 17, 4, 6, 8, 9",
            "Set 4: Statements 1, 2, 3, 11, 12, 13, 15, 17, 4, 6, 8, 9, 18",
            "Set 5: Statements 1, 2, 3, 11, 12, 13, 15, 17, 4, 6, 8, 10, 7",
            "Set 6: Statements 1, 2, 3, 11, 12, 13, 15, 17, 4, 6, 8, 10, 7, 18",
            "Set 7: Statements 1, 2, 3, 11, 12, 13, 15, 17, 4, 6, 8, 10, 9",
            "Set 8: Statements 1, 2, 3, 11, 12, 13, 15, 17, 4, 6, 8, 10, 9, 18",
            "Set 9: Statements 1, 2, 3, 11, 12, 13, 15, 17, 4, 6, 8, 10, 5, 7",
            "Set 10: Statements 1, 2, 3, 11, 12, 13, 15, 17, 4, 6, 8, 10, 5, 7, 18",
            "Set 11: Statements 1, 2, 3, 11, 12, 13, 15, 17, 4, 6, 8, 10, 5, 9",
            "Set 12: Statements 1, 2, 3, 11, 12, 13, 15, 17, 4, 6, 8, 10, 5, 9, 18"
        ],
        "code": "n = int(input())\nv = [int(i) for i in input().split()]\ndef gcd(x, y):\n    if y > x:\n        x, y = y, x\n    if y == 0:\n        return x\n    if x % y == 0:\n        return y\n    return gcd(y, x % y)\nl = [0 for i in range(n)]\nr = [0 for i in range(n)]\nfor i in range(1, n):\n    l[i] = gcd(l[i - 1], v[i - 1])\nfor i in range(n - 1)[::-1]:\n    r[i] = gcd(r[i+1], v[i+1])\nm = [gcd(l[i], r[i]) for i in range(n)]\nprint(max(m))",
        "test_cases": [
            {
                "test_case_id": 1,
                "test_case_inputs": "Test Case Input:\n3\n9 12 18",
                "crispe_response": "To determine the appropriate set of statements covered by the test case, let's analyze the code step-by-step.\n\n### PLAN:\n\n**Step 1: Input Processing**\n1. The program begins by reading integer `n` through a call to `int(input())`, which corresponds to line 1. Based on the test case input, `n` is set to 3.\n2. The next input line is split into a list of integers `v`, as dictated by the comprehension on line 2. The test case provides the list `9, 12, 18` which means this line executes successfully.\n    \n**Observation 1:** At this point, all sets of code coverage incorporate the execution of these lines (1 and 2) and remain applicable.\n\n**Step 2: Initialize Arrays**\n3. Lines 11 and 12 initialize arrays `l` and `r` with zeros, each of size `n` (which is 3 in this case). This setup is necessary for the subsequent steps.\n\n**Observation 2:** Continues applicability across all sets as they all include lines 11 and 12.\n\n**Step 3: Execution of `gcd` Function in Left to Right Array Population**\n4. The for-loop starting on line 13 iterates through indices `1` to `n-1` (i.e., 1 to 2). Within each iteration, it calculates the greatest common divisor through the `gcd` function defined on lines 3 to 7.\n    - For `i = 1`, it calculates `gcd(0, 9)` which hits line 4, reaching the end and returning `9`.\n    - For `i = 2`, it calculates `gcd(9, 12)` owing to recursive calls:\n        - `12 > 9`, resulting in a swap (line 5).\n        - `gcd(9, 12 % 9)` equates to `gcd(9, 3)`. Since `9 % 3 == 0`, the result is `3`, executing lines 3, 4, 5, 6, and 7.\n    \n**Observation 3:** Relevant codes are lines 3, 4, 5, 6, and 7. Accordingly, we can eliminate any sets excluding these lines. This filters sets that don't contain lines involving recursive gcd calls with conditions (like line 5 swap). \n\n**Step 4: Execution of `gcd` Function in Right to Left Array Population**\n5. The reverse for-loop begins in line 15 ranging from `n-2` down to `0`:\n    - For `i = 1`, it calculates `gcd(0, 18)` which executes line 4, concluding by returning `18`.\n    - For `i = 0`, it calculates `gcd(18, 12)` through:\n        - `12 < 18`, no swap (line 5 skipped).\n        - `gcd(18, 6)`, concluding in earlier gcd calculations. The results hit lines 3, 4, 6, and 7, ultimately returning `6`.\n\n**Observation 4:** Sets without execution paths for recursive gcd functions are discarded, specifically those lacking lines 3, 4, and combined paths seen in the earlier observations.\n\n**Step 5: Combine Results and Find Maximum**\n6. Line 17 creates a list `m` where entries are `gcd(l[i], r[i])` for `i` in range `n`:\n    - The values are `[gcd(0, 18), gcd(9, 18), gcd(3, 12)]`, culminated with `18`, `9`, and `3`.\n7. Finally, line 18 outputs the maximum value from `m`, which is `18`.\n\n**Observation 5:** Eliminate sets excluding line 18, given it finalizes the output print operation, continuing to lockout inapplicable sets.\n\n### FINAL CODE COVERAGE:\nThrough sequential elimination based on constraints and observations, the correct answer is:\n\n**Set 10: Statements 1, 2, 3, 11, 12, 13, 15, 17, 4, 6, 8, 10, 5, 7, 18**\n\nThis set encompasses the gcd function's recursive nature, essential loops, array initializations, and final outputs consistent to the test case execution path.",
                "response_time": 16.88839077949524,
                "input_tokens": 874,
                "output_tokens": 550
            },
            {
                "test_case_id": 2,
                "test_case_inputs": "Test Case Input:\n0\n4 2 6 8\n\nThis test case input will raise an error in the program because the value of n is 0, which will cause an IndexError when trying to access elements in the list v.",
                "crispe_response": "To determine the code coverage given the test case for the provided program, we'll break down the steps and observations systematically.\n\n**PLAN:**\n\n**Step 1: Input and Variable Initialization**\n\n- The program tries to read an integer `n` and a list `v` of integers. Here, `n = 0` from the test case input, and `v = [4, 2, 6, 8]`.\n- Since `n` is 0, referring to any index in `v` will raise an `IndexError` due to list operations on an assumed empty `l` and `r` list.\n- **Observation 1**: All possible sets include lines 1, 2, 3, where these variable initializations occur. So far, all sets are viable.\n\n**Step 2: Attempt to Create Lists and Loop Execution**\n\n- The program tries to generate two lists `l` and `r` initialized with zeros and loops from `1 to n-1` and `n-2 to 0` respectively.\n- With `n = 0`, these loops do not run because the ranges become invalid, leading to an immediate error when trying to create lists of size `n` with a size 0.\n- **Observation 2**: An `IndexError` will occur when any operations try to access the list `v` or the lists `l` and `r`. Sets 1 to 12 include possible execution paths without attempting to create loop bounds or iterate.\n\n**Step 3: Execution of GCD Function and Max Calculation (not reached)**\n\n- The steps for computing gcd and finding the maximum of the m calculated are unreachable due to the immediate error in trying to initialize `l` and `r` with size `0` and their use.\n- Thus, any steps involving gcd checks within loops or calculations are irrelevant as they won't be executed because of pre-existing error condition.\n- **Observation 3**: Considering that the operation attempts result in an error, we focus on identifying coverage sets that either don't reach or account for the error occurrence: Set 1 covers the minimal execution reaching the error.\n\n**Step 4: Error Handling in Code Execution**\n\n- Knowing the flow results in an error before completing list processing, the executed statements before the error will be included in our revised sets.\n- Lines corresponding to attempted list initialization (4, 6) are part of resulting error due to the invalid size `n`.\n- **Observation 4**: Statement sets accounting for the list initializations without reaching beyond such are prioritized, particularly sets that do not engage in erroneous access(8, 10, etc).\n\n**FINAL CODE COVERAGE:**\n\n- Based on the execution breakdown and immediate error occurrence at list initialization given `n = 0`, the path suggests covering statements up to error presence.\n- The coverage includes input and list setup until the error emerges; minimal coverage indicating error situations will involve sets containing initialization lines up to list operation attempts (1, 2, 3, 11, 12, 13, 15, 17, 4, 6) noting error context.\n\n- **Final Selection**: Set 1: Statements 1, 2, 3, 11, 12, 13, 15, 17, 4, 6, 7\n\nThis identifies initialization, attempted iterations, and implicit termination through early error presence.",
                "response_time": 7.69234299659729,
                "input_tokens": 907,
                "output_tokens": 495
            }
        ],
        "serialized_code": "Line 1: n = int(input())\nLine 2: v = [int(i) for i in input().split()]\nLine 3: def gcd(x, y):\nLine 4:     if y > x:\nLine 5:         x, y = y, x\nLine 6:     if y == 0:\nLine 7:         return x\nLine 8:     if x % y == 0:\nLine 9:         return y\nLine 10:     return gcd(y, x % y)\nLine 11: l = [0 for i in range(n)]\nLine 12: r = [0 for i in range(n)]\nLine 13: for i in range(1, n):\nLine 14:     l[i] = gcd(l[i - 1], v[i - 1])\nLine 15: for i in range(n - 1)[::-1]:\nLine 16:     r[i] = gcd(r[i+1], v[i+1])\nLine 17: m = [gcd(l[i], r[i]) for i in range(n)]\nLine 18: print(max(m))\n",
        "test_case_id": "1"
    },
    {
        "submission_id": "s037102187",
        "methods_removed": 1,
        "methods_removed_names": [
            "gcd"
        ],
        "number_of_calls": {
            "gcd": 0
        },
        "lines_affected": {
            "gcd": []
        },
        "focc": [
            "Set 1: Statements 1, 2, 3",
            "Set 2: Statements 1, 2, 3",
            "Set 3: Statements 1, 2, 3",
            "Set 4: Statements 1, 2, 3",
            "Set 5: Statements 1, 2, 3",
            "Set 6: Statements 1, 2, 3",
            "Set 7: Statements 1, 2, 3",
            "Set 8: Statements 1, 2, 3",
            "Set 9: Statements 1, 2, 3",
            "Set 10: Statements 1, 2, 3",
            "Set 11: Statements 1, 2, 3",
            "Set 12: Statements 1, 2, 3"
        ],
        "code": "n = int(input())\nv = [int(i) for i in input().split()]",
        "test_cases": [
            {
                "test_case_id": 1,
                "test_case_inputs": "Test Case Input:\n3\n9 12 18",
                "crispe_response": "PLAN:\n\nStep 1: Input Processing:\nThe program starts by reading an integer, `n`, which represents the number of elements in the list `v`. In this test case, `n` is given as 3. The next input is a list of integers separated by spaces. The input `9 12 18` corresponds to the list `v = [9, 12, 18]`. Lines 1 and 2 of the code are executed to accomplish this input processing.\nObservation 1: All possible sets of code coverage include lines 1 and 2, as that's where the input is processed.\n\nStep 2: Verification of Test Case Input:\nThe test case input is simply a straightforward assignment:\n- The first line of input, `3`, assigns this value to `n` which represents the expected number of integers in the following list.\n- The second line of input, `9 12 18`, gets split and converted into integers, forming the list `v = [9, 12, 18]`.\n\nStep 3: Analysis of Code Coverage:\nConsidering that the code snippet ends with statement 2, and since the task input does not offer separate statements but only lists line numbers, we must infer that this elucidates all necessary operations for this particular input processing.\n\nStep 4: Execution Outcome:\nGiven that all steps of the input are straightforward and the set of statements maxes out at line 3, each potential code execution or computational path (represented by the sets of statements) ends on line 3.\n\nFINAL CODE COVERAGE:\nSet 1 to 12: All sets include Statements 1, 2, 3. Each concluded with input fully processed, recognizing completion per set definition.\n\nNote: Since the test case proposed has only processed up to line 3, and all sets include these lines, all proposed sets exhibit equal potential in executing the test case without further conditions or constraints differentiating between them.",
                "response_time": 24.162580013275146,
                "input_tokens": 673,
                "output_tokens": 300
            },
            {
                "test_case_id": 2,
                "test_case_inputs": "Test Case Input:\n0\n4 2 6 8\n\nThis test case input will raise an error in the program because the value of n is 0, which will cause an IndexError when trying to access elements in the list v.",
                "crispe_response": "The given Python program involves reading an integer `n` and a list of integers `v` from input. The test case provided ensures certain behavior due to the input values, which will lead to an error when the program is executed as described. Let's analyze step by step which set of code statements will be covered given the test case.\n\n**PLAN:**\n\n**Step 1: Input Processing:**\n- The program starts by reading an integer `n` from input. In the test case, this input is `0`.\n- Then, the program reads a series of integers into a list `v` from input. According to the test case, these numbers are `4`, `2`, `6`, `8`.\n- Observation 1: At this initial stage, all possible sets including only statements 1, 2, and 3 are relevant because they reflect the input process.\n\n**Step 2: Interpretation of Input:**\n- Since `n = 0`, it implies that any attempt to use this value to access elements from the list `v` using `v[n]` or similar will lead to an error. Specifically, since `n` is mentioned as the length or index used to operate on `v`, accessing it will raise an `IndexError`.\n- Observation 2: Given `n = 0`, any code sections that assume `n` is an index to access elements in the list will not be executed correctly beyond the initial input phase. The code coverage does not extend beyond reading input, and thus none of the sets that imply further execution beyond input processing apply.\n\n**Step 3: Error Handling:**\n- All provided statements (1, 2, 3) are executed before any error would occur. Since the error happens only when an attempt to use `n` arises, no further statements in any code set would be executed beyond these.\n- Observation 3: Due to the immediate nature of the error post input processing, any sets that might imply subsequent code execution fail once an error arises. The code effectively fails after processing inputs contrary to additional logical steps.\n\n**FINAL CODE COVERAGE:**\nGiven that an `IndexError` will interrupt the program execution at the input processing stage without completing beyond statement 3, all provided options (Sets 1 - 12) demonstrate the same coverage pattern: execution of statements 1, 2, and 3.\n\nIn this context, all sets are interpreted consistently as they signify the bounds of execution under erroneous conditions:\n\nSet 1: Statements 1, 2, 3\nSet 2: Statements 1, 2, 3\nSet 3: Statements 1, 2, 3\nSet 4: Statements 1, 2, 3\nSet 5: Statements 1, 2, 3\nSet 6: Statements 1, 2, 3\nSet 7: Statements 1, 2, 3\nSet 8: Statements 1, 2, 3\nSet 9: Statements 1, 2, 3\nSet 10: Statements 1, 2, 3\nSet 11: Statements 1, 2, 3\nSet 12: Statements 1, 2, 3\n\nGiven the IndexError error at execution time due to `n = 0`, none of the provided sets go beyond these statements in coverage.",
                "response_time": 8.13047170639038,
                "input_tokens": 706,
                "output_tokens": 481
            }
        ],
        "serialized_code": "Line 1: n = int(input())\nLine 2: v = [int(i) for i in input().split()]\n",
        "test_case_id": "2"
    }
]