[
    {
        "submission_id": "s251573276",
        "methods_removed": 0,
        "methods_removed_names": [],
        "number_of_calls": {},
        "lines_affected": {},
        "focc": [
            "Set 1: Statements 1, 2, 3, 8, 9, 10, 11, 12, 4, 5, 7, 14, 22, 23, 24, 25, 26",
            "Set 2: Statements 1, 2, 3, 8, 9, 10, 11, 12, 4, 5, 7, 14, 22, 23, 24, 26",
            "Set 3: Statements 1, 2, 3, 8, 9, 10, 11, 12, 4, 5, 7, 14, 22, 23, 26",
            "Set 4: Statements 1, 2, 3, 8, 9, 10, 11, 12, 4, 5, 7, 14, 16, 17, 18, 22, 23, 24, 25, 26",
            "Set 5: Statements 1, 2, 3, 8, 9, 10, 11, 12, 4, 5, 7, 14, 16, 17, 18, 22, 23, 24, 26",
            "Set 6: Statements 1, 2, 3, 8, 9, 10, 11, 12, 4, 5, 7, 14, 16, 17, 18, 22, 23, 26",
            "Set 7: Statements 1, 2, 3, 8, 9, 10, 11, 12, 4, 5, 7, 14, 16, 20, 21, 22, 23, 24, 25, 26",
            "Set 8: Statements 1, 2, 3, 8, 9, 10, 11, 12, 4, 5, 7, 14, 16, 20, 21, 22, 23, 24, 26",
            "Set 9: Statements 1, 2, 3, 8, 9, 10, 11, 12, 4, 5, 7, 14, 16, 20, 21, 22, 23, 26",
            "Set 10: Statements 1, 2, 3, 8, 9, 10, 11, 12, 4, 5, 7, 6",
            "Set 11: Statements 1, 2, 3, 8, 9, 10, 11, 12, 4, 7, 13, 14, 22, 23, 24, 25, 26",
            "Set 12: Statements 1, 2, 3, 8, 9, 10, 11, 12, 4, 7, 13, 14, 22, 23, 24, 26"
        ],
        "code": "N,M=map(int,input().split())\nroot=[-1]*N\ndef search(i):\n    if root[i]>=0:\n        root[i]=search(root[i])\n        return root[i]\n    return i\nfor i in range(M):\n    x,y,z=map(int,input().split())\n    x-=1\n    y-=1\n    rx=search(x)\n    ry=search(y)\n    if rx==ry:\n        continue\n    elif root[rx]<=root[ry]:\n        root[ry]+=root[rx]\n        root[rx]=ry\n    else:\n        root[rx]+=root[ry]\n        root[ry]=rx\nans=0\nfor i in range(N):\n    if root[i]<0:\n        ans+=1\nprint(ans)",
        "test_cases": [
            {
                "test_case_id": 1,
                "test_case_inputs": "Test Case Input:\n5 4\n1 2 1\n2 3 2\n3 4 3\n4 5 4",
                "crispe_response": "PLAN:\n\nStep 1: Initial Input Processing:\nThe program begins by reading two integers N and M from the input using a single line. These represent the number of elements and number of operations, respectively. A root list of size N is initialized with all values set to -1.\nObservation 1: All sets include the processing of the initial input and list initialization (statements 1, 2, and 3), so they remain applicable.\n\nStep 2: Processing Each Operation:\nThe program then enters a loop to process each of the M operations. For each operation, it reads three integers x, y, and z. As per the test case, M = 4, meaning the loop will iterate four times.\nObservation 2: All sets include the start of this loop (statement 8), so none can be eliminated at this point.\n\nStep 3: Search and Union Operations:\nInside the loop, the search function is called for x and y after decrementing them by one. This operation leads to the finding of roots rx and ry, which the sets account for (statements 9, 10, 11, and 12).\nObservation 3: After the search calls, all sets still remain applicable as they include these statements.\n\nStep 4: First Union Operation:\nFor the first pair (1, 2, 1), rx and ry are different as neither is the root of another initially. The elif block executes as root[rx] \u2264 root[ry], updating the roots and their sizes (statements 14, 16, 17, 18).\nObservation 4: Sets 1, 4, 5, 6, 11, and 12 remain applicable after this step since they include statements 16, 17, and 18.\n\nStep 5: Second Union Operation:\nFor the second pair (2, 3, 2), rx and ry remain different. Again, the elif block executes updating the tree (statements 14, 16, 17, 18).\nObservation 5: Sets 1, 4, 5, and 6 remain applicable after this step since they continue to include statements 16, 17, and 18.\n\nStep 6: Third and Fourth Union Operations:\nThe process repeats for the pairs (3, 4, 3) and (4, 5, 4). As rx remains different from ry for both operations, the elif block continues to modify the roots and sizes (statements 14, 16, 17, 18).\nObservation 6: Sets 1, 4, and 5 remain applicable since they include these changes.\n\nStep 7: Counting Roots:\nAfter processing all operations, the program counts the number of unique roots in the list, indicating distinct connected components (statements 22, 23, 24, 26).\nObservation 7: Set 5 is eliminated because it fails to include necessary set roots counting statements dealing with distinct roots.\n\nStep 8: Final Output:\nThe final step prints the result, which is the count of unique components (statement 26).\nObservation 8: Sets 1 and 4 are the remaining viable sets. However, since all union operations used the elif block, Set 4 accurately covers the code execution path.\n\nFINAL CODE COVERAGE:   \nSet 4: Statements 1, 2, 3, 8, 9, 10, 11, 12, 4, 5, 7, 14, 16, 17, 18, 22, 23, 24, 25, 26",
                "response_time": 25.199230670928955,
                "input_tokens": 883,
                "output_tokens": 495
            },
            {
                "test_case_id": 2,
                "test_case_inputs": "Test Case Input:\n-1 -1\n\nThis test case will raise the following errors:\n- ValueError: invalid literal for int() with base 10: '-1'\n- IndexError: list index out of range",
                "crispe_response": "To determine the code coverage set for the given test case and Python program, we must analyze each potential path the test case can take in the program, deducing which code statements are executed. Here's the detailed step-by-step reasoning:\n\n**PLAN:**\n\n**Step 1: Initial Input Processing**\n- The program begins by reading two integers, `N` and `M`, from input. The given test case provides the input `-1 -1`, which results in an invalid sequence when attempting to convert to positive integers.\n- According to the test case assumption, such an input should result in errors.\n- **Observation 1:** None of the sets include invalid input handling. If an error is expected when converting to positive integers, coverage sets that would process these lines (incorrectly due to input error) need attention until specific expected errors take priority.\n\n**Step 2: Potential Error Handling**\n- With the expected `ValueError` arising from `int(input().split())`, it indicates that none of the higher execution lines such as loops or conditions get evaluated due to the input processing failure. However, since no specific error handling lines are provided in the sets, the observation does still need specific reflection.\n- **Observation 2:** This denotes an early termination and potentially a direct path to halt program execution due to input failure. However, taking note of generic code execution possibilities (for validation), sets that fundamentally rely on initial statement processing (1 to 3) will generally be valid under normal integer-converting circumstances, but here indicate the ValueError-induced halt.\n\n**Step 3: IndexError Consideration**\n- The test case notes suggest potential for `IndexError` due to operations within input-related or loop-initialized processes which isn't explicitly shown in initial snippets. The workings of such errors in indexed arrays/projects translates commonly to loop operation in `for i in range(N)`, particularly with invalid `N`.\n- **Observation 3:** Sets that positionally include further delineations might then hallucinate an extent of processing despite input errors or may naturally cease in the event well propagated indexes are seen as illegal/probed beyond available range under normal/M permutations.\n\n**Step 4: Considering Terminating Statements**\n- Since the test case likely fails on input casting before reaching main loop constructs, our logical error conclusion remains consistent. Final iteration assessment or value combinations in error-generating environments mapping naturally backs out finalizing statements due to short-circuited operations or missing output from succeeding code.\n- **Observation 4:** Since this analysis hones in primarily on errors leading to failed continuation or iterative process at conceptual level, there's a subtle implication these expected error points intercept instead of typically iter-off the procedural lines to their respective solving contexts.\n\nGiven the expected outcome (errors before loop execution due to invalid input), the chosen statement set should capture immediate initialization, include early processing directives, and cover cessation points. \n\n**FINAL CODE COVERAGE:**\n\nLooking at the directly deduced path of error and role of statement position, the code coverage set aligns closest with:\n\n**Set 10**: Statements 1, 2, 3, 8, 9, 10, 11, 12, 4, 5, 7, 6\n\nThis captures expected errors propagating through normal first-statement processing, hitting cessation early on, indicative by most relevant edge conditions representing early errors conceivable once input conversion ceases correctly in given expectations context.",
                "response_time": 15.665696859359741,
                "input_tokens": 896,
                "output_tokens": 525
            }
        ],
        "serialized_code": "Line 1: N,M=map(int,input().split())\nLine 2: root=[-1]*N\nLine 3: def search(i):\nLine 4:     if root[i]>=0:\nLine 5:         root[i]=search(root[i])\nLine 6:         return root[i]\nLine 7:     return i\nLine 8: for i in range(M):\nLine 9:     x,y,z=map(int,input().split())\nLine 10:     x-=1\nLine 11:     y-=1\nLine 12:     rx=search(x)\nLine 13:     ry=search(y)\nLine 14:     if rx==ry:\nLine 15:         continue\nLine 16:     elif root[rx]<=root[ry]:\nLine 17:         root[ry]+=root[rx]\nLine 18:         root[rx]=ry\nLine 19:     else:\nLine 20:         root[rx]+=root[ry]\nLine 21:         root[ry]=rx\nLine 22: ans=0\nLine 23: for i in range(N):\nLine 24:     if root[i]<0:\nLine 25:         ans+=1\nLine 26: print(ans)\n",
        "test_case_id": "1"
    },
    {
        "submission_id": "s251573276",
        "methods_removed": 1,
        "methods_removed_names": [
            "search"
        ],
        "number_of_calls": {
            "search": 0
        },
        "lines_affected": {
            "search": []
        },
        "focc": [
            "Set 1: Statements 1, 2, 3",
            "Set 2: Statements 1, 2, 3",
            "Set 3: Statements 1, 2, 3",
            "Set 4: Statements 1, 2, 3",
            "Set 5: Statements 1, 2, 3",
            "Set 6: Statements 1, 2, 3",
            "Set 7: Statements 1, 2, 3",
            "Set 8: Statements 1, 2, 3",
            "Set 9: Statements 1, 2, 3",
            "Set 10: Statements 1, 2, 3",
            "Set 11: Statements 1, 2, 3",
            "Set 12: Statements 1, 2, 3"
        ],
        "code": "N,M=map(int,input().split())\nroot=[-1]*N",
        "test_cases": [
            {
                "test_case_id": 1,
                "test_case_inputs": "Test Case Input:\n5 4\n1 2 1\n2 3 2\n3 4 3\n4 5 4",
                "crispe_response": "The provided information appears incomplete or misformatted, as all the possible sets of code coverage indicate the same statements (1, 2, 3), which doesn't provide any variation to differentiate among them. Additionally, the program provided seems to lack the full context necessary to predict the code coverage accurately based on the test case.\n\nFor a step-by-step reasoning approach, I would need additional code statements and a variety of possible sets of code coverage, similar to the sample provided. Below is a generalized plan based on following the pattern used in the example above. If more information or a complete program is provided, I'd be happy to elaborate further on each step.\n\n### PLAN (Hypothetical Based on Limited Information)\n\n#### Step 1: Input Processing \n- **Line 1**: The input function processes two integers N and M from the first line of the input.\n- **Line 2**: An array `root` of length N is initialized with all values set to -1.\n\n**Observation**: At this point, based on the incomplete information, we conclude that at least statements 1 and 2 are executed in all code coverage sets.\n\n#### Step 2: Further Processing or Looping\nAssume additional lines of code after line 2 to handle further input.\n\n- For example, iterating over M pairs of inputs corresponding to subsequent lines like \"1 2 1\", \"2 3 2\", etc. Assume conditionals or operations are applied to `root` or other variables.\n\n**Observation**: Additional statements (e.g., conditional checks, updates to the `root` array) will refine applicable sets.\n\n#### Step 3: Determine Loop or Conditional Execution\n- **Placeholder for decision making**: Based on hypothetical loops or conditionals, identify executed lines.\n \n**Observation**: Depending on the logic (e.g., union-find operations), different branches (`if`/`else`) are taken, refining which sets of statements are relevant.\n\n#### Conclusion\n- Use observations from steps to narrow down applicable set(s).\n- Identify a final set based on the operations and decisions taken by the input test case.\n\n### Feedback for More Information\nPlease provide the full code snippet and varied possible code coverage sets to more effectively detail which paths and lines are executed based on the test case input \"5 4, 1 2 1, 2 3 2, 3 4 3, 4 5 4\".",
                "response_time": 6.873263835906982,
                "input_tokens": 675,
                "output_tokens": 368
            },
            {
                "test_case_id": 2,
                "test_case_inputs": "Test Case Input:\n-1 -1\n\nThis test case will raise the following errors:\n- ValueError: invalid literal for int() with base 10: '-1'\n- IndexError: list index out of range",
                "crispe_response": "PLAN:\n\nStep 1: Input Processing:\nThe program starts by attempting to read input using `map(int, input().split())`. The provided test input is \"-1 -1\". However, \"-1\" is a valid integer, so the program won't fail at this step because of value parsing.\n\nObservation 1:\nInitially, all sets of code coverage seem applicable as the input processing does not yet reveal any distinguishable error.\n\nStep 2: Assigning the Root List:\nAfter parsing input, the line `root=[-1]*N` is executed. This line attempts to create a list `root` with N elements, all initialized to -1. However, `N` being -1 results in an attempt to create a list with negative size, which is a logical error. Still, Python does not throw an error when multiplying lists by negative numbers; instead, it creates an empty list. Therefore, no IndexError will occur yet, but this operation shows a potential logical issue.\n\nObservation 2:\nDespite potential issues, no specific error occurs at this exact step, rendering sets 1 to 12 seemingly applicable so far. However, any real operation with this list might lead to incorrect behavior due to its emptiness.\n\nStep 3: Error Propagation:\nGiven the test case mentions ValueError and IndexError, let's focus on their origins. The ValueError could potentially arise from input parsing, which is not the case since \"-1\" is a valid integer. The IndexError, however, could manifest when attempting to manipulate `root`, as accessing it would be invalid. But since there\u2019s no additional code for list operations, the provided test input does not directly translate to these errors from the given statements.\n\nObservation 3:\nThe mentioned errors in the test case are likely hypothetical or based on assumed extended code that is not visible here. This keeps all sets applicable, as no error-inducing operations occur with the given set of visible operations.\n\nFinal Observation:\nThe provided program and input combination complete without directly triggering exceptions in the shown statements. Therefore, assuming any additional operations like accessing or further processing `root` is external to the current program snippet.\n\nFINAL CODE COVERAGE:\nSet 1: Statements 1, 2, 3\n\nRationale: Given no operations follow that utilize `root`, nor any input parsing issues with \"-1\", the provided coverage of statements (1, 2, 3) fits all sets, as it correctly processes input and initializes `root` within visible fragment constraints without inducing explicit exceptions.",
                "response_time": 7.904744625091553,
                "input_tokens": 688,
                "output_tokens": 384
            }
        ],
        "serialized_code": "Line 1: N,M=map(int,input().split())\nLine 2: root=[-1]*N\n",
        "test_case_id": "2"
    }
]