[
    {
        "submission_id": "s190333450",
        "methods_removed": 0,
        "methods_removed_names": [],
        "number_of_calls": {},
        "lines_affected": {},
        "focc": [
            "Set 1: Statements 1, 2, 3, 4, 5, 6, 7, 8, 9, 10, 11, 12, 13, 18, 19",
            "Set 2: Statements 1, 2, 3, 4, 5, 6, 7, 8, 9, 10, 11, 14, 15, 16, 17, 18, 19",
            "Set 3: Statements 1, 2, 3, 4, 5, 6, 7, 8, 9, 10, 11, 14, 18, 19",
            "Set 4: Statements 1, 2, 3, 4, 5, 6, 7, 8, 9, 19",
            "Set 5: Statements 1, 2, 3, 4, 5, 6, 7, 19",
            "Set 6: Statements 1, 2, 3, 4, 5, 6, 19",
            "Set 7: Statements 1, 2, 3, 4, 5, 19"
        ],
        "code": "A,B,C,D,E,F = map(int,input().split())\nm_d = 0\nm_t = 100*A\nm_s = 0\nfor a in range(F//100*A+1):\n  for b in range((F-100*A*a)//(100*B)+1):\n    for c in range((F-A*a*100-B*b*100)//C+1):\n      d = 0\n      while (100*A*a+100*B*b) > 0 and 100*A*a+100*B*b+C*c+D*d <= F and (C*c+D*d)/(100*A*a+100*B*b) <= E/100:\n        dens = (C*c+D*d)/(100*A*a+100*B*b)\n        if dens == E/100:\n          print(100*A*a+100*B*b+C*c+D*d,C*c+D*d)\n          exit()\n        elif m_d < dens:\n          m_d = dens\n          m_t = 100*A*a+100*B*b+C*c+D*d\n          m_s = C*c+D*d\n        d += 1\nprint(m_t,m_s)",
        "test_cases": [
            {
                "test_case_id": 1,
                "test_case_inputs": "Test Case Input:\n1\n1\n1\n1\n1\n1",
                "crispe_response": "PLAN:\n\nStep 1: Input Processing:  \nThe program begins by taking six inputs and mapping them to variables A, B, C, D, E, and F. For the test case, these values are 1, 1, 1, 1, 1, 1.   \nObservation 1: All possible sets of code coverage include line 1, so they are all applicable at this step.  \n\nStep 2: Initialization:  \nNext, the variables m_d, m_t, and m_s are initialized. Lines 2, 3, and 4 are executed during this initialization.  \nObservation 2: All sets of code coverage include lines 2, 3, and 4, so they remain applicable.  \n\nStep 3: Execution of Loops:  \nThe outer loop starts with `for a in range(F//100*A+1)`. Given F=1 and A=1, this loop's range will be from 0 to 1, meaning it will run once with `a=0`.  \nObservation 3: All sets of code coverage are still applicable as they include line 5.  \n\nStep 4: Inside First Outer Loop Iteration (a=0):  \nNow executing line 6, with `b=0` (since (1-100*1*0)//(100*1)+1 equals 1), the loop again runs once with `b=0`.  \nObservation 4: All code coverage sets are applicable as they account for line 6.  \n\nStep 5: Inside Second Loop (b=0):  \nExecuting line 7, for `c=0` (since (1-1*0-1*0)//1+1 equals 2), the loop runs twice with `c=0` and `c=1`.  \nObservation 5: All sets include line 7, so they remain applicable.  \n\nStep 6: Entering the While Loop (c=0):  \nFor `c=0`, the while condition at line 8 doesn't hold since `(100*A*a+100*B*b)` equals zero, and the condition `100*A*a + 100*B*b + C*c + D*0 <= F` is true with `(C*c + D*0)/(100*A*a + 100*B*b)` leading to a division by zero. Because the while loop condition isn't met, it doesn't execute, proceeding to the next iteration instead.  \nObservation 6: The while loop contents (lines 9 to 17) are skipped. Set 2, Set 3, Set 6, and Set 7 are applicable only because they don't require the while loop to execute in c=0. But notice since a=0 causes division by zero to skip the while loop due to short-circuit the check at `(100*A*a + 100*B*b)` >0, all sets still have the possibility of recovery if later recursion lead a >0. However, to finalize, preferred path can be inferred through checking c=1 or directly ensuring outside a=0. let c=0 overall possible we are down to Set 2, Set 3, and Set 7.  \n\nStep 7: Loop Iteration for (c=1):  \nWith `c=1`, executing line 10, the while loop doesn't execute as `(C*c + D*d)/(100*A*a + 100*B*b)` would be a division by zero at some point. The loop then iterates again leading to the range completion.\n  \nStep 8: End of Program:  \nThen the outer iterations completed and program reaches line 19 which prints `m_t` and `m_s`.  \nObservation 7: Considering earlier observations after execution concluded confirming that while loop never ran, Set 3 and Set 6 remain we can further see line 19 is in both and yet while run not. Hence we choose Set 6 as preferred within working reasoning that lines 11 are not encompassed, nor 14 hence default ends up to fall through only remaining is Set 6.  \n\nFINAL CODE COVERAGE:  \nSet 6: Statements 1, 2, 3, 4, 5, 6, 19",
                "response_time": 10.324612855911255,
                "input_tokens": 761,
                "output_tokens": 521
            },
            {
                "test_case_id": 2,
                "test_case_inputs": "Test Case Input:\n0 0 0 0 0 0",
                "crispe_response": "To determine which set of statements will be covered by the given test case, let's follow a systematic approach similar to the example provided by breaking down each step of the code execution:\n\n### PLAN\n\n#### Step 1: Input Processing\n- The first line of the code maps six integers from the input to variables A, B, C, D, E, and F.\n- **Test Case Input:** `0 0 0 0 0 0`, so A = 0, B = 0, C = 0, D = 0, E = 0, F = 0.\n- **Observation 1:** All sets of code coverage are applicable as they all include the input mapping (statement 1).\n\n#### Step 2: Initialization\n- The initial values are set as `m_d = 0`, `m_t = 100*A`, and `m_s = 0`. Given A = 0, this means `m_t = 0`.\n- **Observation 2:** All sets of code coverage remain applicable as they all account for the initialization (statements 2 and 3).\n\n#### Step 3: First Level of Loop (a-loop)\n- The outermost loop iterates with `a` in the range of `F//100*A + 1`, which simplifies to `0//100*0 + 1 = 1`. Therefore, the loop will iterate once with `a = 0`.\n- **Observation 3:** All sets continue to be applicable as they include the presence and execution of the loop (statement 4).\n\n#### Step 4: Nested Loop for b (b-loop)\n- Within the `a-loop`, `b` iterates in the range of `(F-100*A*a)//(100*B) + 1`, which simplifies to `(0-100*0*0)//(100*0) + 1`. This range becomes invalid due to a division by zero, but since B is zero, Python will treat this as infinity, iterating once with `b = 0`.\n- **Observation 4:** Division by zero is a concern in real-world scenarios, but from a logical flow perspective in Python with B = 0, the loop might not realistically execute. However, this does not directly affect the covered line sets suggested, given the logical conditions remain applicable.\n\n#### Step 5: Nested Loop for c (c-loop)\n- Within the `b-loop`, `c` iterates in the range of `(F-A*a*100-B*b*100)//C + 1`, which simplifies to `(0-0*100-0*100)//0 + 1`. Again, C is zero leading to a division by zero, but similarly to the b-loop, `c` can be assumed to iterate once with `c = 0`.\n- **Observation 5:** The practical coverage is similar to prior loops under the assumption of infinite logical treatment due to zero; set elimination remains untouched from iteration perspectives.\n\n#### Step 6: Condition Check and While Loop (d-loop)\n- The `while` loop condition checks if `(100*A*a + 100*B*b) > 0` and multiple conditions within while `(C*c+D*d)/(100*A*a+100*B*b) <= E/100`. Given everything is zero in this case, `(100*0*0 + 100*0*0) > 0` becomes `0 > 0`, which fails to execute.\n- **Observation 6:** Since none of the conditions for entering the while loop is true, the while loop (statements 9 to 17) is entirely skipped.\n\n#### Step 7: Conclusion\n- The program will finally execute the print statement `print(m_t, m_s)` post-loops without alteration through failed conditions.\n- **Observation 7:** Based on the logical flow breakdown and examination of provided line sets, only the simplified instruction blocks are executed due to zero values. Thus, actionable calculation components such as middle conditions aren't effectively altering, leading us to the simplest line sets.\n\n### FINAL CODE COVERAGE\n- **Set 7: Statements 1, 2, 3, 4, 5, 19** is the most accurate, given the direct evaluation pyramid shaped by zeros leads only through initializations to the final print without intermediary loop inner actions or conditionals altering them (like exits at 14, dens evaluations or the contained modifications within the main execution body).",
                "response_time": 12.06488847732544,
                "input_tokens": 761,
                "output_tokens": 601
            }
        ],
        "serialized_code": "Line 1: A,B,C,D,E,F = map(int,input().split())\nLine 2: m_d = 0\nLine 3: m_t = 100*A\nLine 4: m_s = 0\nLine 5: for a in range(F//100*A+1):\nLine 6:   for b in range((F-100*A*a)//(100*B)+1):\nLine 7:     for c in range((F-A*a*100-B*b*100)//C+1):\nLine 8:       d = 0\nLine 9:       while (100*A*a+100*B*b) > 0 and 100*A*a+100*B*b+C*c+D*d <= F and (C*c+D*d)/(100*A*a+100*B*b) <= E/100:\nLine 10:         dens = (C*c+D*d)/(100*A*a+100*B*b)\nLine 11:         if dens == E/100:\nLine 12:           print(100*A*a+100*B*b+C*c+D*d,C*c+D*d)\nLine 13:           exit()\nLine 14:         elif m_d < dens:\nLine 15:           m_d = dens\nLine 16:           m_t = 100*A*a+100*B*b+C*c+D*d\nLine 17:           m_s = C*c+D*d\nLine 18:         d += 1\nLine 19: print(m_t,m_s)\n",
        "test_case_id": "1"
    }
]