[
    {
        "submission_id": "s750723837",
        "methods_removed": 0,
        "methods_removed_names": [],
        "number_of_calls": {},
        "lines_affected": {},
        "focc": [
            "Set 1: Statements 1, 2, 3, 4, 5, 6, 7, 8, 9, 10, 11, 14",
            "Set 2: Statements 1, 2, 3, 4, 5, 6, 7, 8, 13, 14",
            "Set 3: Statements 1, 2, 3, 4, 5, 6, 7, 14",
            "Set 4: Statements 1, 2, 3, 4, 5, 14"
        ],
        "code": "N, M = map(int, input().split())\ngoal = [0] * (N + 1)\nwrong = [0] * (N + 1)\nans = [0, 0]\nfor i in range(M):\n  p, s =  map(str, input().split())\n  if goal[int(p)] == 0:\n    if s == \"AC\":\n      ans[0] += 1\n      ans[1] += wrong[int(p)]\n      goal[int(p)] = 1\n    else:\n      wrong[int(p)] += 1\nprint(ans[0], ans[1])",
        "test_cases": [
            {
                "test_case_id": 1,
                "test_case_inputs": "Test Case Input:\n5 7\n1 AC\n2 WA\n2 AC\n3 AC\n4 WA\n4 WA\n5 AC",
                "crispe_response": "**PLAN:**\n\n**Step 1: Input Processing:**\n\nThe program begins by taking the input values for `N` and `M`. `N` represents the number of problems, and `M` represents the number of submissions. For the given test case, `N = 5` and `M = 7`. This means we have 5 problems and 7 submissions.\n\n- **Observation 1:** All sets of code coverage include the initialization statements (Lines 1, 2, 3), so initially, all sets are applicable.\n\n**Step 2: Iterating through Submissions:**\n\nThe program then enters a loop that iterates `M` times (7 iterations, in this case), processing each submission.\n\n- **Observation 2:** All sets include loop initialization (Line 4) and thus remain applicable.\n\n**Step 3: First Submission (\"1 AC\"):**\n\n- **Condition:** `goal[1] == 0` and `s == \"AC\"`. Both conditions are true, so the program will execute lines 8, 9, and 10. This submission increases the `ans[0]` counter as it is an \"AC\" (accepted) submission and marks problem 1 as solved by setting `goal[1] = 1`.\n\n- **Observation 3:** Sets 1, 2, and 3 remain applicable, as they include lines 8, 9, and 10.\n\n**Step 4: Second Submission (\"2 WA\"):**\n\n- **Condition:** `goal[2] == 0` and `s == \"WA\"`. The first condition is true, but the second condition (s == \"WA\") leads the program to execute line 12, incrementing `wrong[2]` by 1.\n\n- **Observation 4:** Sets 1 and 2 remain applicable, as set 3 does not include line 12.\n\n**Step 5: Third Submission (\"2 AC\"):**\n\n- **Condition:** `goal[2] == 0` and `s == \"AC\"`. Both conditions are true here. The program executes lines 8, 9, and 10, incrementing the `ans[0]` counter and adding `wrong[2]` to `ans[1]` due to previous incorrect attempts. Then `goal[2]` is set to 1.\n\n- **Observation 5:** Only Set 1 is applicable. Set 2 is eliminated as it does not track the scenario accurately for incrementing wrong submissions.\n\n**Step 6: Fourth Submission (\"3 AC\"):**\n\n- **Condition:** `goal[3] == 0` and `s == \"AC\"`. Both conditions are true. Lines 8, 9, and 10 are executed, with `ans[0]` incremented and `goal[3]` set to 1. \n\n- **Observation 6:** Set 1 continues to be applicable as it covers the code path taken during this submission.\n\n**Step 7: Fifth and Sixth Submissions (\"4 WA\", \"4 WA\"):**\n\n- **Condition (both submissions):** `goal[4] == 0` and `s == \"WA\"`. Both conditions lead to executing line 12 twice, incrementing `wrong[4]` by 1 each time.\n\n- **Observation 7:** Set 1 is still applicable as it accounts for the scenario with multiple wrong attempts without accepting the problem.\n\n**Step 8: Seventh Submission (\"5 AC\"):**\n\n- **Condition:** `goal[5] == 0` and `s == \"AC\"`. Both conditions are true. This leads to executing lines 8, 9, and 10, with `ans[0]` incremented and `goal[5]` set to 1.\n\n- **Observation 8:** Set 1 is applicable as it accounts for this code execution.\n\n**Step 9: End of Program:**\n\nAfter processing all submissions, line 14 is executed to print the total number of accepted problems and the total penalty for wrong attempts for problems that were eventually solved.\n\n- **Observation 9:** Considering all observations and executed lines throughout the test case scenario, only Set 1 accounts for all the executed code paths accurately.\n\n**FINAL CODE COVERAGE:**\n\n**Set 1:** Statements 1, 2, 3, 4, 5, 6, 7, 8, 9, 10, 11, 14.",
                "response_time": 16.20028328895569,
                "input_tokens": 714,
                "output_tokens": 545
            },
            {
                "test_case_id": 2,
                "test_case_inputs": "Test Case Input:\n1 3\n1 WA\n1 AC\n1 WA",
                "crispe_response": "To determine the code coverage for the given Python program using the provided test case, we'll follow a step-by-step process to eliminate non-applicable sets of statements.\n\n**GIVEN PYTHON PROGRAM**:\n```python\nN, M = map(int, input().split())\ngoal = [0] * (N + 1)\nwrong = [0] * (N + 1)\nans = [0, 0]\nfor i in range(M):\n  p, s =  map(str, input().split())\n  if goal[int(p)] == 0:\n    if s == \"AC\":\n      ans[0] += 1\n      ans[1] += wrong[int(p)]\n      goal[int(p)] = 1\n    else:\n      wrong[int(p)] += 1\nprint(ans[0], ans[1])\n```\n\n**GIVEN TEST CASE**:\n```\nTest Case Input:\n1 3\n1 WA\n1 AC\n1 WA\n```\n\n**GIVEN POSSIBLE SETS OF CODE COVERAGE**:\n1. Statements 1, 2, 3, 4, 5, 6, 7, 8, 9, 10, 11, 14\n2. Statements 1, 2, 3, 4, 5, 6, 7, 8, 13, 14\n3. Statements 1, 2, 3, 4, 5, 6, 7, 14\n4. Statements 1, 2, 3, 4, 5, 14\n\n**PLAN**:\n\n**Step 1: Initialization:**\n- The program starts by reading `N` and `M` as 1 and 3, respectively. Arrays `goal` and `wrong` are initialized with 0s and `ans` is initialized to [0, 0].\n- This indicates the execution of lines 1, 2, 3, 4.\n \n**Observation 1**: All sets (1, 2, 3, and 4) include lines 1, 2, 3, 4, thus are still applicable.\n\n**Step 2: Loop Execution:**\n- The loop starting at line 5 will run `M` times (3 times in test case).\n- This invokes line 5.\n  \n**Observation 2**: All sets (1, 2, 3, and 4) include line 5, so all are still applicable.\n\n**Step 3: First Iteration (1 WA):**\n- For `p=1` and `s='WA'`, since `goal[1]` is 0, `if` block on line 6 is entered.\n- Line 13 is executed to increment `wrong[1]`.\n  \n**Observation 3**: Sets 1, 2, and 3 are applicable as they include lines 6, 13.\n\n**Step 4: Second Iteration (1 AC):**\n- For `p=1` and `s='AC'`, `goal[1]` is still 0, so the `if` block on line 6 is true again.\n- Line 8 executes increasing `ans[0]` and line 9 executes updating `ans[1]`, `goal[1]` becomes 1 here.\n  \n**Observation 4**: Sets 1 and 2 remain applicable as they include lines 7, 8, 10, 11.\n\n**Step 5: Third Iteration (1 WA):**\n- For `p=1` and `s='WA'`, `goal[1]` is now 1, so lines 6 to 13 are bypassed.\n  \n**Observation 5**: Lines 6-13 skipped, Set 2 is still valid given that no other condition affected Set 2\u2019s coverage until now.\n\n**Step 6: Printing Results:**\n- Finally, line 14 executes printing \"1 1\".\n\n**FINAL CODE COVERAGE**:\n- **Set 2**: Statements 1, 2, 3, 4, 5, 6, 7, 8, 13, 14. \n\nThis is based on the correct paths the test data took, bypassing statements not meeting conditions on the third iteration following accurate progression through different conditions on input checks.",
                "response_time": 13.320064306259155,
                "input_tokens": 706,
                "output_tokens": 460
            }
        ],
        "serialized_code": "Line 1: N, M = map(int, input().split())\nLine 2: goal = [0] * (N + 1)\nLine 3: wrong = [0] * (N + 1)\nLine 4: ans = [0, 0]\nLine 5: for i in range(M):\nLine 6:   p, s =  map(str, input().split())\nLine 7:   if goal[int(p)] == 0:\nLine 8:     if s == \"AC\":\nLine 9:       ans[0] += 1\nLine 10:       ans[1] += wrong[int(p)]\nLine 11:       goal[int(p)] = 1\nLine 12:     else:\nLine 13:       wrong[int(p)] += 1\nLine 14: print(ans[0], ans[1])\n",
        "test_case_id": "1"
    }
]