[
    {
        "submission_id": "s153296939",
        "methods_removed": 0,
        "methods_removed_names": [],
        "number_of_calls": {},
        "lines_affected": {},
        "focc": [
            "Set 1: Statements 1, 2, 3, 4, 6, 7, 10",
            "Set 2: Statements 1, 2, 3, 4, 10"
        ],
        "code": "o = input()\ne = input()\na = []\nfor i in range(max(len(o),len(e))):\n    try:\n        a.append(o[i])\n        a.append(e[i])\n    except:\n        pass\nprint(\"\".join(a))",
        "test_cases": [
            {
                "test_case_id": 1,
                "test_case_inputs": "Test Case Input:\no = \"abc\"e = \"def\"",
                "crispe_response": "To determine which set of statements will be covered by the provided test case for the given Python program, let's go through the reasoning step by step:\n\n### PROGRAM ANALYSIS\n1. The program uses two input strings, `o` and `e`.\n2. It initializes an empty list `a`.\n3. It iterates over the range of the maximum length of `o` and `e`.\n4. During each iteration, it attempts to append characters from both `o` and `e` to `a`.\n5. If there's an `IndexError` (because one string is shorter), it catches the exception and continues.\n6. Finally, it prints the concatenated string from list `a`.\n\n### TEST CASE ANALYSIS\n#### Test Case Input:\n- `o = \"abc\"`\n- `e = \"def\"`\n\nWe need to determine the code coverage achieved by this test case by running through each step of execution.\n\n### PLAN\n**Step 1: Input Processing**\n- The program starts by taking input for `o` and `e`.\n- Lines 1 and 2 execute to capture the inputs for `o` and `e`.\n- **Observation 1:** Both sets 1 and 2 include lines 1 and 2, so they are still in consideration.\n\n**Step 2: Initialization**\n- Line 3 executes to initialize list `a`.\n- **Observation 2:** Both sets 1 and 2 include line 3, so they remain viable.\n\n**Step 3: Loop Over String Lengths**\n- Line 4, which begins the loop, will execute based on the maximum length of `o` and `e`, which is 3 in this case. Thus, the loop will iterate three times (i=0, 1, 2).\n- **Observation 3:** Both sets 1 and 2 account for line 4, meaning they are still possible.\n\n**Step 4: Attempt to Append Characters**\n- During each loop iteration, lines 6 and 7 attempt to append `o[i]` and `e[i]` to `a`. For `i=0, 1, 2`, these operations succeed without exceptions since both strings have enough characters.\n- **Observation 4:** \n  - Set 1 includes lines 6 and 7.\n  - Set 2 does not include these lines. \n\nAt this point, we eliminate Set 2 since it does not account for line 6 and 7 being executed which are crucial parts of the operations dictated by the test case.\n\n**Step 5: End of Program**\n- After the loop completes, the program will execute line 10 to print the concatenated result from list `a`, which will be \"adbecf\".\n- **Observation 5:** Both sets 1 and 2 include line 10, but only Set 1 includes all the lines executed in this sequence of operations.\n\n### FINAL CODE COVERAGE\nSet 1: Statements 1, 2, 3, 4, 6, 7, 10\n\n**Conclusion:** Given the inputs and the operations performed, Set 1 accurately describes the executed statements for the provided test case based on the program logic.",
                "response_time": 8.772740840911865,
                "input_tokens": 639,
                "output_tokens": 451
            },
            {
                "test_case_id": 2,
                "test_case_inputs": "Test Case Input:\nInput 1: \"abc\"Input 2: \"def\"",
                "crispe_response": "Let's analyze the given Python program step by step to determine which set of code coverage is applicable for the provided test case.\n\n**GIVEN PYTHON PROGRAM:**\n```python\no = input()\ne = input()\na = []\nfor i in range(max(len(o),len(e))):\n    try:\n        a.append(o[i])\n        a.append(e[i])\n    except:\n        pass\nprint(\"\".join(a))\n```\n\n**GIVEN TEST CASE:**\n- Input 1: \"abc\"\n- Input 2: \"def\"\n\n**GIVEN POSSIBLE SETS OF CODE COVERAGE:**\n- Set 1: Statements 1, 2, 3, 4, 6, 7, 10\n- Set 2: Statements 1, 2, 3, 4, 10\n\n**STEP-BY-STEP REASONING:**\n\n**Step 1: Processing Inputs**\n- The program reads two inputs, `o` and `e`. For the test case, `o = \"abc\"` and `e = \"def\"`.\n- Observation 1: Both sets are applicable as they include statements 1 and 2 for input processing.\n\n**Step 2: Initialize the List `a`**\n- An empty list `a` is initialized before the loop starts.\n- Observation 2: Both sets remain applicable as they include statement 3, which initializes the list.\n\n**Step 3: Loop Execution**\n- The loop runs `max(len(o), len(e))` times. Since both strings have the same length of 3, the loop runs 3 times.\n- Observation 3: Both sets account for the execution of the loop (statement 4).\n\n**Step 4: First Iteration of the Loop (`i = 0`)**\n- In each iteration, `o[i]` and `e[i]` are appended to `a`.\n- For `i = 0`, `o[0]` is `\"a\"` and `e[0]` is `\"d\"`, which are added to `a`. The try block (statement 6) executes successfully without exceptions.\n- Observation 4: Both sets still apply since both include the execution of the appending inside the loop.\n\n**Step 5: Subsequent Iterations of the Loop (`i = 1` and `i = 2`)**\n- Similar to the first iteration, for `i = 1`, `\"b\"` and `\"e\"` are appended, and for `i = 2`, `\"c\"` and `\"f\"` are appended.\n- The try block completes without triggering the except block (statement 7) for all iterations. \n- Observation 5: As statement 7 is not executed, we check applicability. While both sets account for the main loop, only Set 1 includes the except block (statement 7), suggesting a broader scope covered.\n\n**Step 6: End of Loop and Final Output**\n- After the loop completes, `a` contains `[\"a\", \"d\", \"b\", \"e\", \"c\", \"f\"]`. The program then prints `''.join(a)`, resulting in \"adbecf\".\n- Since the loop completes normally and the print statement (statement 10) executes, attention shifts to line and block execution specifics.\n  \n**Observation 6:**\n- Since the try block executes successfully throughout, the except block (statement 7) is never executed. \n- Thus, Set 2, which does not include statement 7, is applicable.\n  \n**FINAL CODE COVERAGE:**\n- Set 2: Statements 1, 2, 3, 4, 10",
                "response_time": 14.537901163101196,
                "input_tokens": 639,
                "output_tokens": 444
            }
        ],
        "serialized_code": "Line 1: o = input()\nLine 2: e = input()\nLine 3: a = []\nLine 4: for i in range(max(len(o),len(e))):\nLine 5:     try:\nLine 6:         a.append(o[i])\nLine 7:         a.append(e[i])\nLine 8:     except:\nLine 9:         pass\nLine 10: print(\"\".join(a))\n",
        "test_case_id": "1"
    }
]