[
    {
        "submission_id": "s584430270",
        "methods_removed": 0,
        "methods_removed_names": [],
        "number_of_calls": {},
        "lines_affected": {},
        "focc": [
            "Set 1: Statements 1, 2, 3, 4, 5, 6, 7, 8, 9, 10, 11, 12",
            "Set 2: Statements 1, 2, 3, 4, 5, 6, 7, 8, 9, 10, 12",
            "Set 3: Statements 1, 2, 3, 4, 5, 6, 12",
            "Set 4: Statements 1, 2, 3, 4, 5, 12",
            "Set 5: Statements 1, 2, 3, 4, 12"
        ],
        "code": "x = int(input())\nd = list(map(int, input().split()))\ncount = 0\nfor i in range(len(d)):\n  for j in range(i+1,len(d)):\n    for k in range(j+1,len(d)):\n      temp = []\n      temp.extend([d[i],d[j],d[k]])\n      temp.sort()\n      if temp[0] + temp[1] > temp[2] and len(list(set(temp))) == 3:\n        count += 1\nprint(count)",
        "test_cases": [
            {
                "test_case_id": 1,
                "test_case_inputs": "Test Case Input:\n3\n1 2 3",
                "crispe_response": "PLAN:\n\n**Step 1: Input Processing:**\n\n- The program begins by taking an integer input (`x`) and a list of integers (`d`). Given the test case input of `3` and `1 2 3`, lines 1 and 2 are executed to read and process these inputs.\n\n**Observation 1:** All sets of code coverage are applicable as they include lines 1 and 2.\n\n**Step 2: Initialization:**\n\n- The variable `count` is initialized to 0 on line 3.\n\n**Observation 2:** All sets of code coverage remain applicable as they include line 3.\n\n**Step 3: Looping through combinations:**\n\n- The program uses three nested loops (lines 4, 5, and 6) to iterate over all combinations of three distinct elements from the list `d`.\n\n- Since `d` has exactly 3 elements (`1, 2, 3`), the only valid combination from these loops is `(1, 2, 3)`.\n\n**Observation 3:** All sets are still applicable because they all account for the execution of lines 4, 5, and 6.\n\n**Step 4: Checking and Sorting Combination:**\n\n- For the combination `(1, 2, 3)`, a temporary list `temp` is created and populated with the selected elements (line 7), then sorted (line 8).\n\n**Observation 4:** All sets are still applicable as lines 7 and 8 are included in all of them.\n\n**Step 5: Condition Check:**\n\n- The condition to check if the sum of the two smallest numbers is greater than the largest (line 9) and if the combination has three unique elements (line 10) is executed next.\n\n- For the combination `(1, 2, 3)`, after sorting, `temp = [1, 2, 3]`, `temp[0] + temp[1] = 3`, and `temp[2] = 3`. The condition `3 > 3` fails, and there are no statements suggesting duplicate elements because all are distinct. \n\n**Observation 5:** No combination satisfies the condition, so line 11 is not executed. This eliminates sets that include statement 11: Set 1.\n\n**Step 6: End of Program:**\n\n- The final statement (line 12) is executed, printing the value of `count`, which remains 0 since no valid combinations were found.\n\n**Observation 6:** Sets that account for all preceding lines without including statement 11 remain applicable. This narrows down to Sets 2, 3, 4, and 5.\n\n**Final Decision:**\n\n- Since no valid combinations satisfy the triangle condition, execution does not reach the point of incrementing `count`, making Set 2 invalid.\n\n- Set 3 is the most suitable as it includes statements 1, 2, 3, 4, 5, and 6 but omits statement 11, which aligns with the non-execution of `count` increment.\n\n**FINAL CODE COVERAGE:**\n\nSet 3: Statements 1, 2, 3, 4, 5, 6, 12",
                "response_time": 15.207928895950317,
                "input_tokens": 695,
                "output_tokens": 427
            },
            {
                "test_case_id": 2,
                "test_case_inputs": "Test Case Input:\n3\n1 2 3",
                "crispe_response": "PLAN:\n\nStep 1: Input Processing:\nThe program starts by taking two inputs. The first input is an integer `x` (which is 3 in this test case), and the second input is a list of integers `d` (which is [1, 2, 3] in this test case).\nObservation 1: Lines 1 and 2 are executed to take these inputs. All sets of code coverage are applicable as they all include lines 1 and 2.\n\nStep 2: Initialize Counter:\nA variable `count` is initialized to 0.\nObservation 2: Line 3 is executed. All sets of code coverage are still applicable because they all include line 3.\n\nStep 3: Iterations through Nested Loops:\nThe program has three nested loops to evaluate combinations of three different numbers in the list `d`. Given that `d` has three numbers, the outer loop (line 4) iterates once (i = 0), the middle loop (line 5) iterates once (j = 1), and the inner loop (line 6) iterates once (k = 2).\nObservation 3: Lines 4, 5, and 6 are executed for the loops. All sets of code coverage are still applicable because they all include lines 4, 5, and 6.\n\nStep 4: Extracting and Sorting Subset:\nA temporary list `temp` is created to hold the current combination of numbers [d[i], d[j], d[k]], which is [1, 2, 3], and then it is sorted.\nObservation 4: Line 7 (creating and extending `temp`) and line 8 (sorting `temp`) are executed. All sets of code coverage are still applicable as they all include lines 7 and 8.\n\nStep 5: Condition Check for Valid Triangle:\nThe program checks if the smallest two numbers sum to more than the largest (forming a valid triangle) and if all three numbers are distinct.\n- For the combination [1, 2, 3], the condition `temp[0] + temp[1] > temp[2]` (1 + 2 > 3) is not satisfied. Therefore, the condition fails, and `count` is not incremented.\nObservation 5: Line 9 is executed for the condition check. Since the condition fails, line 10 (incrementing count) is not executed. This rules out any sets that include line 10, leaving sets 4 and 5.\n\nStep 6: Print the Result:\nThe program prints the final count.\nObservation 6: Line 12 is executed. Given previous observations, sets 4 and 5 remain applicable. However, since line 10 is not executed, set 5 is the most accurate.\n\nFINAL CODE COVERAGE:\nSet 5: Statements 1, 2, 3, 4, 12",
                "response_time": 6.438352823257446,
                "input_tokens": 695,
                "output_tokens": 403
            }
        ],
        "serialized_code": "Line 1: x = int(input())\nLine 2: d = list(map(int, input().split()))\nLine 3: count = 0\nLine 4: for i in range(len(d)):\nLine 5:   for j in range(i+1,len(d)):\nLine 6:     for k in range(j+1,len(d)):\nLine 7:       temp = []\nLine 8:       temp.extend([d[i],d[j],d[k]])\nLine 9:       temp.sort()\nLine 10:       if temp[0] + temp[1] > temp[2] and len(list(set(temp))) == 3:\nLine 11:         count += 1\nLine 12: print(count)\n",
        "test_case_id": "1"
    }
]