[
    {
        "submission_id": "s144003675",
        "methods_removed": 0,
        "methods_removed_names": [],
        "number_of_calls": {},
        "lines_affected": {},
        "focc": [
            "Set 1: Statements 1, 2, 3, 4, 5, 6, 7, 8, 9, 10, 11, 12, 13, 17, 18, 15, 19, 22",
            "Set 2: Statements 1, 2, 3, 4, 5, 6, 7, 8, 9, 10, 11, 12, 13, 17, 18, 15, 19, 21, 22",
            "Set 3: Statements 1, 2, 3, 4, 5, 6, 7, 8, 9, 10, 11, 12, 13, 17, 18, 19, 22",
            "Set 4: Statements 1, 2, 3, 4, 5, 6, 7, 8, 9, 10, 11, 12, 13, 17, 18, 19, 21, 22",
            "Set 5: Statements 1, 2, 3, 4, 5, 6, 7, 8, 9, 10, 11, 12, 13, 17, 15, 19, 22",
            "Set 6: Statements 1, 2, 3, 4, 5, 6, 7, 8, 9, 10, 11, 12, 13, 17, 15, 19, 21, 22",
            "Set 7: Statements 1, 2, 3, 4, 5, 6, 7, 8, 9, 10, 11, 12, 13, 17, 19, 22",
            "Set 8: Statements 1, 2, 3, 4, 5, 6, 7, 8, 9, 10, 11, 12, 13, 17, 19, 21, 22",
            "Set 9: Statements 1, 2, 3, 4, 5, 6, 7, 8, 9, 10, 11, 12, 15, 19, 22",
            "Set 10: Statements 1, 2, 3, 4, 5, 6, 7, 8, 9, 10, 11, 12, 15, 19, 21, 22",
            "Set 11: Statements 1, 2, 3, 4, 5, 6, 7, 8, 9, 10, 19, 22",
            "Set 12: Statements 1, 2, 3, 4, 5, 6, 7, 8, 9, 10, 19, 21, 22"
        ],
        "code": "import heapq\nn, m = map(int, input().split())\nwork = [list(map(int, input().split())) for _ in range(n)]\nwork.sort()\ncd = []\nheapq.heapify(cd)\ncnt = 0\nans = 0\nfor k in range(m+1):\n    for i in range(cnt, n):\n        a, b = work[i]\n        if a == k:\n            heapq.heappush(cd, [-b, a])\n        else:\n            cnt = i\n            break\n        if i == n-1:\n            cnt = n-1\n    if not cd:\n        continue\n    ans -= heapq.heappop(cd)[0]\nprint(ans)",
        "test_cases": [
            {
                "test_case_id": 1,
                "test_case_inputs": "Test Case Input:\n2 3\n1 5\n2 7",
                "crispe_response": "To determine the best set of statements covered by the given test case, we'll analyze the code's behavior step-by-step according to the test case input `2 3, 1 5, 2 7`. Let's go through the reasoning process:\n\n**PLAN:**\n\n**Step 1: Input Processing:**\n\n- The program starts by reading integers `n` and `m` from the input, which from the test case are `n=2` and `m=3`.\n- This means line 1 gets executed to input these values.\n- Lines 2 and 3 are executed to read the list `work` with 2 entries, each containing two integers: `[(1, 5), (2, 7)]`.\n\n**Observation 1:** All possible sets include lines 1, 2, and 3.\n\n**Step 2: Sorting `work`:**\n\n- The list `work` is sorted which means line 4 is executed (though it is already sorted in this test case).\n\n**Observation 2:** All sets still remain valid as all include line 4.\n\n**Step 3: Preparing `cd`:**\n\n- Line 5 runs to create and heapify an empty list `cd`.\n- `cnt` is initialized to 0 and `ans` to 0 in lines 6 and 7.\n\n**Observation 3:** All sets cover lines 5, 6, and 7.\n\n**Step 4: Outer Loop Iterations:**\n\n- The outer loop (line 8) iterates `m+1` times (4 iterations since `m=3`).\n\n**Iteration k=0:**\n\n- For `k=0`, the inner loop starts from index `cnt=0` to `n=2`.\n- Condition `a == k` on line 10 not satisfied for the first entry `(1, 5)`.\n- Breaks the inner loop (line 12) and sets `cnt` to 0 (line 13).\n- Checks if `cd` is not empty (line 14) \u2013 it is empty, hence continues (line 15).\n\n**Observation 4:** Lines 8 to 15 are covered in all sets.\n\n**Iteration k=1:**\n\n- For `k=1`, the inner loop starts again from `cnt=0`.\n- Condition `a == k` on line 10 is satisfied for first entry `(1, 5)`.\n- Pushes `[-5, 1]` to heap `cd` (line 11).\n- Loop completes as `a != k` for next entry `(2, 7)`, sets `cnt` to 1 (line 13).\n- Checks if `cd` is not empty (line 14) \u2013 it is not.\n- Pops `[-5, 1]` from `cd`, adds 5 to `ans` which becomes 5 (lines 17, 18).\n\n**Observation 5:** Lines 10, 11, 14, 17, and 18 executed; eliminates sets without line 11: sets 5, 9, and 11.\n\n**Iteration k=2:**\n\n- For `k=2`, inner loop continues from `cnt=1`.\n- `a == k` satisfied for entry `(2, 7)`, pushes `[-7, 2]` to heap `cd` (line 11).\n- Sets `cnt` to 2 (line 13).\n- `cd` is not empty (line 14).\n- Pops `[-7, 2]` from `cd`, `ans` becomes 12 when added with 7 (lines 17, 18).\n\n**Observation 6:** Line 11 covered; eliminates sets lacking line 17 or 18: sets 7 and 11.\n\n**Iteration k=3:**\n\n- `cd` starts empty, and as no conditions are satisfied, iteration ends with `cd` empty (lines 14 to 15 executed).\n\n**Step 5: End of Program:**\n\n- Line 22 prints `ans`, which is 12.\n\n**Observation 7:** All sets cover line 22.\n\n**FINAL CODE COVERAGE:**\n\nBased on the elimination process, the sets that perfectly match the test case execution path are:\n- Set 3: Statements 1, 2, 3, 4, 5, 6, 7, 8, 9, 10, 11, 12, 13, 17, 18, 19, 22\n\nThus, the final code coverage for this test case corresponds to **Set 3**.",
                "response_time": 15.363809585571289,
                "input_tokens": 891,
                "output_tokens": 548
            },
            {
                "test_case_id": 2,
                "test_case_inputs": "Test Case Input:\n\n2 2\n1 5\n3 2",
                "crispe_response": "PLAN:\n\n**Step 1: Input Processing**\n- The program begins by reading two integers, `n` and `m`, which are provided by the test case. The test case input `2 2` means `n = 2` and `m = 2`.\n- The test also provides two pairs of integers: `1 5` and `3 2`. These pairs get processed into the `work` list.\n- Lines 1, 2, and 3 are involved in processing the input data.\n- **Observation 1:** All sets of code coverage include lines 1, 2, and 3, so currently, all sets are applicable.\n\n**Step 2: Sorting Work**\n- The list `work` is sorted using the `sort` method. This operation is straightforward and uses line 4.\n- **Observation 2:** All sets still remain applicable because they all include line 4.\n\n**Step 3: Initialize Heap and Variables**\n- An empty list `cd` is heapified with `heapq.heapify(cd)`, initializing it as a heap. Counter `cnt` and accumulator `ans` are set to 0.\n- Lines 5 and 6 are executed here.\n- **Observation 3:** All sets remain applicable as they include lines 5 and 6.\n\n**Step 4: Main Loop (`for k in range(m+1)`)**\n- Since `m = 2`, `k` will take values 0, 1, and 2.\n- **Observation 4:** Execution at this point will necessarily include line 7. All sets are still applicable.\n\n**Step 5: Inner Loop and Conditional Handling**\n1. **For k = 0:**\n   - The inner loop with `for i in range(cnt, n)` initiates. Here, `cnt = 0` and `n = 2`.\n   - The first pair from `work` is taken: `(1, 5)`, and since `a = 1` is not equal to `k = 0`, `cnt = i` is set, and the loop breaks. These operations include lines 8, 9, 10, and 14.\n   - As no elements are pushed to the heap, the condition `if not cd: continue` is satisfied, executing lines 15 and 21.\n   - **Observation 5:** Sets containing lines 15 and 21 are potentially applicable. Sets 5, 9, 10, and 11 contain line 15, and sets 1, 2, 3, 4, 6, 8, 10, 12 contain line 21.\n\n2. **For k = 1:**\n   - Again, `for i in range(cnt, n)` begins with `cnt = 0`. The pair `(1, 5)` is picked with `a = 1`, matching `k = 1`.\n   - The pair `(1, 5)` is pushed onto the heap as `[-5, 1]`, invoking lines 8, 9, 10, 11, 12, and continues until the second pair is reached.\n   - `cnt` is set to 1. Both conditions for pushing onto the heap and incrementing `cnt` are satisfied, covering lines 13, 14, and possibly breaking.\n   - The heap is not empty; hence `ans` updates by popping from the heap, using line 18.\n   - **Observation 6:** Execution includes line 18 for popping the heap. Sets 1, 2, 3, 4, 5, 6, 7, 8 contain line 18.\n\n3. **For k = 2:**\n   - `for i in range(cnt, n)` is initialized with `cnt = 1`. The second pair `(3, 2)` where `a = 3` is selected.\n   - No matches for `a = 3` and `k = 2` mean the loop advances without modifications to the heap, focusing on lines 8, 9, 10, and breaks.\n   - The heap remains non-empty, and `ans` updates again by popping from the heap, enforcing lines 18 and 22.\n   - **Observation 7:** Valid sets after this step are those that contain lines 18 and 22, which are sets 1, 2, 3, 4, 5, 6, 7, 8.\n\n**Final Decision:**\n- The loop deal ends, confirming executing lines and ensuring completed tasks from sets present with lines 18 and 22.\n- As per observations 1-7, sets most aligned with test execution are those comprising lines 15, 18, 21, and 22.\n\nUltimately, multiple required avenues reduce options, narrowing the selection of feasible candidate sets to:\n\n**FINAL CODE COVERAGE: Set 3: Statements 1, 2, 3, 4, 5, 6, 7, 8, 9, 10, 11, 12, 13, 17, 18, 19, 22**",
                "response_time": 20.29007077217102,
                "input_tokens": 891,
                "output_tokens": 649
            }
        ],
        "serialized_code": "Line 1: import heapq\nLine 2: n, m = map(int, input().split())\nLine 3: work = [list(map(int, input().split())) for _ in range(n)]\nLine 4: work.sort()\nLine 5: cd = []\nLine 6: heapq.heapify(cd)\nLine 7: cnt = 0\nLine 8: ans = 0\nLine 9: for k in range(m+1):\nLine 10:     for i in range(cnt, n):\nLine 11:         a, b = work[i]\nLine 12:         if a == k:\nLine 13:             heapq.heappush(cd, [-b, a])\nLine 14:         else:\nLine 15:             cnt = i\nLine 16:             break\nLine 17:         if i == n-1:\nLine 18:             cnt = n-1\nLine 19:     if not cd:\nLine 20:         continue\nLine 21:     ans -= heapq.heappop(cd)[0]\nLine 22: print(ans)\n",
        "test_case_id": "1"
    }
]