[
    {
        "submission_id": "s501196156",
        "methods_removed": 0,
        "methods_removed_names": [],
        "number_of_calls": {},
        "lines_affected": {},
        "focc": [
            "Set 1: Statements 1, 2, 3, 4, 5, 6, 7, 17",
            "Set 2: Statements 1, 2, 3, 4, 5, 6, 8, 10, 17",
            "Set 3: Statements 1, 2, 3, 4, 5, 6, 8, 13, 14, 17",
            "Set 4: Statements 1, 2, 3, 4, 5, 6, 8, 13, 16, 17",
            "Set 5: Statements 1, 2, 3, 4, 17"
        ],
        "code": "from collections import deque\nn = int(input())\ndll = deque()\nfor i in range(n):\n    input_line = input().split()\n    if input_line[0] == \"insert\":\n        dll.appendleft(input_line[1])\n    elif input_line[0] == \"delete\":\n        try:\n            dll.remove(input_line[1])\n        except:\n            pass\n    elif input_line[0] == \"deleteFirst\":\n        dll.popleft()\n    else:\n        dll.pop()\nprint(*dll)",
        "test_cases": [
            {
                "test_case_id": 1,
                "test_case_inputs": "Test Case Input:\n4\ninsert 1\ndelete 2\ndeleteFirst\npop",
                "crispe_response": "### PLAN:\n\n**Step 1: Initial Setup and Input**  \n- The program begins by importing the `deque` module and then reads an integer `n` from input. This determines the number of operations that will be processed.  \n- Given the test case starts with `4`, we know that lines 1 and 2 are executed.  \n**Observation 1:** All sets of code coverage (1, 2, 3, 4, and 5) are applicable as they all include lines 1 and 2.\n\n**Step 2: Initialization of Deque and Loop Setup**  \n- An empty `deque` named `dll` is initialized on line 3.\n- The loop from line 4 begins and iterates `n` times (here, 4 times).  \n**Observation 2:** All sets of code coverage remain applicable as they all account for lines 3 and 4.\n\n**Step 3: First Iteration with command \"insert 1\"**  \n- For the first operation \"insert 1\", the program checks the condition `if input_line[0] == \"insert\"` on line 5, which is true.  \n- The program then executes line 6 to append \"1\" to the left of the deque.  \n**Observation 3:** Sets 1, 2, 3, and 4 are applicable as they include lines 5 and 6. Set 5 is eliminated as it does not include lines after 4.\n\n**Step 4: Second Iteration with command \"delete 2\"**  \n- For the second operation \"delete 2\", the program checks `elif input_line[0] == \"delete\"` on line 7, which is true.\n- It tries to execute line 8 to remove \"2\" from the deque. Since \"2\" is not found, it enters the `except` block on line 10 and continues without exception.\n**Observation 4:** Sets 2, 3, and 4 are applicable as they include the exception handling after the delete operation. Set 1 is eliminated for not including these operations.\n\n**Step 5: Third Iteration with command \"deleteFirst\"**  \n- For the third operation \"deleteFirst\", the program evaluates `elif input_line[0] == \"deleteFirst\"` on line 13 and finds it true.\n- The program executes line 14 to remove the first element (\"1\") from the deque.\n**Observation 5:** Sets 3 and 4 remain applicable due to line 13 execution. Set 2 is eliminated as it does not account for \"deleteFirst\".\n\n**Step 6: Fourth Iteration with command \"pop\"**  \n- For the fourth operation \"pop\", none of the previous conditions satisfy, so the program executes the `else` block containing line 16.\n- The last element is removed from the deque using `dll.pop()`.\n**Observation 6:** Set 4 remains applicable as it includes line 16. Set 3 is eliminated because it does not account for the pop operation.\n\n**Step 7: Conclusion and Print Statement**  \n- After the loop, line 17 executes to print the remaining elements of `dll`.\n**Observation 7:** Line 17 inclusion supports Set 4 has successfully covered all executed lines.\n\n### FINAL CODE COVERAGE:\n**Set 4: Statements 1, 2, 3, 4, 5, 6, 8, 13, 16, 17**",
                "response_time": 8.170045137405396,
                "input_tokens": 696,
                "output_tokens": 468
            },
            {
                "test_case_id": 2,
                "test_case_inputs": "Test Case Input:\ndelete A",
                "crispe_response": "PLAN:\n\nStep 1: Input Length Processing:\nThe program starts by taking an integer input `n` which determines the number of subsequent input commands. With the test case having only one command \"delete A\", the assumption here is that `n = 1`. This means line 2 is executed to read `n`.\n\nObservation 1: All sets of code coverage include line 2, so none can be eliminated at this step.\n\nStep 2: Initialize Deque:\nThe program initializes an empty deque for processing commands. This initialization happens at line 3.\n\nObservation 2: All sets of code coverage include line 3, so none can be eliminated at this step.\n\nStep 3: Process Commands for Given `n`:\nIn this step, the program process commands based on the value of `n`. Given `n = 1`, the program processes one command, \"delete A,\" which will be executed within the loop starting at line 4.\n\nObservation 3: All sets of code coverage include line 4 as they account for processing at least one command, hence none are eliminated at this step.\n\nStep 4: Execute Command \"delete\":\nThe command \"delete A\" implies the program will attempt to remove \"A\" from the deque. The `if` condition under line 6 confirms it's a \"delete\" command.\n\nObservation 4: Line 6 is included in all sets, thus no elimination occurs here.\n\nStep 5: Attempt Deletion:\nSince \"delete A\" is the command, the program tries to remove \"A\" from the deque in line 8. As the deque is initially empty, this action results in an exception, invoking the `except` block which gracefully handles the exception without any further action.\n\nObservation 5: Given the execution path, line 8 and the `except` block at line 10 are executed in those sets that involve exception handling. This corresponds to sets 2, 3, and 4, as they include lines 8 and 10. Set 5 is eliminated because it does not cover lines 6, 8, and 10; Set 1 is eliminated because it only attempts to delete without handling exceptions.\n\nStep 6: End of Program Execution:\nAfter the loop for commands, the program proceeds to print the contents of the deque in line 17, which remains empty as no successful insertions occurred.\n\nObservation 6: All remaining applicable sets include line 17, so it does not assist in further narrowing.\n\nStep 7: Consider Possible Execution Paths and Commands:\nLines 13 and 16 are not involved, given the command is \"delete\" and the list is initially empty. Therefore, only line 10 is executed, confirming that sets 2, 3, and 4 remain valid based on these conditions. Within these constraints:\n\nFINAL CODE COVERAGE:\nSet 2: Statements 1, 2, 3, 4, 5, 6, 8, 10, 17 are the most accurate representation given the test case executes a \"delete\" command with exception handling included.",
                "response_time": 8.330459594726562,
                "input_tokens": 691,
                "output_tokens": 460
            }
        ],
        "serialized_code": "Line 1: from collections import deque\nLine 2: n = int(input())\nLine 3: dll = deque()\nLine 4: for i in range(n):\nLine 5:     input_line = input().split()\nLine 6:     if input_line[0] == \"insert\":\nLine 7:         dll.appendleft(input_line[1])\nLine 8:     elif input_line[0] == \"delete\":\nLine 9:         try:\nLine 10:             dll.remove(input_line[1])\nLine 11:         except:\nLine 12:             pass\nLine 13:     elif input_line[0] == \"deleteFirst\":\nLine 14:         dll.popleft()\nLine 15:     else:\nLine 16:         dll.pop()\nLine 17: print(*dll)\n",
        "test_case_id": "1"
    }
]