[
    {
        "submission_id": "s086269518",
        "methods_removed": 0,
        "methods_removed_names": [],
        "number_of_calls": {},
        "lines_affected": {},
        "focc": [
            "Set 1: Statements 1, 2, 4, 5, 6, 7, 8, 9, 10, 11, 12, 13, 14, 15, 16, 17, 18, 19, 20",
            "Set 2: Statements 1, 2, 4, 5, 6, 7, 8, 9, 10, 11, 12, 13, 14, 15, 16, 17, 18, 20",
            "Set 3: Statements 1, 2, 4, 5, 6, 7, 8, 9, 10, 11, 12, 13, 14, 15, 16, 18, 19, 20",
            "Set 4: Statements 1, 2, 4, 5, 6, 7, 8, 9, 10, 11, 12, 13, 14, 15, 16, 18, 20",
            "Set 5: Statements 1, 2, 4, 5, 6, 7, 8, 9, 10, 11, 12, 13, 16, 17, 18, 19, 20",
            "Set 6: Statements 1, 2, 4, 5, 6, 7, 8, 9, 10, 11, 12, 13, 16, 17, 18, 20",
            "Set 7: Statements 1, 2, 4, 5, 6, 7, 8, 9, 10, 11, 12, 13, 16, 18, 19, 20",
            "Set 8: Statements 1, 2, 4, 5, 6, 7, 8, 9, 10, 11, 12, 13, 16, 18, 20",
            "Set 9: Statements 1, 2, 4, 5, 6, 7, 8, 9, 10, 11, 12, 16, 17, 18, 19, 20",
            "Set 10: Statements 1, 2, 4, 5, 6, 7, 8, 9, 10, 11, 12, 16, 17, 18, 20",
            "Set 11: Statements 1, 2, 4, 5, 6, 7, 8, 9, 10, 11, 12, 16, 18, 19, 20",
            "Set 12: Statements 1, 2, 4, 5, 6, 7, 8, 9, 10, 11, 12, 16, 18, 20"
        ],
        "code": "N=int(input())\nlista=[\"a\",\"b\",\"c\",\"d\",\"e\",\"f\",\"g\",\"h\",\"i\",\"j\",\"k\",\"l\",\"m\",\"n\"             ,\"o\",\"p\",\"q\",\"r\",\"s\",\"t\",\"u\",\"v\",\"w\",\"x\",\"y\",\"z\"]\namari=[]\nans=\"\"while N!=0:\n    (x,y)=divmod(N,26)\n    amari.append(y)\n    N=x\namari=amari[::-1]\nwhile 0 in amari[1:]:\n    for i in range(len(amari)-1):\n        if amari[i+1]==0:\n            amari[i]-=1\n            amari[i+1]=26\nif amari[0]==0:\n    amari.pop(0)\nfor i in amari:\n    ans+=lista[i-1]\nprint(ans)",
        "test_cases": [
            {
                "test_case_id": 1,
                "test_case_inputs": "Test Case Input:\n0",
                "crispe_response": "Plan:\n\n**Step 1: Processing Input**\n- The program starts with reading an integer `N` from input. In the given test case, `N=0`.\n- Observation 1: All sets of code coverage include statement 1, where `N` is initialized.\n\n**Step 2: Initialization**\n- The list `lista` is initialized with letters 'a' to 'z', and `amari` and `ans` are initialized as an empty list and string, respectively.\n- Observation 2: All sets of code coverage include statement 2 for initializing variables.\n\n**Step 3: Processing with While Loop (N != 0)**\n- Since `N=0`, the condition `while N!=0` is false initially, and the loop (statements 4-6) is not entered.\n- Observation 3: Sets that require execution of statements inside this loop can be eliminated. These include statements indicating changes to `amari` when `N` is not zero.\n  \n**Step 4: Reversing logic for `amari`**\n- Code proceeds to reverse `amari` with `amari=amari[::-1]` but since `amari` is empty, this doesn't change anything.\n- Observation 4: All sets of code coverage include statement 12. No elimination possible here.\n\n**Step 5: Checking and Adjusting Zeros in `amari`**\n- The next segment checks for zeros in `amari` starting from the second element. However, since `amari` is empty, this segment (statements 13-15) is effectively ineffective.\n- Observation 5: Since there are no zeros to adjust in `amari`, we can eliminate sets that include logic requiring this loop to modify contents of `amari`.\n\n**Step 6: Remove Leading Zeros in `amari`**\n- The program checks and removes the leading zero of `amari` with `if amari[0] == 0: amari.pop(0)`, but `amari` is empty, so this condition is not met.\n- Observation 6: Any sets involving modification due to this conditional are irrelevant or redundant for an empty `amari`.\n\n**Step 7: Constructing `ans` from `amari`**\n- The final loop (statement 18) constructs `ans` from `amari` and `lista`, iterating over `amari`. Since `amari` remains empty, `ans` remains empty.\n- Observation 7: All sets of code coverage include this loop but since `amari` is empty, `ans` remains unaffected.\n\n**Step 8: Conclusion and Printing Output**\n- Finally, `ans` is printed, which is an empty string.\n- Observation 8: All sets include statement 20 for printing `ans`.\n\n**Final Elimination and Conclusion:**\n- Since `N` is zero, significant portions of the code related to non-zero logic for N are ineffective.\n- Sets involving active changes to `amari` or `ans` due to non-zero checks and conditions are irrelevant.\n- After cross-verifying the conditions that do not apply when `N = 0`, Set 12 remains consistent as it includes initialization, loop checks, and final printing actions without intermediate non-zero related transformations.\n\n**FINAL CODE COVERAGE:**\nSet 12: Statements 1, 2, 4, 5, 6, 7, 8, 9, 10, 11, 12, 16, 18, 20",
                "response_time": 12.840537071228027,
                "input_tokens": 851,
                "output_tokens": 449
            },
            {
                "test_case_id": 2,
                "test_case_inputs": "Test Case Input:\n0",
                "crispe_response": "PLAN:\n\n**Step 1: Input Processing:**\n- The program begins by reading an integer input `N`.\n- For the test case, `N = 0` is provided as input.\n- Observation 1: All possible code coverage sets include statement 1, so they are all applicable at this point.\n\n**Step 2: Initial Check and While Loop:**\n- The next part of the program (starting line 4) involves a while loop that continues as long as `N` is not equal to 0. Since `N` is 0 from the beginning, the while loop is skipped entirely.\n- Observation 2: Lines 4, 5, 6, 7, 8, 9, 10, 11, 12 are set up for processing `N`, but since `N = 0`, the loop does not execute even once.\n- Sets that require the execution of lines during divmod and loop iterations (lines covering statements 5-12) can be eliminated.\n- This eliminates sets 1, 2, 3, 4, 5, 6, 7, 8, 9, 10, 11, and 12, as they all include such lines indicating loop processing steps. \n\nSince all sets included these lines, it indicates the sets are not accurately representing a coverage scenario where `N=0`. There may be a missing set that directly considers `N=0` without additional processing. The most logical step would instead be to analyze the handling of `N=0` towards statement 13 onwards.\n\n**Step 3: Final Output Processing:**\n- Given the zero input condition, the steps directly advance to lines linked with initializing `ans` variable and output, from statements 16 onwards:\n  - Lines post the initial processing lack coverage sets purely specifying post-loop execution.\n  - It should lead directly to set patterns starting near finishing steps, likely involving statement 19, as no addition, subtraction, or appending from earlier is performed. \n  - Further analysis of possible context logic specifics might be required to define final sets exclusively on immediate input given, involving minimal direct lines leading to final steps. \n\nConclusion: There might have been an earlier lapse in covering direct handling scenarios reflected for `N=0` without extra processing overhead, potentially implying a necessity for defining how immediate ends without process coverage are addressed.",
                "response_time": 20.696579694747925,
                "input_tokens": 851,
                "output_tokens": 347
            }
        ],
        "serialized_code": "Line 1: N=int(input())\nLine 2: lista=[\"a\",\"b\",\"c\",\"d\",\"e\",\"f\",\"g\",\"h\",\"i\",\"j\",\"k\",\"l\",\"m\",\"n\"             ,\"o\",\"p\",\"q\",\"r\",\"s\",\"t\",\"u\",\"v\",\"w\",\"x\",\"y\",\"z\"]\nLine 3: amari=[]\nLine 4: ans=\"\"while N!=0:\nLine 5:     (x,y)=divmod(N,26)\nLine 6:     amari.append(y)\nLine 7:     N=x\nLine 8: amari=amari[::-1]\nLine 9: while 0 in amari[1:]:\nLine 10:     for i in range(len(amari)-1):\nLine 11:         if amari[i+1]==0:\nLine 12:             amari[i]-=1\nLine 13:             amari[i+1]=26\nLine 14: if amari[0]==0:\nLine 15:     amari.pop(0)\nLine 16: for i in amari:\nLine 17:     ans+=lista[i-1]\nLine 18: print(ans)\n",
        "test_case_id": "1"
    }
]