[
    {
        "submission_id": "s712339793",
        "methods_removed": 0,
        "methods_removed_names": [],
        "number_of_calls": {},
        "lines_affected": {},
        "focc": [
            "Set 1: Statements 1, 14",
            "Set 2: Statements 1, 14, 15"
        ],
        "code": "def main():\n    N = input()\n    A = list(map(int, input().split()))\n    if 0 in A:\n        print(0)\n        return\n    ans = 1\n    for a in A:\n        ans *= a\n        if ans > 10**18:\n            print(-1)\n            return\n    print(ans)\nif __name__ == '__main__':\n    main()",
        "test_cases": [
            {
                "test_case_id": 1,
                "test_case_inputs": "Test Case Input:\n5\n2 3 4 5 6",
                "crispe_response": "To determine which set of statements will be covered by the given test case, we need to analyze the program and the test case step-by-step.\n\n**PLAN:**\n\n**Step 1: Reading Inputs:**  \n- The function `main()` is invoked (implied by statement 14 in sets). \n- The first input line provides `N`, which is the number of elements in the next input line (note that `N` is not used further in the program, so its actual content is irrelevant for execution flow). \n- The second input line provides the list `A`, through `map(int, input().split())`. Given the test case, `A` becomes `[2, 3, 4, 5, 6]`.\n\n**Observation 1:**  \n- All provided sets of code coverage begin with statement 1 (the start of the `main` function) and statement 14 (the end of the file), indicating the function and program execution began.\n\n**Step 2: Checking for Zero in List `A`:**  \n- The program checks whether `0` is in `A` with the statement `if 0 in A:`. \n- Since `A = [2, 3, 4, 5, 6]` does not contain `0`, the block following this condition, which includes the `print(0)` and `return`, is not executed.\n\n**Observation 2:**  \n- Lines covering the execution of the `print(0)` and `return` will not be covered by this test case. None of the sets specify these lines were executed, but coverage proceeds with set 1 and 2 both accounting for missing the zero-check block.\n\n**Step 3: Initializing and using a loop to compute product:**  \n- The variable `ans` is initialized with `1`.\n- The program enters a loop over each element `a` in `A`, updating `ans` with `ans *= a`.\n\nExecution within the loop:\n- For `a = 2`, `ans` becomes `1 * 2 = 2`.\n- For `a = 3`, `ans` becomes `2 * 3 = 6`.\n- For `a = 4`, `ans` becomes `6 * 4 = 24`.\n- For `a = 5`, `ans` becomes `24 * 5 = 120`.\n- For `a = 6`, `ans` becomes `120 * 6 = 720`.\n\n**Observation 3:**  \n- The condition `if ans > 10**18` is evaluated in each iteration of the loop. However, `720` (the final `ans` value) does not exceed `10**18`. Thus, the block with `print(-1)` and `return` inside this condition is not triggered.\n\n**Step 4: Completing the Loop and Output:**  \n- The loop completes without any early returns.\n- After the loop, `print(ans)` is executed, which outputs the final product `720`.\n\n**Observation 4:**  \n- This test case does not trigger any of the special conditions to print `0` for containing zero or `-1` for exceeding the limit. The execution passes through statement 15, `print(ans)`, concluding with a successful computation.\n\n**FINAL CODE COVERAGE:**  \n- Given the execution flow, statement 15 is also covered as it outputs the final calculation result. This pinpoints sets 1 and 2 remain potentially accurate.\n- However, both sets do not include the loop or specific print coverage, which implies a likely mismatch in possible sets presentation, as they'd logically account for start and end without loop given examples, but the coverage must encompass logical flow up until execution line excluding range block lines affected or criteria blocks alone.\n\nIn data given, we'd confirm realignment or verify larger scope of loop inclusion in real context assuming more loop aligned matching missing - best viable:\n\nSet 2: Statements 1, 14, 15",
                "response_time": 8.247133016586304,
                "input_tokens": 651,
                "output_tokens": 551
            },
            {
                "test_case_id": 2,
                "test_case_inputs": "Test Case Input:\n0 1",
                "crispe_response": "To predict the code coverage for the given program and test case, let's break down the program's execution step by step following the reasoning format given in the sample output. The goal is to identify which set of statements will be covered when executing the test case.\n\n**GIVEN PYTHON PROGRAM:**\n\n```python\n1: def main():\n2:     N = input()\n3:     A = list(map(int, input().split()))\n4:     if 0 in A:\n5:         print(0)\n6:         return\n7:     ans = 1\n8:     for a in A:\n9:         ans *= a\n10:        if ans > 10**18:\n11:            print(-1)\n12:            return\n13:    print(ans)\n14: if __name__ == '__main__':\n15:     main()\n```\n\n**TEST CASE INPUT:**\n\n```\n0 1\n```\n\n**PLAN:**\n\n**Step 1: Input Handling:**\n\n- The function `main()` starts executing when the script is run directly (statement 15) due to the `if __name__ == '__main__':` condition (statement 14).\n  \n- Observation 1: Set 1 and Set 2 include statements 14 and 15 and are still applicable.\n\n**Step 2: Reading Input:**\n\n- The input \"0 1\" is read using the `input()` function (statement 2). The function then splits the string into [\"0\", \"1\"] and maps them to integers, resulting in `A = [0, 1]` (statement 3).\n\n- Observation 2: Up to this point, statements 2 and 3 have been executed in the code's logical flow. Both sets (1 and 2) can allow for these lines, though only implicitly by their broader inclusion.\n\n**Step 3: Checking for Zero in List:**\n\n- The condition `if 0 in A:` (statement 4) is true because 0 is present in the list `A = [0, 1]`. Therefore, the program prints 0 (statement 5) and returns immediately (statement 6).\n\n- Observation 3: The early return due to encountering a 0 in the list implies that execution stops after printing 0. Only the coverage involving this logic path is relevant, and it directly leads to statement 5 being executed. Set 1 contains the necessary high-level control case (entry and exit), but since it doesn't explicitly list these statements, a deeper explanation involves implicit understanding. Given Set 1 starts and ends at such points, it is a generalized view of the early exit strategy covered directly by the conditional and exit statement presence.\n\n**FINAL CODE COVERAGE:**\n\nConsidering the step-by-step reasoning and examining the code's structure, Set 1: Statements 1, 14 represents the logical start and endpoint of this scenario.\n\n- **Statement 1**: Represents the beginning of the function definition.\n- **Statement 14**: Represents the `if __name__ == '__main__':` condition used for executing the `main()` function.\n\nSet 1, in this abstracted high-level consideration, captures the premise of initiating and concluding at the most critical decision boundary of the function, from beginning checks to immediate conclusions (/end execution). The early return minimizes deeper statement needs beyond test mechanical suitability at a broad interpretive level (i.e., generalized but technically serving this tailored test condition with non-verbose examination arguably reduced to primary control/demo understanding over line-exact match).",
                "response_time": 20.512115716934204,
                "input_tokens": 647,
                "output_tokens": 485
            }
        ],
        "serialized_code": "Line 1: def main():\nLine 2:     N = input()\nLine 3:     A = list(map(int, input().split()))\nLine 4:     if 0 in A:\nLine 5:         print(0)\nLine 6:         return\nLine 7:     ans = 1\nLine 8:     for a in A:\nLine 9:         ans *= a\nLine 10:         if ans > 10**18:\nLine 11:             print(-1)\nLine 12:             return\nLine 13:     print(ans)\nLine 14: if __name__ == '__main__':\nLine 15:     main()\n",
        "test_case_id": "1"
    }
]