[
    {
        "submission_id": "s129749658",
        "methods_removed": 0,
        "methods_removed_names": [],
        "number_of_calls": {},
        "lines_affected": {},
        "focc": [
            "Set 1: Statements 1, 11, 13, 23, 20, 12, 21, 22",
            "Set 2: Statements 1, 11, 13, 23, 20, 12, 21",
            "Set 3: Statements 1, 11, 13, 23, 20, 12, 19, 21, 22",
            "Set 4: Statements 1, 11, 13, 23, 20, 12, 19, 21",
            "Set 5: Statements 1, 11, 13, 23, 20, 12, 19, 18, 21, 22",
            "Set 6: Statements 1, 11, 13, 23, 20, 12, 19, 18, 21",
            "Set 7: Statements 1, 11, 13, 23, 24, 14, 15, 16, 17, 20, 12, 21, 22",
            "Set 8: Statements 1, 11, 13, 23, 24, 14, 15, 16, 17, 20, 12, 21",
            "Set 9: Statements 1, 11, 13, 23, 24, 14, 15, 16, 17, 18, 12, 21, 22",
            "Set 10: Statements 1, 11, 13, 23, 24, 14, 15, 16, 17, 18, 12, 21",
            "Set 11: Statements 1, 11, 13, 23, 18, 12, 21, 22",
            "Set 12: Statements 1, 11, 13, 23, 18, 12, 21"
        ],
        "code": "def elimrow(lst):\n    lst_after = []\n    gset = []\n    H1 = len(lst)\n    for i in range(H1):\n        gset = list(set(lst[i]))\n        gset.sort()\n        if gset[0] != '.':\n            lst_after.append(lst[i])\n    return lst_after\ndef trans(lst):\n    return list(zip(*lst))\ndef main():\n    H,W = map(int,input().split())\n    grid = [list(str(input())) for _ in range(H)]\n    grid_after = []\n    grid_after = elimrow(grid)\n    gridT = trans(grid_after)\n    grid_after2 = elimrow(gridT)\n    gridT2 = trans(grid_after2)\n    for i in gridT2:\n        print(*i,sep='')\nif __name__ == \"__main__\":\n    main()",
        "test_cases": [
            {
                "test_case_id": 1,
                "test_case_inputs": "Test Case Input:\n3 3\n...\n...\n...",
                "crispe_response": "PLAN:\n\n**Step 1: Input Processing**\n- The program begins by reading input values `H` and `W` and creating a grid using these dimensions.\n- Given the test case, `H = 3` and `W = 3`, the input grid consists of three lines, each with three dots: `...`\n- In terms of execution, this means the program processes lines corresponding to input operations and initializations, which map to statements: 1, 11, 13, 23, 24.\n- **Observation 1**: All sets of code coverage include the initialization and main function entry statements.\n\n**Step 2: Elimination of Rows and Initialization of `grid_after`**\n- The function `elimrow(grid)` is called to process all the rows.\n- Each row, being `...`, will go through the `elimrow` function. With each entry as `'.'`, the internal `gset` within the `elimrow` function will always result in a single-entry list `['.']`.\n- Since `gset[0]` is `'.'`, none of the rows get appended to `lst_after`, resulting in `lst_after = []`.\n- This involves statement execution consistent with the `elimrow` function\u2019s loop and checks, which correspond to statements 14, 15, 16, 17, 18.\n- **Observation 2**: Sets 7, 8, 9, 10 match these functions' lines since they involve the full implications of `elimrow`.\n\n**Step 3: Transpose and Second Elimination**\n- The empty list `grid_after` undergoes a transpose in the `trans` function, resulting in another empty list since transposing an empty list returns an empty list.\n- The `elimrow` function is again applied to the result (another empty grid), which, being empty, has no effect.\n- Involved are processing steps that execute transpositions and the secondary elimination, engaging statements 14, 15, 16, 17, 18.\n- **Observation 3**: Continuity with the previous function coverage implications indicates coverage remains consistent, specifically favoring sets 7 and 8 (as set 9 is eliminated due to lack of statement 22 execution).\n\n**Step 4: Final Transposition and Output**\n- As `grid_after2` remains empty after processing, the triple dot input results in no output, and no iteration over `gridT2` occurs after the final transposition.\n- Thus, no print operations occur, involving statements that address the transposed, fully processed (non-existent) grid.\n- **Observation 4**: Matching these final operational non-effects aligns coverage with set 7, since it contains all preceding structure adjustments apart from any content-based actions.\n\n**Final Code Coverage:**\n- **Set 7**: Statements 1, 11, 13, 23, 24, 14, 15, 16, 17, 20, 12, 21, 22\n\nThe set accurately captures all functional operations involved in processing the uniformly empty grid as provided by the test case.",
                "response_time": 12.90368914604187,
                "input_tokens": 811,
                "output_tokens": 414
            },
            {
                "test_case_id": 2,
                "test_case_inputs": "Test Case Input:\n2 2\nAB\nCD",
                "crispe_response": "PLAN:\n\nStep 1: Understanding Main Function Execution:\nThe program begins with the `main()` function, reading input dimensions H and W which are 2 and 2, respectively. It then creates the `grid` from two lines of input, \"AB\" and \"CD\".\n- Observation 1: This confirms that statements 1, 11, and 13 are executed. All sets of code coverage contain these statements, so none are eliminated.\n\nStep 2: First Call to `elimrow` Function:\nThe grid `[['A', 'B'], ['C', 'D']]` is passed to the `elimrow` function. The grid has 2 rows (H1 = 2), with elements \"A\", \"B\", \"C\", and \"D\", none of which are periods, so both rows are retained.\n- Observation 2: Lines within the `elimrow` function relevant to processing of rows are executed. This does not eliminate any sets yet as all sets contain this initial processing within `elimrow`.\n\nStep 3: Call to `trans` Function:\nThe result from `elimrow` (still `[['A', 'B'], ['C', 'D']]`) is transposed, giving `gridT = [('A', 'C'), ('B', 'D')]`.\n- Observation 3: The transposition involves calling function `trans`. The presence of the statement 12 in all paths ensures this operation is accounted for across all possible sets.\n\nStep 4: Second Call to `elimrow` Function:\nThe transposed grid `[('A', 'C'), ('B', 'D')]` is again passed into `elimrow`. Now, the unique sorted list will still retain all characters in each column since neither contains a period.\n- Observation 4: This function behaves in the same way, confirming retention of elements. All current observed sets include this function's processing.\n\nStep 5: Second `trans` Function Call:\nAfter the second `elimrow`, the grid is transposed again, resulting back in `gridT2 = [['A', 'B'], ['C', 'D']]`.\n- Observation 5: A second call to `trans` function is required for recovery of original orientation. No discernable differences between the sets based on this call, given the continued inclusion of statement 12.\n\nStep 6: Printing Process:\nFinally, the loop in the `main()` prints each element in `gridT2`. The presence of any errors or extraneous steps need to be verified here.\n- Observation 6: As it simply prints the transformed list through statements (lines), sets that exclude this printing point (lines 21 and 22) are eliminated, leaving sets that additionally pass through these statement lines.\n\nConclusion:\nFinal assessment of the code execution for this test case directs us to sets that fulfill each stage of the program without encountering errors or unnecessary branches. Our observation filters have refined the sets down, leaving us with the following viable option:\n\nFINAL CODE COVERAGE:\nSet 1: Statements 1, 11, 13, 23, 20, 12, 21, 22",
                "response_time": 10.23201322555542,
                "input_tokens": 810,
                "output_tokens": 426
            }
        ],
        "serialized_code": "Line 1: def elimrow(lst):\nLine 2:     lst_after = []\nLine 3:     gset = []\nLine 4:     H1 = len(lst)\nLine 5:     for i in range(H1):\nLine 6:         gset = list(set(lst[i]))\nLine 7:         gset.sort()\nLine 8:         if gset[0] != '.':\nLine 9:             lst_after.append(lst[i])\nLine 10:     return lst_after\nLine 11: def trans(lst):\nLine 12:     return list(zip(*lst))\nLine 13: def main():\nLine 14:     H,W = map(int,input().split())\nLine 15:     grid = [list(str(input())) for _ in range(H)]\nLine 16:     grid_after = []\nLine 17:     grid_after = elimrow(grid)\nLine 18:     gridT = trans(grid_after)\nLine 19:     grid_after2 = elimrow(gridT)\nLine 20:     gridT2 = trans(grid_after2)\nLine 21:     for i in gridT2:\nLine 22:         print(*i,sep='')\nLine 23: if __name__ == \"__main__\":\nLine 24:     main()\n",
        "test_case_id": "1"
    },
    {
        "submission_id": "s129749658",
        "methods_removed": 1,
        "methods_removed_names": [
            "elimrow"
        ],
        "number_of_calls": {
            "elimrow": 2
        },
        "lines_affected": {
            "elimrow": [
                7,
                9
            ]
        },
        "focc": [
            "Set 1: Statements 1, 2, 3, 10, 11, 12, 13",
            "Set 2: Statements 1, 2, 3, 10, 11, 13",
            "Set 3: Statements 1, 2, 3, 9, 10, 11, 12, 13",
            "Set 4: Statements 1, 2, 3, 9, 10, 11, 13",
            "Set 5: Statements 1, 2, 3, 8, 9, 10, 11, 12, 13",
            "Set 6: Statements 1, 2, 3, 8, 9, 10, 11, 13",
            "Set 7: Statements 1, 2, 3, 4, 5, 6, 7, 10, 11, 12, 13, 14",
            "Set 8: Statements 1, 2, 3, 4, 5, 6, 7, 10, 11, 13, 14",
            "Set 9: Statements 1, 2, 3, 4, 5, 6, 7, 8, 11, 12, 13, 14",
            "Set 10: Statements 1, 2, 3, 4, 5, 6, 7, 8, 11, 13, 14",
            "Set 11: Statements 1, 2, 3, 8, 11, 12, 13",
            "Set 12: Statements 1, 2, 3, 8, 11, 13"
        ],
        "code": "def trans(lst):\n    return list(zip(*lst))\ndef main():\n    H,W = map(int,input().split())\n    grid = [list(str(input())) for _ in range(H)]\n    grid_after = []\n    grid_after = elimrow(grid)\n    gridT = trans(grid_after)\n    grid_after2 = elimrow(gridT)\n    gridT2 = trans(grid_after2)\n    for i in gridT2:\n        print(*i,sep='')\nif __name__ == \"__main__\":\n    main()",
        "test_cases": [
            {
                "test_case_id": 1,
                "test_case_inputs": "Test Case Input:\n3 3\n...\n...\n...",
                "crispe_response": "PLAN:\n\nStep 1: Input Processing:\nThe program begins by processing input, where the first line is read and split into two integers, H and W, which represent the dimensions of the grid (3x3 in this case). Then, the next three lines provide the grid content, which consists entirely of '.' characters. This implies that the initial lines of the main function (Lines 2 and 3) will be executed to read and process the input.\n\nObservation 1: All sets of code coverage are applicable as they all include lines 1, 2, and 3.\n\nStep 2: Grid Processing:\nAfter reading the grid, the program will execute the function calls to `elimrow` and `trans` to process the grid. However, the behavior of `elimrow` is not provided. Assuming `elimrow` may eliminate rows based on some condition, processing an all-dot grid with it should maintain the grid unchanged.\n\nObservation 2: Each coverage set includes line 10, indicating that the initial call setup remains unaffected by `elimrow`.\n\nStep 3: Transpose Operations:\nLines 5 and 9 involve calling the `trans` function, which transposes the matrix. Due to applying the `elimrow` function, the grid might remain empty, maintaining a form that transposes into itself if `elimrow` does not alter the initial state.\n\nObservation 3: Since `trans` is executed (potentially multiple times), sets that include transposition operations remain possible. Sets 3, 4, 5, 6, 7, 8, 9, 10 are still applicable.\n\nStep 4: Printing the Result:\nThe function concludes by printing the grid as processed by `elimrow` functions along with the transposed grid state. The output is a grid where each row is printed on new lines.\n\nObservation 4: Sets that include the main execution loop and the wrap-up print statement (line 11) remain viable. We exclude set 2 and set 1.\n\nStep 5: Trans And Elimrow Functions:\nGiven that the test case input contains all dots and grid processing through `elimrow` might retain or change grid characteristics based on its logic, final applicable sets include those logically enabling use of full flow within available functions `trans` and `elimrow`.\n\nObservation 5: Since `elimrow` and `trans` are fully involved twice in this processing, covered by lines 4-7 during calls and under the assumption where their full path has been engaged (with transposition and looping through the grid), sets 7, 8, 9, 10 warrant attention.\n\nStep 6: Narrow Down To Final Sets:\nSince nothing within the test results explicitly rejects rows via elimination of previously assumed or transformed input, the final loop and other code aspects need full attention.\n\nObservation 6: Sets 8 and 10 specifically involve grid looping via main code body, aligning with provided outcomes associated with function usage and grid translation thoroughly.\n\nFINAL CODE COVERAGE:\nSet 10: Statements 1, 2, 3, 4, 5, 6, 7, 8, 11, 13, 14",
                "response_time": 19.115909099578857,
                "input_tokens": 773,
                "output_tokens": 461
            },
            {
                "test_case_id": 2,
                "test_case_inputs": "Test Case Input:\n2 2\nAB\nCD",
                "crispe_response": "To solve the problem, let's break down the reasoning step by step to determine the set of statements covered by the given test case in the provided Python program:\n\n### PLAN:\n\n**Step 1: Input Processing:**\n- The program starts by receiving input for `H` and `W` (height and width) with `H = 2` and `W = 2`.\n- Next, it reads `H` lines, forming the grid via list comprehension. This forms the grid `[['A', 'B'], ['C', 'D']]`.\n- **Observation 1:** Lines 1, 2, and 3 are executed as part of input processing.\n- **Applicable Sets after Step 1:** Sets 1 through 12 (all sets) include these statements.\n\n**Step 2: First Transformation (Function trans):**\n- `grid_after = elimrow(grid)` is executed. However, since `elimrow`'s definition is not provided, we will assume it doesn't terminate the program with an error.\n- `gridT = trans(grid_after)` transposes the grid returned by `elimrow`.\n- **Observation 2**: The `trans` function (statements 4, 5, 6, 7) is called, and `main()` continues execution.\n- **Applicable Sets after Step 2:** Only Sets 7 and 8 include these specific lines (4, 5, 6, 7).\n\n**Step 3: Second Transformation (Function trans again):**\n- `grid_after2 = elimrow(gridT)` is executed similarly to the previous step.\n- `gridT2 = trans(grid_after2)` transposes the grid after the second `elimrow`.\n- **Observation 3:** The `trans` function is called again, matching statements 4, 5, 6, 7.\n- **Applicable Sets after Step 3:** Sets 7 and 8 remain applicable.\n\n**Step 4: Final Output Loop:**\n- The program prints each row of `gridT2`. This corresponds to the execution of statement 13 within a loop.\n- **Observation 4:** The loop executing statement 13 is covered.\n- **Applicable Sets after Step 4:** Sets 7 and 8 both include statement 13.\n\n**Step 5: Conclusion:**\n- At this point, since we cannot observe if `elimrow` returns unchanged input or not due to lack of definition, every aspect of program logic via `trans` function is essential.\n- **Final Observation**: Both sets 7 and 8 account for lines executed outside `elimrow` definition.\n- Based on decision considerations for `elimrow` performing transformations, and all functions utilized, Set 7 statistically covers all linear operations explicitly stated.\n\n### FINAL CODE COVERAGE:\n- **Set 7:** Statements 1, 2, 3, 4, 5, 6, 7, 10, 11, 12, 13, 14\n\nThis implies that the entire flow, starting from the introduction of inputs up to the looped printing of grid transformations, is effectively tracked through Set 7 in this test case.",
                "response_time": 7.720601320266724,
                "input_tokens": 772,
                "output_tokens": 407
            }
        ],
        "serialized_code": "Line 1: def trans(lst):\nLine 2:     return list(zip(*lst))\nLine 3: def main():\nLine 4:     H,W = map(int,input().split())\nLine 5:     grid = [list(str(input())) for _ in range(H)]\nLine 6:     grid_after = []\nLine 7:     grid_after = elimrow(grid)\nLine 8:     gridT = trans(grid_after)\nLine 9:     grid_after2 = elimrow(gridT)\nLine 10:     gridT2 = trans(grid_after2)\nLine 11:     for i in gridT2:\nLine 12:         print(*i,sep='')\nLine 13: if __name__ == \"__main__\":\nLine 14:     main()\n",
        "test_case_id": "2"
    },
    {
        "submission_id": "s129749658",
        "methods_removed": 1,
        "methods_removed_names": [
            "trans"
        ],
        "number_of_calls": {
            "trans": 2
        },
        "lines_affected": {
            "trans": [
                16,
                18
            ]
        },
        "focc": [
            "Set 1: Statements 1, 11, 18, 19, 20, 21",
            "Set 2: Statements 1, 11, 18, 19, 21",
            "Set 3: Statements 1, 11, 17, 18, 19, 20, 21",
            "Set 4: Statements 1, 11, 17, 18, 19, 21",
            "Set 5: Statements 1, 11, 16, 17, 18, 19, 20, 21",
            "Set 6: Statements 1, 11, 16, 17, 18, 19, 21",
            "Set 7: Statements 1, 11, 12, 13, 14, 15, 18, 19, 20, 21, 22",
            "Set 8: Statements 1, 11, 12, 13, 14, 15, 18, 19, 21, 22",
            "Set 9: Statements 1, 11, 12, 13, 14, 15, 16, 19, 20, 21, 22",
            "Set 10: Statements 1, 11, 12, 13, 14, 15, 16, 19, 21, 22",
            "Set 11: Statements 1, 11, 16, 19, 20, 21",
            "Set 12: Statements 1, 11, 16, 19, 21"
        ],
        "code": "def elimrow(lst):\n    lst_after = []\n    gset = []\n    H1 = len(lst)\n    for i in range(H1):\n        gset = list(set(lst[i]))\n        gset.sort()\n        if gset[0] != '.':\n            lst_after.append(lst[i])\n    return lst_after\ndef main():\n    H,W = map(int,input().split())\n    grid = [list(str(input())) for _ in range(H)]\n    grid_after = []\n    grid_after = elimrow(grid)\n    gridT = trans(grid_after)\n    grid_after2 = elimrow(gridT)\n    gridT2 = trans(grid_after2)\n    for i in gridT2:\n        print(*i,sep='')\nif __name__ == \"__main__\":\n    main()",
        "test_cases": [
            {
                "test_case_id": 1,
                "test_case_inputs": "Test Case Input:\n3 3\n...\n...\n...",
                "crispe_response": "PLAN:\n\nStep 1: Input Processing:\nThe main function begins by taking input for grid dimensions H and W. It then constructs the grid by reading H lines, each containing W characters.\nTest Case: The input is \"3 3\" and three lines each containing \"...\" indicating a 3x3 grid filled with '.'.\nObservation 1: All sets include line 1 (defining the function) and line 11 (main function), so they are all still applicable.\n\nStep 2: Executing elimrow with the initial grid:\nThe elimrow function is called with the grid. It iterates over each row and retains rows not starting with '.'. Since every element in the test input is '.', elimrow will return an empty list.\nObservation 2: Execution involves iterating but not satisfying the condition to retain any row. Therefore, lines 12, 13, 14, and 15 are executed. This eliminates sets 1, 2, 5, 6, 11, and 12 that do not include these lines. We have possible sets: 3, 4, 7, 8, 9, 10.\n\nStep 3: Transposing the grid:\nAfter elimrow, the grid is meant to be transposed (though trans function is not defined in the provided code snippet). Assuming it involves a matrix transpose operation, however, given the empty list after the first elimrow call, it remains unaffected.\nObservation 3: Transposing operations would fall into hypothetical lines not covered in the preliminary code snippet, so focusing on coverage sets, which include operations for further elimrow functions makes more sense. We continue to analyze.\n\nStep 4: Executing elimrow with the transposed grid:\nRunning elimrow on the grid post-transposing (an empty list) again results in an empty list, as there are no rows to process.\nObservation 4: In this case, lines 16, 17, 18, and 19 are also executed, which results in eliminating sets 3, 4, 8, 10, leaving possible sets: 7, 9.\n\nStep 5: Transposing the result again:\nThe process of transposing attempts again (details abstracted) would similarly result in an empty list remaining unaffected since it already had no elements.\nObservation 5: This doesn't affect the existing possible statements as transposing an empty list retains its state.\n\nStep 6: Final print operation:\nIn the final loop over gridT2 (second-transposed list), nothing is printed as there are no elements from transposing an empty list.\nObservation 6: Given the lack of output lines execute, we can finalize that line 20 is inclusive in all sets that contain end operations. Set 7 stands due to printing observations.\n\nFINAL CODE COVERAGE:\nSet 9: Statements 1, 11, 12, 13, 14, 15, 16, 19, 20, 21, 22\n\nThe decision to finalize on Set 9 assumes any transpose condition transpires and doesn\u2019t disrupt the execution plan for oxidative analysis, plus retains inclusive conditional statements executed.",
                "response_time": 17.255621910095215,
                "input_tokens": 783,
                "output_tokens": 449
            },
            {
                "test_case_id": 2,
                "test_case_inputs": "Test Case Input:\n2 2\nAB\nCD",
                "crispe_response": "To determine the code coverage for the given program with the test case input `2 2` followed by `AB` and `CD`, let's follow a step-by-step reasoning approach:\n\n**PLAN:**\n\n**Step 1: Function Call and Input Processing:**\n\n- The program execution starts from the `main()` function. Line 1 (`def elimrow(lst):`) is the function declaration.\n- The input provided is `2 2` followed by `AB` and `CD`. This input is processed in `main()` starting from line 11.\n- The input dimensions 2 and 2 are read from the input, resulting in `H = 2` and `W = 2`.\n- The grid input is transformed into a list of lists as `grid = [['A', 'B'], ['C', 'D']]`. \n- Thus, lines 11 and 18 (`H, W` input and creating `grid`) are definitely executed.\n\n**Observation 1:** All sets include lines 1 and 11. Sets that don't include line 18 (1, 2, 6, 12) can be eliminated because line 18 must execute to construct `grid`.\n\n**Step 2: Initial Elimrow() Function Call:**\n\n- The function `elimrow(grid)` is called with `grid = [['A', 'B'], ['C', 'D']]`.\n- Inside `elimrow`, `lst_after` is initialized as an empty list on line 12.\n- The length of `lst` is computed to be 2 (since there are two rows), thus, line 13 is executed to determine the range for the loop.\n\n**Observation 2:** Since line 12 initializes some variables, lines 12 and 13 are relevant. Sets without these lines (3, 4, 5, 6) can be excluded.\n\n**Step 3: Iterating through the grid in elimrow():**\n\n- The loop iterates over both rows because `H1 = 2`.\n- For each iteration, the current row set is sorted (lines 14 and 15 are executed), but each row (['A', 'B'] and ['C', 'D']) remains unchanged as they do not contain '.'.\n- `append()` is not called because \".\" isn't present, so continuation happens.\n- The function `elimrow` returns `lst_after` which remains an empty list.\n\n**Observation 3:** Lines 14 and 15 should be considered because sorting and conditional check occur. Therefore, any set not including these is unsuitable (9, 10, 11, 12).\n\n**Step 4: Transposition and Second elimrow():**\n\n- `trans(grid_after)` is called but since `grid_after` is empty, it results in an empty `gridT`. So lines afterwards modify no grid content.\n- This eliminates the scenarios where `trans` modifies the grid.\n\n**Observation 4:** Sets where transprocess has no influence affecting the logical flow (7, 8 remain consistent, assuming `trans` is elsewhere defined).\n\n**Final Step: Output:**\n\n- As there's no change from `trans` and `elimrow` returns an empty list, no row prints.\n- Ultimately, line 21 executes within a loop to print potentially blank outcome (could be line, but not visible due to empty).\n\n**Observation 5:** The main ensures to run through, but without an actual functional change from `trans` since theoretical run on empty grid. Hence, only continuations on empty reveal set 9 inappropriate based also on other interactions. \n\n**FULFILLING CRITERIA:** Based on input handling, grid formation, eliminations, and effects processed through `trans`, sets that properly take into account all process but respect function inactivity or reference ensure fronts.  \n\n**FINAL CODE COVERAGE:**\n\nSet 7: Statements 1, 11, 12, 13, 14, 15, 18, 19, 20, 21, 22 seem plausible based on the code framework and logical flow patterns discerned amidst segments.",
                "response_time": 11.438506126403809,
                "input_tokens": 782,
                "output_tokens": 540
            }
        ],
        "serialized_code": "Line 1: def elimrow(lst):\nLine 2:     lst_after = []\nLine 3:     gset = []\nLine 4:     H1 = len(lst)\nLine 5:     for i in range(H1):\nLine 6:         gset = list(set(lst[i]))\nLine 7:         gset.sort()\nLine 8:         if gset[0] != '.':\nLine 9:             lst_after.append(lst[i])\nLine 10:     return lst_after\nLine 11: def main():\nLine 12:     H,W = map(int,input().split())\nLine 13:     grid = [list(str(input())) for _ in range(H)]\nLine 14:     grid_after = []\nLine 15:     grid_after = elimrow(grid)\nLine 16:     gridT = trans(grid_after)\nLine 17:     grid_after2 = elimrow(gridT)\nLine 18:     gridT2 = trans(grid_after2)\nLine 19:     for i in gridT2:\nLine 20:         print(*i,sep='')\nLine 21: if __name__ == \"__main__\":\nLine 22:     main()\n",
        "test_case_id": "3"
    },
    {
        "submission_id": "s129749658",
        "methods_removed": 2,
        "methods_removed_names": [
            "elimrow",
            "trans"
        ],
        "number_of_calls": {
            "elimrow": 2,
            "trans": 2
        },
        "lines_affected": {
            "elimrow": [
                5,
                7
            ],
            "trans": [
                6,
                8
            ]
        },
        "focc": [
            "Set 1: Statements 1, 8, 9, 10, 11",
            "Set 2: Statements 1, 8, 9, 11",
            "Set 3: Statements 1, 7, 8, 9, 10, 11",
            "Set 4: Statements 1, 7, 8, 9, 11",
            "Set 5: Statements 1, 6, 7, 8, 9, 10, 11",
            "Set 6: Statements 1, 6, 7, 8, 9, 11",
            "Set 7: Statements 1, 2, 3, 4, 5, 8, 9, 10, 11, 12",
            "Set 8: Statements 1, 2, 3, 4, 5, 8, 9, 11, 12",
            "Set 9: Statements 1, 2, 3, 4, 5, 6, 9, 10, 11, 12",
            "Set 10: Statements 1, 2, 3, 4, 5, 6, 9, 11, 12",
            "Set 11: Statements 1, 6, 9, 10, 11",
            "Set 12: Statements 1, 6, 9, 11"
        ],
        "code": "def main():\n    H,W = map(int,input().split())\n    grid = [list(str(input())) for _ in range(H)]\n    grid_after = []\n    grid_after = elimrow(grid)\n    gridT = trans(grid_after)\n    grid_after2 = elimrow(gridT)\n    gridT2 = trans(grid_after2)\n    for i in gridT2:\n        print(*i,sep='')\nif __name__ == \"__main__\":\n    main()",
        "test_cases": [
            {
                "test_case_id": 1,
                "test_case_inputs": "Test Case Input:\n3 3\n...\n...\n...",
                "crispe_response": "To determine the set of statements that will be covered by the given test case, we need to analyze the program's flow step by step based on the provided input. Here we go:\n\n**GIVEN PROGRAM:**\n```python\ndef main():\n    H, W = map(int, input().split())\n    grid = [list(str(input())) for _ in range(H)]\n    grid_after = []\n    grid_after = elimrow(grid)\n    gridT = trans(grid_after)\n    grid_after2 = elimrow(gridT)\n    gridT2 = trans(grid_after2)\n    for i in gridT2:\n        print(*i, sep='')\n\nif __name__ == \"__main__\":\n    main()\n```\n\n**GIVEN TEST CASE:**\n```\nTest Case Input:\n3 3\n...\n...\n...\n```\n\n**GIVEN POSSIBLE SETS OF CODE COVERAGE:**\n1. Statements 1, 8, 9, 10, 11\n2. Statements 1, 8, 9, 11\n3. Statements 1, 7, 8, 9, 10, 11\n4. Statements 1, 7, 8, 9, 11\n5. Statements 1, 6, 7, 8, 9, 10, 11\n6. Statements 1, 6, 7, 8, 9, 11\n7. Statements 1, 2, 3, 4, 5, 8, 9, 10, 11, 12\n8. Statements 1, 2, 3, 4, 5, 8, 9, 11, 12\n9. Statements 1, 2, 3, 4, 5, 6, 9, 10, 11, 12\n10. Statements 1, 2, 3, 4, 5, 6, 9, 11, 12\n11. Statements 1, 6, 9, 10, 11\n12. Statements 1, 6, 9, 11\n\n**PLAN:**\n\n**Step 1: Input Processing:**\n- The input \"3 3\" means `H = 3` and `W = 3`.\n- The grid will be three lines of \"...\" each.\n- Here, statement 1 executes to read the input and split it into integers H and W. Statement 2 parses each row input into the grid.\n  \n**Observation 1:** All sets except Set 1, Set 11, and Set 12 include statements 1 and 2. Since these sets don't account for the input and grid parsing, they do not meet criteria so far.\n\n**Step 2: First Elimrow Function Execution:**\n- The grid is passed to `elimrow(grid)`, which processes each row.\n  \n**Observation 2:** Only Step 7, Step 8, Step 9, and Step 10 have this part of the function executed (assuming elimrow does something). Set 6 is not applicable as it lacks the function call.\n\n**Step 3: First Trans Function Execution:**\n- The result from `elimrow(grid)` is passed to `trans(grid_after)`.\n\n**Observation 3:** This step is present in sets 7, 8, 9, and 10 indicating the transformation function is also executed.\n\n**Step 4: Second Elimrow Function Execution:**\n- The transformed data is passed again to `elimrow`.\n\n**Observation 4:** Only sets 7, 8, 9, and 10 have both elimrow calls since they indicate both transformations.\n\n**Step 5: Second Trans Function Execution:**\n- The result from the second `elimrow` call is passed to the second `trans`.\n\n**Observation 5:** This step is found in sets 7 to 10.\n\n**Step 6: Final Output Loop:**\n- The fully transformed grid is printed row by row.\n\n**Observation 6:** All considered sets, 7 to 10, can accommodate this output printing.\n\n**Step 7: Address Specific Conditions:**\n- Without specific function definition details for `elimrow` and `trans`, and considering empty grid processing seems functional flow of elimrow & trans, set 9 stands out since it captures operation with potential mutative functions (`elimrow`, `trans`) that don't execute redundancy.\n\n**FINAL CODE COVERAGE:**\nSet 9: Statements 1, 2, 3, 4, 5, 6, 9, 10, 11, 12",
                "response_time": 15.387334108352661,
                "input_tokens": 745,
                "output_tokens": 528
            },
            {
                "test_case_id": 2,
                "test_case_inputs": "Test Case Input:\n2 2\nAB\nCD",
                "crispe_response": "To determine which set of code coverage is applicable for the given Python program with the provided test case, we will go through a step-by-step reasoning process to eliminate non-applicable sets. \n\n### Program Analysis\n1. The function `main()` uses input statements to read grid dimensions (`H` and `W`) and the grid itself, which is a list of strings.\n2. `elimrow()` is a function applied to remove certain rows in the grid, though its behavior isn\u2019t specified in the problem.\n3. `trans()` is a function that transposes the grid, again without specified behavior.\n\n### Test Case Input\n```\n2 2\nAB\nCD\n```\n\n### PLAN:\n\n#### Step 1: Input Processing\n- The program begins with reading input dimensions `H` and `W` where `H = 2` and `W = 2`.\n- The grid is subsequently read as a list of strings: `[['A', 'B'], ['C', 'D']]`.\n- **Observation 1:** All sets include statement 1, so they all remain applicable at this point.\n\n#### Step 2: Execution of `elimrow()`\n- The function `elimrow(grid)` is called, and while the behavior is unspecified, the next step calls `trans()`.\n- **Observation 2:** Sets 1, 2, 7, 8, 9, 10, 11, and 12 involve moving directly into the next phase, not involving statements presumed for intermediary transformations such as statement 6 for pre-elimination row processing. This eliminates sets 3, 4, 5, and 6.\n\n#### Step 3: Execution of `trans()`\n- `trans(grid_after)` is invoked next. Again, its specific task isn't described, but it operates on the entire row-modified grid.\n- **Observation 3:** The presence of statements indicating operation on the full grid in transposition, like iterations or transformations typically included in sets 9, 10, 11, and 12, allow maintaining only those sets that show minimum intermediary row operations (transformation specific without explicit row recursion). We narrow our focus away from sets 7, 8, and progress forward.\n\n#### Step 4: Secondary Row Elimination\n- The transformed grid is again subject to `elimrow(gridT)`, acting on a transposed version.\n- **Observation 4:** Sets 1, 2, 11, and 12 do not engage in further row eliminations post-transposition, informed with explicit elimination transformations, suggesting these revert into direct result proceeding or straightforward grid modifications without internalized redundancies involved in prior elimination before transformation. These exit selection here.\n\n#### Step 5: Final Output\n- Finally, for all rows `i` in the new transposed and eliminated row `gridT2`, each row is printed.\n- **Observation 5:** The conclusion of print operations across delimited iteration indicates a termination engagement encompassing broader action coverage in full with statements 9 onward (statement 10 included within complexity-aware sequence closures maintained across transformation only pragmatic in dual-forward calculations as depicted in transitions confirmed) leaves us with set 9.\n\n### FINAL CODE COVERAGE:\nSet 9: Statements 1, 2, 3, 4, 5, 6, 9, 10, 11, 12.\n\nThis set accurately accounts for the actions performed, matched to the test case operations effectively, covering input, two transformations (row elimination and transposition), and the output of the formatted grid.",
                "response_time": 8.866387367248535,
                "input_tokens": 744,
                "output_tokens": 493
            }
        ],
        "serialized_code": "Line 1: def main():\nLine 2:     H,W = map(int,input().split())\nLine 3:     grid = [list(str(input())) for _ in range(H)]\nLine 4:     grid_after = []\nLine 5:     grid_after = elimrow(grid)\nLine 6:     gridT = trans(grid_after)\nLine 7:     grid_after2 = elimrow(gridT)\nLine 8:     gridT2 = trans(grid_after2)\nLine 9:     for i in gridT2:\nLine 10:         print(*i,sep='')\nLine 11: if __name__ == \"__main__\":\nLine 12:     main()\n",
        "test_case_id": "4"
    }
]