[
    {
        "submission_id": "s544729804",
        "methods_removed": 0,
        "methods_removed_names": [],
        "number_of_calls": {},
        "lines_affected": {},
        "focc": [
            "Set 1: Statements 1, 2, 4, 5, 6, 7, 8, 9",
            "Set 2: Statements 1, 2, 4, 5, 6, 7, 8, 11",
            "Set 3: Statements 1, 2"
        ],
        "code": "import math\nwhile True:\n    try:\n        x1, y1, x2, y2, x3, y3, xp, yp = map(float, input().split())\n        s1 = (x2-x1)*(yp-y1) - (y2-y1)*(xp-x1)\n        s2 = (x3-x2)*(yp-y2) - (y3-y2)*(xp-x2)\n        s3 = (x1-x3)*(yp-y3) - (y1-y3)*(xp-x3)\n        if math.copysign(1, s1) == math.copysign(1, s2) and math.copysign(1, s1) == math.copysign(1, s3):\n            print(\"YES\")\n        else:\n            print(\"NO\")\n    except:\n        break",
        "test_cases": [
            {
                "test_case_id": 1,
                "test_case_inputs": "Test Case Input:\n1 1 2 2 3 3 4 4",
                "crispe_response": "PLAN:\n\nStep 1: Import Statement\n- The program begins with an import statement for the `math` module.\nObservation 1: This is executed by all sets of code coverage since they all include statement 1.\n\nStep 2: Input Parsing and Calculation\n- The program enters an infinite loop (`while True`) to accept input from the user. The `try` block will first attempt to parse the input into eight floating-point numbers: `x1`, `y1`, `x2`, `y2`, `x3`, `y3`, `xp`, and `yp`.\nObservation 2: Since Test Case Input is provided as \"1 1 2 2 3 3 4 4\", statements 2 and 3 are executed successfully. Set 3 is eliminated because it doesn't include statement 3.\n\nStep 3: Sub-Area Calculations\n- Using the provided coordinates, the program calculates `s1`, `s2`, and `s3`, which are determinants that are used to check the relation of the point `(xp, yp)` with the triangle formed by `(x1, y1)`, `(x2, y2)`, and `(x3, y3)`.\nObservation 3: All sets include statement 4 for calculations `s1`, `s2`, and `s3`, so no sets are eliminated.\n\nStep 4: Check if Point is Inside Triangle\n- The program checks whether the point `(xp, yp)` has the same orientation relative to each side of the triangle through the signs of `s1`, `s2`, and `s3` using `math.copysign`.\n- For this test case (1, 1, 2, 2, 3, 3, 4, 4), the calculations for `s1`, `s2`, and `s3` result in values that indicate the point `(4, 4)` is outside the triangle formed by points `(1, 1)`, `(2, 2)`, `(3, 3)`.\nObservation 4: The else block is executed, printing \"NO\". This indicates statement 9 is executed. Set 2 is eliminated as it assumes the print statement \"YES\" (statement 8) was executed.\n\nStep 5: Loop Continuation\n- After processing the initial input, the program expects more input from the user. However, since the test cases provided are bounded, the `except` block will handle irregular input or EOF, terminating the loop.\nObservation 5: As per the test case, no further input is provided, leading the program to exit the loop directly via the `except` block (statement 11).\n\nFINAL CODE COVERAGE:\nSet 1: Statements 1, 2, 4, 5, 6, 7, 8, 9.",
                "response_time": 8.180844068527222,
                "input_tokens": 679,
                "output_tokens": 361
            },
            {
                "test_case_id": 2,
                "test_case_inputs": "Test Case Input:\n1 2 3 4 5 6 7 8",
                "crispe_response": "PLAN:\nStep 1: Initial Input Processing:\n- The program begins by continuously prompting the user for input in a `while True` loop.\n- It attempts to map the input to eight floating-point numbers (x1, y1, x2, y2, x3, y3, xp, yp) using the `map(float, input().split())` function.\n- Test Case Input: \"1 2 3 4 5 6 7 8\" will not cause an error in this mapping, as all values can be converted to float. Therefore, the program will not execute the `except` block immediately, eliminating any error scenario at this point.\nObservation 1: Sets 3 is eliminated as it would imply no further code execution beyond this input step.\n\nStep 2: Calculating Signed Areas:\n- The program calculates three signed areas using the formulas:\n  - `s1 = (x2-x1)*(yp-y1) - (y2-y1)*(xp-x1)`\n  - `s2 = (x3-x2)*(yp-y2) - (y3-y2)*(xp-x2)`\n  - `s3 = (x1-x3)*(yp-y3) - (y1-y3)*(xp-x3)`\n\n- These calculations are performed in statements 4, 5, and 6 of the program. Since the input values can be processed without exceptions, these lines will execute without halting the program.\n\nObservation 2: All remaining sets (1 and 2) include statements 4, 5, and 6, so both remain applicable.\n\nStep 3: Checking Co-linearity/Position:\n- The program checks whether the signs of `s1`, `s2`, and `s3` match using the `math.copysign` function in statement 7:\n  - `if math.copysign(1, s1) == math.copysign(1, s2) and math.copysign(1, s1) == math.copysign(1, s3):`\n  \n- Depending on the result, it will print \"YES\" or \"NO\":\n  - If the condition holds true, statement 8 is executed, printing \"YES\".\n  - Otherwise, statement 9 is executed, printing \"NO\".\n\n- In this case, the calculations using the provided input will lead to one of these print statements being executed.\n\nObservation 3: Since both sets 1 and 2 include statements 7, 8, and 9, they are still plausible at this juncture.\n\nStep 4: Loop Continuity/Termination:\n- The while loop will continue to execute, as the program does not reach the `except` block with valid input data.\n- The `break` statement within the `except` block (statement 11) will not be executed in this given test case scenario.\n\nObservation 4: Set 2 can be ruled out, as it implies execution of statement 11, which only occurs if an exception is thrown.\n\nFINAL CODE COVERAGE:\nSet 1: Statements 1, 2, 4, 5, 6, 7, 8, 9",
                "response_time": 16.973737239837646,
                "input_tokens": 679,
                "output_tokens": 382
            }
        ],
        "serialized_code": "Line 1: import math\nLine 2: while True:\nLine 3:     try:\nLine 4:         x1, y1, x2, y2, x3, y3, xp, yp = map(float, input().split())\nLine 5:         s1 = (x2-x1)*(yp-y1) - (y2-y1)*(xp-x1)\nLine 6:         s2 = (x3-x2)*(yp-y2) - (y3-y2)*(xp-x2)\nLine 7:         s3 = (x1-x3)*(yp-y3) - (y1-y3)*(xp-x3)\nLine 8:         if math.copysign(1, s1) == math.copysign(1, s2) and math.copysign(1, s1) == math.copysign(1, s3):\nLine 9:             print(\"YES\")\nLine 10:         else:\nLine 11:             print(\"NO\")\nLine 12:     except:\nLine 13:         break\n",
        "test_case_id": "1"
    }
]