[
    {
        "submission_id": "s814234411",
        "methods_removed": 0,
        "methods_removed_names": [],
        "number_of_calls": {},
        "lines_affected": {},
        "focc": [
            "Set 1: Statements 1, 2, 3, 4, 5, 6, 7, 8, 11",
            "Set 2: Statements 1, 2, 3, 4, 5, 6, 7, 10, 11",
            "Set 3: Statements 1, 2, 3, 4, 5, 11",
            "Set 4: Statements 1, 2, 3, 4, 11"
        ],
        "code": "N = int(input())\na = list(map(int, input().split()))\ndp = [[0] * (N + 1) for _ in range(N + 1)]\nfor l in range(1, N + 1):\n  for i in range(N + 1 - l):\n    j = i + l\n    if (N - l) % 2 == 0:\n      dp[i][j] = max(dp[i + 1][j] + a[i], dp[i][j - 1] + a[j - 1])\n    else:\n      dp[i][j] = min(dp[i + 1][j] - a[i], dp[i][j - 1] - a[j - 1])\nprint(dp[0][N])",
        "test_cases": [
            {
                "test_case_id": 1,
                "test_case_inputs": "Test Case Input:\n3\n1 2 3",
                "crispe_response": "PLAN:\n\n**Step 1: Input Processing**  \nThe program begins with an input statement that reads an integer `N` and then reads `N` integers into a list `a`. For the test case, the input is `3` followed by `1, 2, 3`. Thus, lines 1 and 2 are executed to process these inputs.\n\n**Observation 1:** All sets of code coverage are applicable as they all include lines 1 and 2.\n\n**Step 2: Initialization of the DP Table**  \nLine 3 initializes a 2D list `dp` with dimensions `(N+1) x (N+1)`, filling it with zeros based on the input value of `N`. Given that `N = 3`, the size of `dp` will be `4 x 4`.\n\n**Observation 2:** All sets of code coverage are applicable as they all include line 3.\n\n**Step 3: Iteration over Possible Subarray Lengths**  \nThe program enters a loop over subarray lengths `l` from 1 to `N`. Given `N = 3`, this loop will iterate with `l = 1, 2, 3`.\n\n**Observation 3:** All sets of code coverage remain viable as they all include line 4, indicating the start of this loop.\n\n**Step 4: Nested Loop over Subarray Start Indices**  \nFor each length `l`, a nested loop iterates over starting indices `i` for subarrays of that length. Each iteration involves setting `j = i + l`.\n\n**Observation 4:** All sets remain applicable as they all consider line 5, indicating execution of this nested loop.\n\n**Step 5: Decision Making Within Nested Loop**  \nDepending on the even or odd nature of `N - l`, the program executes different update logic:  \n- If `(N - l) % 2 == 0`, `dp[i][j]` is updated by maximizing over two possible states.  \n- Otherwise, `dp[i][j]` is updated by minimizing over two possible states.\n\nFor the given test case (N=3, a=[1, 2, 3]):\n- With `l=1`, `(3-1)%2 = 1` meaning the else branch is executed.\n- With `l=2`, `(3-2)%2 = 0` meaning the if branch is executed.\n- With `l=3`, `(3-3)%2 = 0` meaning the if branch is executed.\n\n**Observation 5:**\n- Set 4 can be eliminated as it does not include lines for decision-making (6 and 7).\n- Set 3 can also be eliminated since it does not consider any possible executions of lines 5 or 6.\n\n**Step 6: Output**  \nAfter all calculations, the program prints `dp[0][N]` which is the first element of the DP array for the entire range.\n\n**Observation 6:** Sets including the printing step (line 11) remain applicable, confirming their inclusion.\n\n**FINAL CODE COVERAGE:**\n\nBoth Set 1 and Set 2 remain applicable. However, the complete execution pattern for the given test case covers the different possibilities provided. Both sets include line 11, but considering the specific execution paths described earlier, only Set 1 includes execution reaching and through condition checks (lines 6 and 7) for both decision paths covered uniquely.\n\nTherefore, **Set 1: Statements 1, 2, 3, 4, 5, 6, 7, 8, 11** accurately reflects the coverage of the given test case.",
                "response_time": 10.658007621765137,
                "input_tokens": 718,
                "output_tokens": 488
            },
            {
                "test_case_id": 2,
                "test_case_inputs": "Test Case Input:\n3\n1 2 3",
                "crispe_response": "PLAN:\n\n**Step 1: Input Processing**  \nThe program starts by reading an integer input `N`, which represents the number of elements in the list `a`. It then reads the list `a` of `N` integers. The test case provides `N = 3` and the list `a = [1, 2, 3]`. \n- Observation 1: Lines 1 and 2 are executed to read these inputs. All sets (1, 2, 3, 4) include these lines, so they all remain applicable.\n\n**Step 2: Initialize DP Table**  \nA DP table `dp` is initialized with dimensions `(N+1) x (N+1)`, filled with zeros.\n- Observation 2: Line 3 is executed to initialize this table. All sets (1, 2, 3, 4) remain applicable as they all include line 3.\n\n**Step 3: Main DP Calculation Loop**  \nThe program enters a nested loop starting at line 4. The outer loop runs for `l = 1` to `N` (inclusive).\n\n**Step 4: Iterating for l = 1**  \n- The inner loop runs with `i` from 0 to `N - l` (so here, i goes from 0 to 2) with `j = i + l`. For `l = 1`, (N-l) is even (2), the program evaluates the `if` condition.\n  - For `i = 0`, `j = 1`: Evaluates `dp[i][j] = max(dp[i + 1][j] + a[i], dp[i][j - 1] + a[j - 1])`. This updates `dp[0][1]`.\n  - For `i = 1`, `j = 2`: Evaluates `dp[i][j] = max(dp[i + 1][j] + a[i], dp[i][j - 1] + a[j - 1])`. This updates `dp[1][2]`.\n  - For `i = 2`, `j = 3`: Evaluates `dp[i][j] = max(dp[i + 1][j] + a[i], dp[i][j - 1] + a[j - 1])`. This updates `dp[2][3]`.\n\n- Observation 3: Lines 4, 5, 6, and 7 are all executed due to the loop for `l = 1`. Sets 3 and 4 are eliminated since they do not include line 6 and 7.\n\n**Step 5: Iterating for l = 2**  \n- The inner loop runs with `i` from 0 to `N - l` (so here, i goes from 0 to 1) with `j = i + l`. For `l = 2`, (N-l) is 1, which is odd. The program evaluates the `else` block (line 8).\n  - For `i = 0`, `j = 2`: Evaluates `dp[i][j] = min(dp[i + 1][j] - a[i], dp[i][j - 1] - a[j - 1])`. This updates `dp[0][2]`.\n  - For `i = 1`, `j = 3`: Evaluates `dp[i][j] = min(dp[i + 1][j] - a[i], dp[i][j - 1] - a[j - 1])`. This updates `dp[1][3]`.\n\n- Observation 4: Line 8 is executed due to the loop for `l = 2`. This eliminates set 2 because it does not include line 8.\n\n**Step 6: Iterating for l = 3**  \n- The inner loop runs with `i = 0` (only possible value as `N-l=0`) with `j = i + l = 3`. `(N-l)` is 0, which is even.\n  - For `i = 0`, `j = 3`: Evaluates `dp[i][j] = max(dp[i + 1][j] + a[i], dp[i][j - 1] + a[j - 1])`. This updates `dp[0][3]`.\n\n- Observation 5: Lines 4, 5, and 6 are executed again for the case `l=3`. Set 1 remains the only applicable set. \n\n**Step 7: Printing the Result**  \nThe program prints the result `dp[0][N]` (which is `dp[0][3]`) on line 11.\n- Observation 6: Line 11 is executed in all remaining sets. \n\n**FINAL CODE COVERAGE:**\n\nSet 1: Statements 1, 2, 3, 4, 5, 6, 7, 8, 11",
                "response_time": 15.50464129447937,
                "input_tokens": 718,
                "output_tokens": 563
            }
        ],
        "serialized_code": "Line 1: N = int(input())\nLine 2: a = list(map(int, input().split()))\nLine 3: dp = [[0] * (N + 1) for _ in range(N + 1)]\nLine 4: for l in range(1, N + 1):\nLine 5:   for i in range(N + 1 - l):\nLine 6:     j = i + l\nLine 7:     if (N - l) % 2 == 0:\nLine 8:       dp[i][j] = max(dp[i + 1][j] + a[i], dp[i][j - 1] + a[j - 1])\nLine 9:     else:\nLine 10:       dp[i][j] = min(dp[i + 1][j] - a[i], dp[i][j - 1] - a[j - 1])\nLine 11: print(dp[0][N])\n",
        "test_case_id": "1"
    }
]