[
    {
        "submission_id": "s760743179",
        "methods_removed": 0,
        "methods_removed_names": [],
        "number_of_calls": {},
        "lines_affected": {},
        "focc": [
            "Set 1: Statements 1, 2, 3, 4, 5, 6, 7, 8, 9, 10, 12",
            "Set 2: Statements 1, 2, 3, 4, 5, 6, 7, 8, 9, 12"
        ],
        "code": "import statistics\nimport math\nN = int(input())\nA = list(map(int, input().split(\" \")))\nA_i = [0]*N\nK_1 = 0\nK_2 = 0\nK_3 = 0\nfor i in range(N):\n    A_i[i] = A[i] - i - 1\ntry:\n    b_1 = statistics.mode(A_i)\nexcept:\n    b_1 = int(statistics.mean(A_i))\nb_2= int(statistics.mean(A_i))\nb_3 = int(statistics.median(A_i))\nfor i in range(N):\n    K_1 = K_1 + abs(A_i[i] - b_1)\n    K_2 = K_2 + abs(A_i[i] - b_2)\n    K_3 = K_3 + abs(A_i[i] - b_3)\nprint(min(K_1, K_2, K_3))",
        "test_cases": [
            {
                "test_case_id": 1,
                "test_case_inputs": "Test Case Input:\n4\n1 2 3 4",
                "crispe_response": "To determine which set of statements is covered by the given test case, let's go through the program step by step, utilizing the provided test case input. We'll eliminate non-applicable sets as we proceed:\n\n### Program Steps and Observations\n\n**Step 1: Input Processing**\n\n- The program begins by reading an integer `N` from input, which represents the size of the list `A`.\n- Test Case Input: `4`\n- This means `N = 4`.\n\n- Next, the program reads a list of integers `A` of size `N`.\n- Test Case Input: `1 2 3 4`\n- Therefore, `A = [1, 2, 3, 4]`.\n\n**Observation 1**: The first few lines of the program (statements 1 through 5) are responsible for handling inputs and initializations. Both sets 1 and 2 include these statements, so they are still applicable.\n\n**Step 2: Modification of List `A`**\n\n- The loop starting at statement 6 iterates over the range of `N` to modify the list `A_i` such that `A_i[i] = A[i] - i - 1`.\n\n- After the loop, `A_i` will be:\n  - When `i = 0`, `A_i[0] = 1 - 0 - 1 = 0`\n  - When `i = 1`, `A_i[1] = 2 - 1 - 1 = 0`\n  - When `i = 2`, `A_i[2] = 3 - 2 - 1 = 0`\n  - When `i = 3`, `A_i[3] = 4 - 3 - 1 = 0`\n  \n- Thus, `A_i = [0, 0, 0, 0]`.\n\n**Observation 2**: The loop on statements 6 through 8 has been executed, modifying `A_i`. Both sets 1 and 2 include these statements, so they remain relevant.\n\n**Step 3: Calculation Using Statistics**\n\n- The program attempts to calculate `b_1` as the mode of `A_i`. Since all elements of `A_i` are the same (0), the mode exists and is 0. Therefore, the exception block is not executed.\n- The mean (`b_2`) and the median (`b_3`) of `A_i` are also both 0 since all values are identical.\n\n**Observation 3**: The exception block (statement 10) is not executed since no exception occurs when calculating the mode. This distinction eliminates set 1 since it includes the exception handling block (statement 10).\n\n**Step 4: Calculation of K_1, K_2, K_3**\n\n- The program continues to calculate `K_1`, `K_2`, and `K_3` through absolute differences computed using a loop over `N`.\n\n- Since all elements `b_1`, `b_2`, and `b_3` are 0 and identical to each value of `A_i`, the computed differences add up to `0`:\n  - `K_1 = K_2 = K_3 = abs(0 - 0) + abs(0 - 0) + abs(0 - 0) + abs(0 - 0) = 0`\n\n**Observation 4**: Statements 11 and 12 are executed when calculating `K_1`, `K_2`, and `K_3` over the loop. Set 2 includes these steps (as it avoids statement 10, the exception block).\n\n**Step 5: Final Output**\n\n- Finally, the program prints the minimum of `K_1`, `K_2`, and `K_3`, which is 0 from statement 12. \n\n**Observation 5**: Since the exception was not triggered, set 2 effectively covers the executed statements without including the exception block.\n\nThe code coverage that accurately describes this execution without the exception block:\n\n### Final Code Coverage:\n\n**Set 2**: Statements 1, 2, 3, 4, 5, 6, 7, 8, 9, 12",
                "response_time": 21.484145164489746,
                "input_tokens": 705,
                "output_tokens": 530
            },
            {
                "test_case_id": 2,
                "test_case_inputs": "Test Case Input:\n0 0",
                "crispe_response": "PLAN:\n\n**Step 1: Input Processing**\n- The program begins with taking an integer input `N` which determines the number of elements in list `A`. In the given test case, `N` is implied as 2 due to two numbers provided: [0, 0].\n- The program then maps these two space-separated integers into a list `A`. Since we are given \"0 0\", line 3 will execute with `N` as 2 and `A` as [0, 0].\n- **Observation 1:** Both sets of code coverage are applicable because they include lines 3 and 4 for processing the input.\n\n**Step 2: List Manipulation**\n- A list `A_i` of size `N` is initialized with zeros on line 4. In this test case, `A_i` becomes [0, 0].\n- On line 5, the program enters a loop to modify `A_i` such that each element at index `i` is adjusted by subtracting `i + 1` from `A[i]`. For this test case:\n  - When `i` is 0, `A_i[0] = 0 - 0 - 1 = -1`.\n  - When `i` is 1, `A_i[1] = 0 - 1 - 1 = -2`.\n- **Observation 2:** Both sets of code coverage are still applicable as lines 5 and 6 are involved in iterating and modifying `A_i`.\n\n**Step 3: Calculation of Statistical Metrics**\n- The program tries to compute `b_1` as the mode of `A_i`. However, because all elements in `A_i` are unique, calculating the mode will result in a `StatisticsError`. An exception will be raised, and the program will handle it by assigning `b_1` the mean of `A_i` instead.\n- The use of a 'try-except' construct ensures handling this error. Since an exception is expected, the except block on line 9 will execute. Hence, line 7 gets executed but fails, directly leading to line 9.\n- **Observation 3:** Set 2 can be eliminated because it includes line 8 (mode calculation succeeding), but since the mode will fail here, Set 2 is not applicable.\n\n**Step 4: Further Statistical Calculations and Final Comparison**\n- `b_2` is computed as the mean of `A_i`, which will be `(-1 + -2) / 2 = -1.5`, rounded down to -1.\n- `b_3` is computed as the median of `A_i`, which is also -1.5, rounded down to -1 since `A_i` has only two elements.\n- Next, the program calculates `K_1`, `K_2`, and `K_3`, summing the absolute differences between each `A_i[i]` and `b_1`, `b_2`, `b_3`, respectively. The loop in line 10 executes twice due to `N` being 2.\n  - The calculations for `K_1`, `K_2`, and `K_3` result in:\n    - `K_1 = |(-1 - (-1))| + |(-2 - (-1))| = 1`\n    - `K_2 = |(-1 - (-1))| + |(-2 - (-1))| = 1`\n    - `K_3 = |(-1 - (-1))| + |(-2 - (-1))| = 1`\n- Finally, the program prints `min(K_1, K_2, K_3)` which is 1.\n- **Observation 4:** Set 1 remains applicable as the execution reaches the end and printing occurs.\n\n**FINAL CODE COVERAGE:**  \nSet 1: Statements 1, 2, 3, 4, 5, 6, 7, 8, 9, 10, 12",
                "response_time": 22.24199151992798,
                "input_tokens": 702,
                "output_tokens": 497
            }
        ],
        "serialized_code": "Line 1: import statistics\nLine 2: import math\nLine 3: N = int(input())\nLine 4: A = list(map(int, input().split(\" \")))\nLine 5: A_i = [0]*N\nLine 6: K_1 = 0\nLine 7: K_2 = 0\nLine 8: K_3 = 0\nLine 9: for i in range(N):\nLine 10:     A_i[i] = A[i] - i - 1\nLine 11: try:\nLine 12:     b_1 = statistics.mode(A_i)\nLine 13: except:\nLine 14:     b_1 = int(statistics.mean(A_i))\nLine 15: b_2= int(statistics.mean(A_i))\nLine 16: b_3 = int(statistics.median(A_i))\nLine 17: for i in range(N):\nLine 18:     K_1 = K_1 + abs(A_i[i] - b_1)\nLine 19:     K_2 = K_2 + abs(A_i[i] - b_2)\nLine 20:     K_3 = K_3 + abs(A_i[i] - b_3)\nLine 21: print(min(K_1, K_2, K_3))\n",
        "test_case_id": "1"
    }
]