[
    {
        "submission_id": "s776560096",
        "methods_removed": 0,
        "methods_removed_names": [],
        "number_of_calls": {},
        "lines_affected": {},
        "focc": [
            "Set 1: Statements 9, 10"
        ],
        "code": "try:\n  total=s=i=0 \n  while True:\n   a,b = map(int,input().split(','))\n   total += a*b\n   s += b\n   i += 1\nexcept:\n print(total)\n print(round(s/i+0.5))",
        "test_cases": [
            {
                "test_case_id": 1,
                "test_case_inputs": "Test Case Input:\n2,3\n4,5\n6,7\n8,9\n10,11\n12,13\n14,15\n16,17\n18,19\n20,21\n22,23\n24,25\n26,27\n28,29\n30,31",
                "crispe_response": "Let's walk through the given Python program step by step with the provided test case input to determine which set of code coverage is applicable.\n\n### CODE AND VARIABLES:\n- The program uses a `while True` loop to continuously take inputs of two numbers, `a` and `b`, separated by a comma.\n- It calculates the total sum of the product of `a` and `b` and increments `s` by `b`. The loop counter `i` tracks the number of items processed.\n- An exception will occur when the input ends or is interrupted, at which point the program prints the accumulated `total` and the rounded average of `s/i`.\n\n### TEST CASE INPUT:\nThis test case provides a list of pairs:  \n`2,3`, `4,5`, `6,7`, ..., `30,31`.  \n\n### PLAN AND ANALYSIS:\n\n**Step 1: Input Processing in a Loop**\n- Each line in the test case contains a pair of two integers. Therefore, the loop will process each input until an interruption occurs.\n- Individual products will be calculated and added to `total`, while `s` and `i` are incremented accordingly.\n\n**Observation 1:**\n- The execution will continue smoothly for each line without exceptions until the provided input ends, at which point the operation will raise an exception due to EOF or manual stop.\n\n**Step 2: Exception Handling**\n- Once all inputs are processed, the `try` block will encounter an exception, leading to the `except` block being executed.\n\n**Observation 2:**\n- The program will execute statements inside the `except` block, which are `print(total)` and `print(round(s/i+0.5))`.\n\n### FINAL CODE COVERAGE:\n- Based on the analysis, only the `except` block is executed as a result of the uninterrupted press or natural EOF, meaning only statements 9 and 10 are covered.\n\nThus, the applicable set of code coverage is:\n\n**Set 1: Statements 9, 10**.",
                "response_time": 4.998561859130859,
                "input_tokens": 637,
                "output_tokens": 295
            },
            {
                "test_case_id": 2,
                "test_case_inputs": "Test Case Input:\n1,2\n3,4\n5,6\n7,8\n9,10\n11,12\n13,14\n15,16\n17,18\n19,20\n21,22\n23,24\n25,26\n27,28\n29,30\n31,32\n33,34\n35,36\n37,38\n39,40\n41,42\n43,44\n45,46\n47,48\n49,50\n51,52\n53,54\n55,56\n57,58\n59,60\n61,62\n63,64\n65,66\n67,68\n69,70\n71,72\n73,74\n75,76\n77,78\n79,80\n81,82\n83,84\n85,86\n87,88\n89,90\n91,92\n93,94\n95,96\n97,98\n99,100",
                "crispe_response": "Given the provided Python program and the specific test case inputs, let's walk through each step to determine the set of statements that will be covered by the test case.\n\n**GIVEN PYTHON PROGRAM:**\n```python\ntry:\n  total=s=i=0 \n  while True:\n   a,b = map(int,input().split(','))\n   total += a*b\n   s += b\n   i += 1\nexcept:\n print(total)\n print(round(s/i+0.5))\n```\n\n**GIVEN TEST CASE INPUT:**\n- The test consists of input pairs from \"1,2\" to \"99,100\".\n\n**POSSIBLE SETS OF CODE COVERAGE:**\n- Set 1: Statements 9, 10\n\n**STEP-BY-STEP REASONING:**\n\n**Step 1: Input Processing and Loop Initialization**\n- The program initializes `total`, `s`, and `i` to 0, and enters a `while True` loop prompting input.\n- The test case provides input continuously until a non-input event (like EOF or error) occurs.\n  \n**Observation 1:**\n- The setup (initialization `total=s=i=0` and entering the loop) is executed. However, this is inherent to the function and thus applies to all sets as there's no branching logic until line 9.\n\n**Step 2: Inside the Loop**\n- For each input line of the test case (formatted as `a,b`), the program:\n  - Parses and assigns integers to `a` and `b`.\n  - Updates `total += a*b`.\n  - Updates `s += b`.\n  - Increments `i` by 1.\n  \n- Given the sequence of inputs in the test case, this loop would iteratively process all pairs unless some condition interrupts it. Since the input seems to be valid as per the expected format `a,b`, these operations continue as described per input.\n\n**Step 3: Exception Handling and Output**\n- The lines encompassed by `try` are expected to throw an exception once we run out of inputs or encounter an input issue that the code cannot handle (e.g. non-integer values).\n- Once an exception occurs (likely at the end of input because of EOF), the program moves to the `except` block.\n  \n**Observation 2:**\n- This is where statements 9 and 10 execute:\n  - Print `total`.\n  - Calculate `round(s/i + 0.5)` and print it.\n\n**FINAL CODE COVERAGE:**\n- Given the nature of the provided inputs (seeming extension until EOF) and lack of any branching logic or conditions that would preclude full loop and exception execution:\n- **Set 1: Statements 9, 10**\n  \nThe sequence of logic flow reaches the `except` block defined in lines 9 and 10 due to the implicit end-of-input scenario, distinctly covered by Set 1 under the specified input conditions.",
                "response_time": 6.007858037948608,
                "input_tokens": 672,
                "output_tokens": 390
            }
        ],
        "serialized_code": "Line 1: try:\nLine 2:   total=s=i=0 \nLine 3:   while True:\nLine 4:    a,b = map(int,input().split(','))\nLine 5:    total += a*b\nLine 6:    s += b\nLine 7:    i += 1\nLine 8: except:\nLine 9:  print(total)\nLine 10:  print(round(s/i+0.5))\n",
        "test_case_id": "1"
    }
]