[
    {
        "submission_id": "s426523622",
        "methods_removed": 0,
        "methods_removed_names": [],
        "number_of_calls": {},
        "lines_affected": {},
        "focc": [
            "Set 1: Statements 1, 2, 3, 4, 5, 6, 7, 8, 9, 10, 11, 12, 13, 14",
            "Set 2: Statements 1, 2, 3, 4, 5, 6, 7, 8, 9, 10, 11, 12, 14",
            "Set 3: Statements 1, 2, 3, 4, 5, 6, 7, 8, 9, 10, 14",
            "Set 4: Statements 1, 2, 3, 4, 5, 6, 7, 8, 9, 14",
            "Set 5: Statements 1, 2, 3, 4, 5, 6, 8, 9, 10, 11, 12, 13, 14",
            "Set 6: Statements 1, 2, 3, 4, 5, 6, 8, 9, 10, 11, 12, 14",
            "Set 7: Statements 1, 2, 3, 4, 5, 6, 8, 9, 10, 14",
            "Set 8: Statements 1, 2, 3, 4, 5, 6, 8, 9, 14",
            "Set 9: Statements 1, 2, 3, 5, 6, 7, 8, 9, 10, 11, 12, 13, 14",
            "Set 10: Statements 1, 2, 3, 5, 6, 7, 8, 9, 10, 11, 12, 14",
            "Set 11: Statements 1, 2, 3, 5, 6, 7, 8, 9, 10, 14",
            "Set 12: Statements 1, 2, 3, 5, 6, 7, 8, 9, 14"
        ],
        "code": "L, R = map(int, input().split())\nmod_n = 2019\nif (mod_n) < (R - L + 1):\n    R = L + mod_n\nv = []\nfor i in range(L,R+1):\n    v.append(i % mod_n)\nans = 2020\nfor i in range(len(v)-1):\n    for j in range(i+1,len(v)):\n        mul_v = v[i] * v[j] % mod_n\n        if mul_v < ans:\n            ans = mul_v\nprint(ans)",
        "test_cases": [
            {
                "test_case_id": 1,
                "test_case_inputs": "Test Case Input:\n0\n2020",
                "crispe_response": "PLAN:\n\nStep 1: Input Processing:  \nThe program starts by taking two inputs, L and R, separated by a space, and parsing them as integers. Given inputs are 0 and 2020.\n\nObservation 1: All sets of code coverage are applicable as they all acknowledge the processing of the initial input (statements 1 and 2).\n\nStep 2: Checking Range:  \nThe condition `(mod_n) < (R - L + 1)` is evaluated. Since `mod_n = 2019` and `R - L + 1 = 2021`, the condition is true, so the value of R is updated to `L + mod_n`, resulting in `R = 2019`.\n\nObservation 2: All sets of code coverage remain applicable as they include the conditional statement execution (statement 3), and the reassignment of R (statement 4).\n\nStep 3: Populate List v:  \nThe loop populates list v with modulus results of each integer from L to R. In this case, it iterates from 0 to 2019, inclusive, computing `i % mod_n` and appending to v.\n\nObservation 3: All sets include the loop execution (statements 5, 6, and 7).\n\nStep 4: Calculating Minimum Product:  \nThe program uses two nested loops to calculate the minimum product of unique pairs from list v. Upon calculation, the smallest product `v[i] * v[j] % mod_n` will update `ans` if it is lesser than the current `ans`. Because we have all numbers from 0 to 2019, the pair (0, any) will result in a `mul_v` of 0, immediately updating `ans`.\n\nObservation 4: Sets 1, 2, 5, 6, 9, and 10 include the inner loop (statement 12) execution, which updates the answer with the minimum product.\n\nStep 5: End of Calculation:  \nFinally, the program prints the computed `ans`, which, due to the presence of (0, any), results definitely in 0.\n\nObservation 5: All considered sets include the print statement (statement 14).\n\nFINAL CODE COVERAGE:\n\n- The execution of statement 11 within the loop is critical here because it determines whether `ans` is updated. Given that there are many numbers in the range, and `0` is among them, this automatically leads to an update of `ans`, which is why all considered sets remain valid. However, because statement 13's execution is inseparable from statement 11 and the presence of condition execution:\n\nSet 1 - Statements 1, 2, 3, 4, 5, 6, 7, 8, 9, 10, 11, 12, 13, 14 is the best choice, as it encapsulates all necessary statements due to the presence of zero during calculation.",
                "response_time": 6.195914268493652,
                "input_tokens": 818,
                "output_tokens": 406
            },
            {
                "test_case_id": 2,
                "test_case_inputs": "Test Case Input:\n1000000000 999999999",
                "crispe_response": "PLAN:\n\nStep 1: Input Processing:\nThe program starts by reading two integers, L and R, which are separated by space. Given the test case, L = 1000000000 and R = 999999999. \nSince `map(int, input().split())` is executed, lines 1 and 2 are covered.\nObservation 1: All sets of code coverage are applicable as they all include statements 1 and 2.\n\nStep 2: Comparison and Assignment:\nNext, the condition `(mod_n) < (R - L + 1)` is evaluated. Here, `mod_n = 2019` and `(R - L + 1) = 0`. Since `2019 < 0` is false, line 3 (the if statement) is executed, but line 4 (the statement to modify R) is not.\nObservation 2: Sets 5, 6, 7, 8, 9, 10, 11, and 12 remain applicable as they skip line 4.\n\nStep 3: Generating the Modulo Array:\nThe `for` loop starts with the range from L to R+1, which translates to `range(1000000000, 1000000000)`, essentially skipping the loop as there are no values to iterate over. Thus, lines 5 through 9 are executed but effectively skipped for actual iterations.\nObservation 3: All previously applicable sets remain valid as they account for the absence of additional modifications to the list `v`.\n\nStep 4: Finding Minimum Product Modulo:\nAs list `v` is empty (no elements were added), the nested for-loops (lines 8-12) will not execute. Thus, the entire nested block (lines 10, 11, 12, and 13) is bypassed. \nObservation 4: From the remaining sets, this eliminates Set 9 and Set 10 which included line 11, indicating a modification.\n\nStep 5: Printing the Result:\nFinally, the program prints the value of `ans` which was initialized to 2020. This corresponds to line 14 being executed.\nObservation 5: From the remaining applicable sets, only those which conclude with the print statement (line 14) while skipping iterations and modifications are Set 8 and Set 12.\n\nFINAL CODE COVERAGE:\nSet 12: Statements 1, 2, 3, 5, 6, 7, 8, 9, 14",
                "response_time": 5.802229642868042,
                "input_tokens": 818,
                "output_tokens": 322
            }
        ],
        "serialized_code": "Line 1: L, R = map(int, input().split())\nLine 2: mod_n = 2019\nLine 3: if (mod_n) < (R - L + 1):\nLine 4:     R = L + mod_n\nLine 5: v = []\nLine 6: for i in range(L,R+1):\nLine 7:     v.append(i % mod_n)\nLine 8: ans = 2020\nLine 9: for i in range(len(v)-1):\nLine 10:     for j in range(i+1,len(v)):\nLine 11:         mul_v = v[i] * v[j] % mod_n\nLine 12:         if mul_v < ans:\nLine 13:             ans = mul_v\nLine 14: print(ans)\n",
        "test_case_id": "1"
    }
]