[
    {
        "submission_id": "s012758227",
        "methods_removed": 0,
        "methods_removed_names": [],
        "number_of_calls": {},
        "lines_affected": {},
        "focc": [
            "Set 1: Statements 1, 2, 3, 4, 5, 6, 7, 8, 9, 10, 11, 13, 16, 17, 18",
            "Set 2: Statements 1, 2, 3, 4, 5, 6, 7, 8, 9, 10, 11, 13, 16, 17, 20",
            "Set 3: Statements 1, 2, 3, 4, 5, 6, 7, 8, 9, 10, 11, 16, 17, 18",
            "Set 4: Statements 1, 2, 3, 4, 5, 6, 7, 8, 9, 10, 11, 16, 17, 20",
            "Set 5: Statements 1, 2, 3, 4, 5, 6, 7, 8, 11, 13, 16, 17, 18",
            "Set 6: Statements 1, 2, 3, 4, 5, 6, 7, 8, 11, 13, 16, 17, 20",
            "Set 7: Statements 1, 2, 3, 4, 5, 6, 7, 8, 11, 16, 17, 18",
            "Set 8: Statements 1, 2, 3, 4, 5, 6, 7, 8, 11, 16, 17, 20"
        ],
        "code": "from sys import stdin,exit\nimport  numpy as np\nA = [stdin.readline().rstrip().split() for _ in range(3)]\nA=sum(A,[])\nn = int(stdin.readline().rstrip())\nB= [stdin.readline().rstrip().split() for _ in range(n)]\nB=sum(B,[])\nif len(B)<=2:\n    print(\"No\")\n    sys.exit()\nfor i in range(len(B)):\n    try:\n        A[A.index(B[i])]=0\n    except:\n        continue\nA=[int(i) for i in A]\nif A[1]+A[2]+A[0]==0 or A[0]+A[3]+A[6]==0 or A[2]+A[4]+A[6]==0 or A[3]+A[4]+A[5]==0 or A[1]+A[4]+A[7]==0 or A[0]+A[4]+A[8]==0 or A[6]+A[7]+A[8]==0 or A[2]+A[5]+A[8]==0:\n    print(\"Yes\")\nelse:\n    print(\"No\")",
        "test_cases": [
            {
                "test_case_id": 1,
                "test_case_inputs": "Test Case Input:\n1 2 3\n4 5 6\n7 8 9\n3\n1 2 3\n4 5 6\n7 8 9",
                "crispe_response": "### PLAN:\n\n**Step 1: Input Processing - Reading and Reshaping Input:**\n\n1. The program reads input using `stdin.readline()`, but for the given test case, we'll directly use the provided data: \"1 2 3\", \"4 5 6\", \"7 8 9\", with an additional integer 3 indicating the number of subsequent lists, and then the lists \"1 2 3\", \"4 5 6\", \"7 8 9\".\n2. Lines 1 and 2 execute to create the list `A`, which flattens the list of strings into a single list: `A = ['1', '2', '3', '4', '5', '6', '7', '8', '9']`.\n3. Line 3 reads the integer `n` which is 3.\n4. Lines 4 and 5 execute to create and flatten list `B`, resulting in `B = ['1', '2', '3', '4', '5', '6', '7', '8', '9']`.\n   \n   **Observation 1:** All sets include statements 1 to 5, so they remain applicable.\n\n**Step 2: Checking the Length of B:**\n\n5. Line 6 checks if `len(B) <= 2`. Since `len(B)` is 9, this condition is false, and thus line 7 (printing \"No\" and exiting) is not executed.\n   \n   **Observation 2:** Eliminate sets which include statement 7 as it doesn't execute.\n\n**Step 3: Looping through List B:**\n\n6. Line 9 starts a loop iterating over each element in `B`. Since all elements in `B` are in `A`, each element is replaced with 0 in `A` during this loop (lines 10 to 12).\n   \n   **Observation 3:** For every element in `B`, `try` block will execute without entering the `except` block (statement 13), so the loop covers statements 8 and 9. Eliminate sets containing statement 13.\n\n**Step 4: Verifying Sum Conditions:**\n\n7. After the loop, line 16 converts all elements in `A` to integers: `A = [0, 0, 0, 0, 0, 0, 0, 0, 0]`.\n8. Line 17 checks multiple conditions if any sum equals zero. Since `A` contains all zeros, the first condition `A[1]+A[2]+A[0]==0` is true, so line 18 executes, and \"Yes\" is printed.\n   \n   **Observation 4:** The condition results in executing statement 18 (printing \"Yes\"). Eliminate sets including statement 20 (printing \"No\").\n\n**Step 5: Final Code Coverage:**\n\n9. Based on the observations above, only sets including all necessary lines and ending with statement 18 are valid.\n\n   **Observation 5:** Eliminate any set containing statement 20 as \"No\" is not printed.\n\n### FINAL CODE COVERAGE:\nSet 1: Statements 1, 2, 3, 4, 5, 6, 7, 8, 9, 10, 11, 13, 16, 17, 18",
                "response_time": 8.919506549835205,
                "input_tokens": 804,
                "output_tokens": 397
            },
            {
                "test_case_id": 2,
                "test_case_inputs": "Test Case Input:\n1 2 3\n4 5 6\n7 8 9\n3\n1 2 3\n4 5 6\n7 8 9",
                "crispe_response": "To determine which set of statements is covered by the given test case, we will follow a step-by-step reasoning process similar to the provided problem format.\n\n### Python Program Analysis:\n\n1. **Input Processing**:\n   - **Line 1 and 2**: Importing necessary modules.\n   - **Lines 3-4**: Reads three lines from the input and splits them into a list `A`. Given the input:\n     ```\n     1 2 3\n     4 5 6\n     7 8 9\n     ```\n     It creates `A = ['1', '2', '3', '4', '5', '6', '7', '8', '9']`.\n   - **Line 5**: Reads one integer from input `n = 3`.\n   - **Lines 6-7**: Reads `n` lines from input and splits them into a list `B`. Given input:\n     ```\n     1 2 3\n     4 5 6\n     7 8 9\n     ```\n     It creates `B = ['1', '2', '3', '4', '5', '6', '7', '8', '9']`.\n   \n   **Observation 1**: All sets of code coverage are applicable as they all include statements 1 to 7.\n\n2. **Check B's Length**:\n   - **Line 8**: Checks if `len(B) <= 2`. Here, `len(B) = 9`, which is not less than or equal to 2.\n   - **Line 9**: Therefore, does not execute `sys.exit()` and proceeds further.\n\n   **Observation 2**: All sets remain applicable as they do not depend on exiting the program early (statements 9 not executed).\n\n3. **Processing List B**:\n   - **Loop (Line 10-15)**: Iterates through each element in `B`. Since all elements of `B` are present in `A`, `A[A.index(B[i])] = 0` will set each element of `A` that matches `B[i]` to 0.\n   - After processing, `A` becomes `[0, 0, 0, 0, 0, 0, 0, 0, 0]`.\n   - **Line 11-12 (inside try-except block)**: Executes without exceptions, thus `continue` (line 13) is not executed.\n\n   **Observation 3**: All sets remain applicable as they anticipate modifications in list `A` due to successful replacements (statement 13 not executed).\n\n4. **Final Condition Check**:\n   - **Line 16**: Converts all elements in `A` to integers. This step has already been implicitly carried out in the try block.\n   - **Line 17**: Checks several conditions to see if any sum of selected elements equals 0. With `A` being all zeros, at least one condition (e.g., `A[0] + A[1] + A[2] == 0`) will be true.\n   - **Line 18**: Executes `print(\"Yes\")` since one of the conditions is true.\n\n   **Observation 4**: Sets including statement 18 are applicable, which are Sets 1, 3, 5, and 7.\n\n5. **Conclusion**:\n   - **Line 20**: This will not be executed because at least one condition was true.\n\n   **Observation 5**: Sets that include statement 20 are not applicable. This eliminates Sets 2, 4, 6, and 8.\n\n### Final Code Coverage Conclusion:\n\nConsidering all observations, the **best set of statements covered** by the given test case is:\n**Set 1**: Statements 1, 2, 3, 4, 5, 6, 7, 8, 9, 10, 11, 13, 16, 17, 18.",
                "response_time": 11.215504884719849,
                "input_tokens": 804,
                "output_tokens": 460
            }
        ],
        "serialized_code": "Line 1: from sys import stdin,exit\nLine 2: import  numpy as np\nLine 3: A = [stdin.readline().rstrip().split() for _ in range(3)]\nLine 4: A=sum(A,[])\nLine 5: n = int(stdin.readline().rstrip())\nLine 6: B= [stdin.readline().rstrip().split() for _ in range(n)]\nLine 7: B=sum(B,[])\nLine 8: if len(B)<=2:\nLine 9:     print(\"No\")\nLine 10:     sys.exit()\nLine 11: for i in range(len(B)):\nLine 12:     try:\nLine 13:         A[A.index(B[i])]=0\nLine 14:     except:\nLine 15:         continue\nLine 16: A=[int(i) for i in A]\nLine 17: if A[1]+A[2]+A[0]==0 or A[0]+A[3]+A[6]==0 or A[2]+A[4]+A[6]==0 or A[3]+A[4]+A[5]==0 or A[1]+A[4]+A[7]==0 or A[0]+A[4]+A[8]==0 or A[6]+A[7]+A[8]==0 or A[2]+A[5]+A[8]==0:\nLine 18:     print(\"Yes\")\nLine 19: else:\nLine 20:     print(\"No\")\n",
        "test_case_id": "1"
    }
]