[
    {
        "submission_id": "s723991908",
        "methods_removed": 0,
        "methods_removed_names": [],
        "number_of_calls": {},
        "lines_affected": {},
        "focc": [
            "Set 1: Statements 1, 2, 3, 4, 5, 6, 7, 8, 9, 10, 11, 12, 13, 14, 15, 16, 17, 18, 19",
            "Set 2: Statements 1, 2, 3, 4, 5, 6, 7, 8, 9, 10, 11, 12, 13, 14, 19",
            "Set 3: Statements 1, 2, 3, 4, 5, 6, 7, 8, 9, 10, 11, 12, 14, 15, 16, 17, 18, 19",
            "Set 4: Statements 1, 2, 3, 4, 5, 6, 7, 8, 9, 10, 11, 12, 14, 19",
            "Set 5: Statements 1, 2, 3, 4, 5, 6, 7, 8, 9, 10, 12, 13, 14, 15, 16, 17, 18, 19",
            "Set 6: Statements 1, 2, 3, 4, 5, 6, 7, 8, 9, 10, 12, 13, 14, 19",
            "Set 7: Statements 1, 2, 3, 4, 5, 6, 7, 8, 9, 10, 12, 14, 15, 16, 17, 18, 19",
            "Set 8: Statements 1, 2, 3, 4, 5, 6, 7, 8, 9, 10, 12, 14, 19",
            "Set 9: Statements 1, 2, 3, 4, 5, 6, 7, 8, 10, 11, 12, 13, 14, 15, 16, 17, 18, 19",
            "Set 10: Statements 1, 2, 3, 4, 5, 6, 7, 8, 10, 11, 12, 13, 14, 19",
            "Set 11: Statements 1, 2, 3, 4, 5, 6, 7, 8, 10, 11, 12, 14, 15, 16, 17, 18, 19",
            "Set 12: Statements 1, 2, 3, 4, 5, 6, 7, 8, 10, 11, 12, 14, 19"
        ],
        "code": "S = input()\nmod = 10 ** 9 + 7\nabc = 0\nbc = 0\nc = 0\nq = 0\nfor i in S[::-1]:\n    if i == 'A':\n        abc = (bc + abc) % mod\n    if i == 'B':\n        bc = (c + bc) % mod\n    if i == 'C':\n        c = (pow(3, q, mod) + c ) % mod\n    if i == '?':\n        abc = (abc * 3 + bc) % mod\n        bc = (bc * 3 + c) % mod\n        c = (pow(3, q, mod) + c * 3) % mod\n        q += 1\nprint(int(abc))",
        "test_cases": [
            {
                "test_case_id": 1,
                "test_case_inputs": "Test Case Input:\nAAAABBBBBCCCC????",
                "crispe_response": "PLAN:\n\nStep 1: Input Processing:\nThe program begins by reading a string input, which will be processed in reverse order. Given the test case \"AAAABBBBBCCCC????\", the input processing involves reading the entire string, which corresponds to Statement 1.\nObservation 1: All sets of code coverage include Statement 1, so they remain applicable.\n\nStep 2: Initialization of Variables:\nThe variables `mod`, `abc`, `bc`, `c`, and `q` are initialized with specific values (Statements 2, 3, 4, 5, and 6).\nObservation 2: All sets include the initializations (Statements 2 to 6), keeping them all applicable.\n\nStep 3: Iteration through the String in Reverse:\nThe loop iterates through each character of the input string in reverse order (Statements 7 to 18 are related to loop and conditional checks).\nObservation 3: All sets include the start of the loop (Statement 7), so they remain applicable.\n\nStep 4: Processing Characters 'A', 'B', 'C', and '?':\n\n- For each character 'A' (there are four 'A's at the end of the string), the condition `if i == 'A'` is true, and the program executes the code block in line 9 where `abc` is updated.\n  Observation 4.1: Sets must include line 9. Sets 1, 2, 3, 4, 5, 6, and others excluding the absence of these statements, remain applicable.\n\n- For each character 'B' (five 'B's after four 'A's), the condition `if i == 'B'` is true, executing the code block in line 11 where `bc` is updated.\n  Observation 4.2: Sets must include line 11. Sets 1, 2, 3, 4, 5, 6, 9, 10, 11, 12, etc., remain applicable.\n\n- For each character 'C' (three 'C's after five 'B's), the condition `if i == 'C'` is true, executing the code block in line 13 where `c` is updated.\n  Observation 4.3: Sets must include line 13. Sets 1, 5, 6, 9, 10, and others including line 13 remain applicable.\n\n- For each character '?' (four '?'s at the start), the condition `if i == '?'` is true, executing the code blocks in lines 15, 16, 17, and 18 where `abc`, `bc`, `c` are updated, and `q` is incremented.\n  Observation 4.4: Sets must include lines 15, 16, 17, and 18. Sets 1, 5, 9, 11, and others including these statements remain applicable.\n\nStep 5: Print Result:\nAfter processing all characters, the program prints the value of `abc`, which corresponds to Statement 19.\nObservation 5: All viable sets include Statement 19, but we need the exact subsets derived considering prior observations.\n\nFinal Observation and Elimination:\n- Consider the requirements for lines 9, 11, 13, 15, 16, 17, 18: Only sets 1, 5, and 9 include all these necessary conditions.\n- Set 5 and 9 fulfill all demonstrated conditions including the concluding print action.\n\nFINAL CODE COVERAGE:\nSet 1: Statements 1, 2, 3, 4, 5, 6, 7, 8, 9, 10, 11, 12, 13, 14, 15, 16, 17, 18, 19",
                "response_time": 10.107068061828613,
                "input_tokens": 913,
                "output_tokens": 476
            },
            {
                "test_case_id": 2,
                "test_case_inputs": "Test Case Input:\nABC?A",
                "crispe_response": "PLAN:\n\n**Step 1: Input Processing:**\nThe program starts by reading a string input. Given the test case input \"ABC?A\", we consider that the input is correctly processed.\n- **Observation 1:** All sets of code coverage include the initial statement for input (line 1). No sets are eliminated at this step.\n\n**Step 2: Initialize Variables:**\nThe variables `mod`, `abc`, `bc`, `c`, and `q` are initialized next.\n- **Observation 2:** All sets include the variable initialization statements (lines 2 to 6). No sets are eliminated here either.\n\n**Step 3: Iterate Over Reversed String:**\nThe string \"ABC?A\" is reversed to become \"A?CBA\", and each character is processed in a loop.\n- **Observation 3:** All sets account for the loop setup (line 7). All sets remain applicable.\n\n**Step 4: First Iteration with 'A':**\nIn the first iteration, `i = 'A'`.\n- Statement 8 will be executed with `abc = (bc + abc) % mod`.\n- **Observation 4:** All sets remain applicable since all include line 8.\n\n**Step 5: Second Iteration with '?':**\nIn the second iteration, `i = '?'`.\n- Statements 14, 15, 16, and 17 are executed:\n  - `abc = (abc * 3 + bc) % mod`\n  - `bc = (bc * 3 + c) % mod`\n  - `c = (pow(3, q, mod) + c * 3) % mod`\n  - `q += 1`\n- **Observation 5:** Sets that do not include statements 14-17 (Set 2, Set 4, Set 6, Set 8, Set 10, and Set 12) are eliminated. Applicable sets are 1, 3, 5, 7, 9, and 11.\n\n**Step 6: Third Iteration with 'C':**\nIn the third iteration, `i = 'C'`.\n- Statement 12 is executed with `c = (pow(3, q, mod) + c) % mod`.\n- **Observation 6:** Sets not including statement 12 are eliminated. The applicable sets now are 1, 3, 5, 7, 9, and 11.\n\n**Step 7: Fourth Iteration with 'B':**\nIn the fourth iteration, `i = 'B'`.\n- Statement 10 is executed with `bc = (c + bc) % mod`.\n- **Observation 7:** Sets not including statement 10 are eliminated. The applicable sets now are 1, 3, 5, 7, 9, and 11.\n\n**Step 8: Fifth Iteration with 'A':**\nIn the fifth iteration, `i = 'A'`.\n- Statement 8 is executed again with `abc = (bc + abc) % mod`.\n- **Observation 8:** All currently considered sets include line 8, thus no sets are eliminated. Applicable sets are 1, 3, 5, 7, 9, and 11.\n\n**Step 9: End of Program:**\nThe loop ends, and `print(int(abc))` is executed to output the result.\n- **Observation 9:** All considered sets feature the final print statement (line 19).\n\n**FINAL CODE COVERAGE:**\nSet 1: Statements 1, 2, 3, 4, 5, 6, 7, 8, 9, 10, 11, 12, 13, 14, 15, 16, 17, 18, 19\n\nThe step-by-step reasoning eliminates all non-applicable code coverage sets, determining Set 1 to be the correct one, covering all executed statements.",
                "response_time": 8.378600597381592,
                "input_tokens": 913,
                "output_tokens": 480
            }
        ],
        "serialized_code": "Line 1: S = input()\nLine 2: mod = 10 ** 9 + 7\nLine 3: abc = 0\nLine 4: bc = 0\nLine 5: c = 0\nLine 6: q = 0\nLine 7: for i in S[::-1]:\nLine 8:     if i == 'A':\nLine 9:         abc = (bc + abc) % mod\nLine 10:     if i == 'B':\nLine 11:         bc = (c + bc) % mod\nLine 12:     if i == 'C':\nLine 13:         c = (pow(3, q, mod) + c ) % mod\nLine 14:     if i == '?':\nLine 15:         abc = (abc * 3 + bc) % mod\nLine 16:         bc = (bc * 3 + c) % mod\nLine 17:         c = (pow(3, q, mod) + c * 3) % mod\nLine 18:         q += 1\nLine 19: print(int(abc))\n",
        "test_case_id": "1"
    }
]