[
    {
        "submission_id": "s447555081",
        "methods_removed": 0,
        "methods_removed_names": [],
        "number_of_calls": {},
        "lines_affected": {},
        "focc": [
            "Set 1: Statements 1, 2, 3, 4, 9, 10, 11, 12, 13, 14, 15, 19",
            "Set 2: Statements 1, 2, 3, 4, 9, 10, 11, 12, 13, 14, 15, 17, 18, 19",
            "Set 3: Statements 1, 2, 3, 4, 9, 10, 11, 12, 13, 14, 15, 17, 19",
            "Set 4: Statements 1, 2, 3, 4, 9, 10, 11, 12, 13, 14, 19",
            "Set 5: Statements 1, 2, 3, 4, 9, 10, 11, 12, 13, 19"
        ],
        "code": "import math\nN = int(input())\nS = list(input())\ndef Word(i, a, b):\n    if S[i] != S[i + a] and S[i] != S[i + a + b] and S[i + a] != S[i + a + b]:\n        return True\n    else:\n        return False\nR = S.count(\"R\")\nG = S.count(\"G\")\nB = S.count(\"B\")\nans = R * G * B\nfor i in range(0, N - 1):\n    for a in range(1, math.ceil(N / 2)):\n        if i + a * 2 >= N:\n            break\n        if S[i] != S[i + a] and S[i] != S[i + a * 2] and S[i + a] != S[i + a * 2]:\n            ans -= 1\nprint(ans)",
        "test_cases": [
            {
                "test_case_id": 1,
                "test_case_inputs": "Test Case Input:\n3\nRGB",
                "crispe_response": "PLAN:\n\nStep 1: Input Processing:\n- The program begins by receiving two inputs: an integer `N` and a string `S`.\n- For the given test case, `N = 3` and `S = \"RGB\"`.\n- This means lines 1 and 2 will be executed to parse these inputs.\n\nObservation 1: All sets of code coverage include lines 1 and 2, so they remain applicable.\n\nStep 2: Function Definition and Initial Calculations:\n- The function `Word(i, a, b)` is defined on line 3 but not called in this test case.\n- Lines 4, 9, 10, 11, 12, 13 are executed to count occurrences of 'R', 'G', 'B' in the string `S` and calculate `ans = R * G * B = 1 * 1 * 1 = 1`.\n\nObservation 2: Sets 1, 2, 3, 4, and 5 all include lines 3, 4, 9, 10, 11, 12, and 13. All sets continue being applicable.\n\nStep 3: Outer Loop Iteration:\n- The outer loop (line 14) iterates over a range from 0 to `N-1 = 2`.\n- This loop will go through iterations for `i = 0`, `i = 1`, and `i = 2`.\n\nObservation 3: All sets include line 14, so they remain applicable.\n\nStep 4: Inner Loop Iteration with `i = 0`:\n- The inner loop (line 15) initiates for `a = 1` because in Python's `range` function, `math.ceil(N / 2)` will be 2.\n- For `a = 1`, `i + a * 2 = 0 + 2 = 2`, which is not greater than `N`, so it proceeds.\n- The condition within the inner loop (line 17) checks if `S[0]`, `S[1]`, and `S[2]` are all different.\n- Since \"RGB\" has all distinct characters, the condition holds true, and `ans` is decremented by 1 in line 18, resulting in `ans = 0`.\n\nObservation 4: Only sets 2, 3, and 4 include line 17. Set 1 and 5 are eliminated since they do not include line 17, which has been executed.\n\nStep 5: Inner Loop Break and Continuation:\n- The inner loop breaks if `i + a * 2 >= N`. For the iteration with `i = 1` and `i = 2`, `i + a * 2` would be 3 and 4 respectively, so it directly breaks and does not execute lines 17 or 18 for these.\n\nObservation 5: This does not affect set elimination further as the condition breakage is consistent across applicable sets. The previous condition already eliminated sets 1 and 5.\n\nStep 6: Output:\n- The final line (line 19) is executed to print the result `ans`, which is now 0.\n\nObservation 6: All remaining sets 2, 3, and 4 include line 19. This does not eliminate any further sets since all these sets meet this criterion.\n\nFINAL CODE COVERAGE:\nSet 2: Statements 1, 2, 3, 4, 9, 10, 11, 12, 13, 14, 15, 17, 18, 19\n\nExplanation: This is the most accurate set because it includes conditions where differences between characters decrement `ans`, as executed in line 18.",
                "response_time": 9.251885414123535,
                "input_tokens": 779,
                "output_tokens": 499
            },
            {
                "test_case_id": 2,
                "test_case_inputs": "Test Case Input:\n3\nRGB",
                "crispe_response": "PLAN:\n\n**Step 1: Input Processing:**\n- The program starts by taking an integer `N` as input and a list `S` constructed from the input string's characters.\n- Given test case inputs are `3` and `RGB`. Therefore, lines 1 (import statement included here conceptually), 2, and 3 will be executed to process these inputs.\n- **Observation 1:** All sets of code coverage are applicable as they all include lines 1, 2, and 3.\n\n**Step 2: Counting Colors and Initializing `ans`:**\n- The program counts occurrences of 'R', 'G', and 'B' in the list `S` (lines 9, 10, and 11). For the input `RGB`, we have R=1, G=1, B=1.\n- It calculates `ans` as the product of these counts, resulting in `ans = 1 * 1 * 1 = 1` (line 12).\n- **Observation 2:** All sets continue to be applicable as they include lines 9, 10, 11, and 12.\n\n**Step 3: Loop through Possible Indices and Check Conditions:**\n- The outer loop iterates `i` from 0 to `N-1` (i.e., 0 to 2) (line 13).\n- The inner loop iterates `a` from 1 up to `math.ceil(N / 2)` (i.e., up to 2) (line 14).\n- For `i = 0, a = 1`, the condition in line 15 (`i + a * 2 < N`) is satisfied (0 + 2 < 3).\n- It then checks the condition (which resembles the `Word` function logic) for the sequence `S[0]`, `S[0 + 1]`, and `S[0 + 2]` or `RGB`. Since all are different, this condition will hold true for line 17, and `ans` will be decremented by 1 to `ans = 0`.\n- **Observation 3:** Sets that account for the execution of lines 13, 14, 15, 17 are applicable: Sets 2 and 3.\n\n**Step 4: Further Loop Analysis:**\n- Continue with `i = 0, a = 2`, but the condition in line 15 (`0 + 4 < 3`) is not satisfied, breaking the inner loop (line 16).\n- For `i = 1`, neither `a = 1` (1 + 2 < 3) will hold, failing the condition in line 15.\n- For `i = 2`, `a = 1` results in condition (2 + 2 < 3) being false.\n- **Observation 4:** Continued evaluation reveals that execution of 17 effectively happens only in set 2, given its placement between lines 15 and 19 without an additional break line (16) being executed.\n- **Observation 5:** Set 2 accounts for all possible scenarios of such condition checks leading to decrementing `ans`.\n\n**Step 5: Printing the Final Result:**\n- Line 19 is executed to print `ans`, which is now `0`.\n- **Observation 6:** Only Set 2 includes line 17 which executed with a decrement operation.\n\n**FINAL CODE COVERAGE:**\nSet 2: Statements 1, 2, 3, 4, 9, 10, 11, 12, 13, 14, 15, 17, 18, 19",
                "response_time": 17.478405714035034,
                "input_tokens": 779,
                "output_tokens": 465
            }
        ],
        "serialized_code": "Line 1: import math\nLine 2: N = int(input())\nLine 3: S = list(input())\nLine 4: def Word(i, a, b):\nLine 5:     if S[i] != S[i + a] and S[i] != S[i + a + b] and S[i + a] != S[i + a + b]:\nLine 6:         return True\nLine 7:     else:\nLine 8:         return False\nLine 9: R = S.count(\"R\")\nLine 10: G = S.count(\"G\")\nLine 11: B = S.count(\"B\")\nLine 12: ans = R * G * B\nLine 13: for i in range(0, N - 1):\nLine 14:     for a in range(1, math.ceil(N / 2)):\nLine 15:         if i + a * 2 >= N:\nLine 16:             break\nLine 17:         if S[i] != S[i + a] and S[i] != S[i + a * 2] and S[i + a] != S[i + a * 2]:\nLine 18:             ans -= 1\nLine 19: print(ans)\n",
        "test_case_id": "1"
    },
    {
        "submission_id": "s447555081",
        "methods_removed": 1,
        "methods_removed_names": [
            "Word"
        ],
        "number_of_calls": {
            "Word": 0
        },
        "lines_affected": {
            "Word": []
        },
        "focc": [
            "Set 1: Statements 1, 2, 3, 4",
            "Set 2: Statements 1, 2, 3, 4",
            "Set 3: Statements 1, 2, 3, 4",
            "Set 4: Statements 1, 2, 3, 4",
            "Set 5: Statements 1, 2, 3, 4"
        ],
        "code": "import math\nN = int(input())\nS = list(input())",
        "test_cases": [
            {
                "test_case_id": 1,
                "test_case_inputs": "Test Case Input:\n3\nRGB",
                "crispe_response": "To determine the code coverage for the given Python program and test case, we need to analyze the provided statements and how the test case inputs affect the execution flow. Consider the given Python program:\n\n```python\nimport math\nN = int(input())\nS = list(input())\n```\n\nNow, let's go through the step-by-step reasoning for the given test case:\n\n**Test Case Input:**\n```\n3\nRGB\n```\n\n**PLAN:**\n\n**Step 1: Initial Input Processing:**\n- The program begins by importing the `math` module. Though it doesn't seem to be used later in the given code snippet, its import is still a part of the execution.\n- The program then reads an integer from input to initialize the variable `N`. For the provided test case, this value is `3`.\n- Next, the program reads a string from input to initialize the list `S`. For the provided test case, the string is `\"RGB\"`, which will be converted to `['R', 'G', 'B']` when stored in the list.\n\n**Observation 1:**\n- The statements executed include importing `math`, reading an integer for `N`, and converting the string input to a list `S`.\n- All given sets (Set 1 through Set 5) include statements `1, 2, 3, 4`. Since there is no further code provided in the snippet to determine differences in execution paths or additional conditionals, the test case aligns with all provided sets up to this stage.\n\n**Step 2: Conclusion of Execution:**\n- Since no additional code or conditions are provided, and given that the test case only interacts with the initial input lines, each set remains equally applicable.\n- With no branching logic to differentiate the sets based on the input details provided, the observed execution equally matches all sets.\n\n**FINAL CODE COVERAGE:**\n- Given the lack of distinct execution pathways in the snippet beyond initialization and input, all provided sets accurately reflect the executed lines of code. Thus, any of Set 1, Set 2, Set 3, Set 4, or Set 5 would serve as the final set of statements that cover the execution for this test case, since all cover the same initial lines.",
                "response_time": 6.210909843444824,
                "input_tokens": 639,
                "output_tokens": 348
            },
            {
                "test_case_id": 2,
                "test_case_inputs": "Test Case Input:\n3\nRGB",
                "crispe_response": "To predict the code coverage for the given Python program, let's analyze the program and the provided test case step by step.\n\n### PROGRAM ANALYSIS\n```python\nimport math\nN = int(input())\nS = list(input())\n```\n\n### TEST CASE INPUT\n```\n3\nRGB\n```\n\n### POSSIBLE SETS OF CODE COVERAGE\n- Set 1: Statements 1, 2, 3, 4\n- Set 2: Statements 1, 2, 3, 4\n- Set 3: Statements 1, 2, 3, 4\n- Set 4: Statements 1, 2, 3, 4\n- Set 5: Statements 1, 2, 3, 4\n\n### REASONING AND STEP-BY-STEP EXECUTION\n\n#### Step 1: Import Statement\n- The program starts with the import statement `import math`.\n- **Observation 1**: All sets of code coverage include the import statement, so all sets 1 through 5 are applicable.\n\n#### Step 2: First Input - Integer\n- The line `N = int(input())` reads an integer from the input. Given the test input, this reads the integer `3`.\n- **Observation 2**: All sets include the execution of this line, so all sets 1 through 5 remain applicable.\n\n#### Step 3: Second Input - List\n- The line `S = list(input())` reads a string from the input and converts it into a list. With the given test input, it reads the string `\"RGB\"` and converts it into the list `['R', 'G', 'B']`.\n- **Observation 3**: This line is executed in all sets, hence all sets 1 through 5 are still applicable.\n\n#### Step 4: End of Program\n- The given program appears to stop after executing the inputs. There are no additional operations or branches that could alter the execution flow.\n- Since there are no conditional statements, loops, or additional operations, all provided sets must account for the statements executed thus far.\n\n### FINAL ANALYSIS\nGiven the simplicity of the program and no additional logic beyond reading inputs, every line of the simple initialization is executed. Therefore, each set includes the same lines of code as the program consists solely of straightforward input operations, confirming all are essentially identical.\n\n### FINAL CODE COVERAGE\n- The most accurate set, based on the steps above, is:\n  - **Set 1 (and equivalently sets 2, 3, 4, 5)**: Statements 1, 2, 3, 4\n- However, it becomes clear that all sets provided are indeed the same. Therefore, all sets are equally valid.\n\nThus, any set from 1 to 5 accurately represents the code coverage for this test case input.",
                "response_time": 8.852917432785034,
                "input_tokens": 639,
                "output_tokens": 404
            }
        ],
        "serialized_code": "Line 1: import math\nLine 2: N = int(input())\nLine 3: S = list(input())\n",
        "test_case_id": "2"
    }
]