[
    {
        "submission_id": "s429098219",
        "methods_removed": 0,
        "methods_removed_names": [],
        "number_of_calls": {},
        "lines_affected": {},
        "focc": [
            "Set 1: Statements 1, 2, 3, 4, 5",
            "Set 2: Statements 1, 2, 3, 4, 6, 7",
            "Set 3: Statements 1, 2, 3, 4, 6, 9"
        ],
        "code": "hei,wid=map(int,input().split())\ns=0\ns+=hei*wid\nif (hei==1 and wid>=1) or (hei>=1 and wid==1):\n    print(1)\nelif s%2!=0:\n    print(s//2+1)\nelse:\n    print(s//2)",
        "test_cases": [
            {
                "test_case_id": 1,
                "test_case_inputs": "Test Case Input:\n1 1",
                "crispe_response": "To determine the set of code coverage that corresponds to the given test case, we'll follow a step-by-step reasoning approach similar to the example given:\n\n**PLAN:**\n\n**Step 1: Input Processing:**  \nThe program begins by reading input values for `hei` and `wid`. The input \"1 1\" is split into two integers, which are assigned to `hei` and `wid`.\n- **Observation 1:** Since this step processes the input, all code coverage sets include this component, i.e., Statement 1. Therefore, all sets (1, 2, and 3) remain applicable.\n\n**Step 2: Calculate Area (s):**  \nThe area `s` is calculated using `hei*wid`, resulting in `s = 1*1 = 1`.\n- **Observation 2:** The calculation step is represented by Statement 2, which is present in all coverage sets. Hence, all sets (1, 2, and 3) still remain applicable.\n\n**Step 3: Check First Condition (Special Case):**  \nThe program checks if `(hei == 1 and wid >= 1)` or `(hei >= 1 and wid == 1)`. Given `hei = 1` and `wid = 1`, the condition `(hei == 1 and wid >= 1)` holds true. Consequently, the program proceeds to print `1` by executing Statement 4.\n- **Observation 3:** Statement 4 covers the special case condition, which is included only in Set 1 among the possible coverage sets. This eliminates Sets 2 and 3.\n\n**FINAL CODE COVERAGE:**  \nThe final applicable set, based on the progression of executed statements and the test case input (1 1), is **Set 1**: Statements 1, 2, 3, 4, 5.\n\n**Conclusion:**  \nGiven the special condition is met, the output is directly from the first condition, and there is no need to evaluate further conditions. Thus, the specific path through the code narrows the coverage to Set 1.",
                "response_time": 4.9240405559539795,
                "input_tokens": 641,
                "output_tokens": 283
            },
            {
                "test_case_id": 2,
                "test_case_inputs": "Test Case Input:\n1 0",
                "crispe_response": "**PLAN:**\n\n**Step 1: Input Processing:**  \nThe program begins by taking two integers as input, `hei` and `wid`, which represent height and width, respectively. In the given test case, the input is \"1 0\". After using `map(int, input().split())`, `hei` becomes 1 and `wid` becomes 0. This implies that line 1 is executed to process the input.\n\n**Observation 1:**  \nAll sets of code coverage include line 1, which means all sets (Set 1, Set 2, Set 3) are initially applicable.\n\n**Step 2: Area Calculation (`s`):**  \nThe program calculates the area `s` by multiplying `hei` and `wid`. With `hei` as 1 and `wid` as 0, the result for `s` is 1*0 = 0. Line 2 and line 3 are executed during this calculation.\n\n**Observation 2:**  \nAll sets of code coverage include lines 2 and 3, so all sets remain applicable.\n\n**Step 3: First Conditional Check:**  \nThe program checks if either `hei` is 1 and `wid` is greater than or equal to 1, or `wid` is 1 and `hei` is greater than or equal to 1. In this test case, `hei` is 1 and `wid` is 0. Only the first part of the condition `(hei==1 and wid>=1)` needs to be checked. Since `wid` equals 0 and not greater than or equal to 1, the condition `(hei==1 and wid>=1)` is false, so line 5 will not be executed.\n\n**Observation 3:**  \nThis eliminates Set 1 because it includes line 5.\n\n**Step 4: Second Conditional Check:**  \nAs the first condition was false, the program proceeds to check whether `s % 2 != 0`. Here, since `s` is 0, the expression `0 % 2` equals 0, so the condition (`s % 2 != 0`) is false. Hence, line 6 is executed, leading to line 9's execution.\n\n**Observation 4:**  \nSet 2, which includes lines 6 and 7, is not applicable because line 7 is not executed. This leaves Set 3 as the only valid option.\n\n**Step 5: Final Output:**  \nDue to the previous conditional checks, the program executes `print(s//2)` (line 9) as `s` is even (0 % 2 == 0).\n\n**Observation 5:**  \nThis confirms that Sets 1 and 2 are not applicable, as they involve lines that were not reached in this execution.\n\n**FINAL CODE COVERAGE:**\n\nSet 3: Statements 1, 2, 3, 4, 6, 9",
                "response_time": 6.375683784484863,
                "input_tokens": 641,
                "output_tokens": 376
            }
        ],
        "serialized_code": "Line 1: hei,wid=map(int,input().split())\nLine 2: s=0\nLine 3: s+=hei*wid\nLine 4: if (hei==1 and wid>=1) or (hei>=1 and wid==1):\nLine 5:     print(1)\nLine 6: elif s%2!=0:\nLine 7:     print(s//2+1)\nLine 8: else:\nLine 9:     print(s//2)\n",
        "test_case_id": "1"
    }
]