[
    {
        "submission_id": "s726891348",
        "methods_removed": 0,
        "methods_removed_names": [],
        "number_of_calls": {},
        "lines_affected": {},
        "focc": [
            "Set 1: Statements 1, 2, 3, 7, 8, 9, 10, 11, 12, 4, 5, 6",
            "Set 2: Statements 1, 2, 3, 7, 8, 9, 10, 11, 12, 4, 6",
            "Set 3: Statements 1, 2, 3, 7, 8, 9, 10, 11, 13, 14, 4, 5, 6",
            "Set 4: Statements 1, 2, 3, 7, 8, 9, 10, 11, 13, 14, 4, 6",
            "Set 5: Statements 1, 2, 3, 7, 8, 9, 10, 11, 13, 15, 16, 17, 18, 19, 22, 4, 5, 6",
            "Set 6: Statements 1, 2, 3, 7, 8, 9, 10, 11, 13, 15, 16, 17, 18, 19, 22, 4, 6",
            "Set 7: Statements 1, 2, 3, 7, 8, 9, 10, 11, 13, 15, 16, 17, 18, 23",
            "Set 8: Statements 1, 2, 3, 7, 8, 9, 10, 11, 13, 15, 16, 17, 19, 22, 4, 5, 6",
            "Set 9: Statements 1, 2, 3, 7, 8, 9, 10, 11, 13, 15, 16, 17, 19, 22, 4, 6",
            "Set 10: Statements 1, 2, 3, 7, 8, 9, 10, 11, 13, 15, 16, 17, 19, 20, 22, 4, 5, 6",
            "Set 11: Statements 1, 2, 3, 7, 8, 9, 10, 11, 13, 15, 16, 17, 19, 20, 22, 4, 6",
            "Set 12: Statements 1, 2, 3, 7, 8, 9, 10, 11, 13, 15, 16, 17, 19, 20, 23"
        ],
        "code": "n = int(input())\na = list(map(int,input().split()))\ndef gcd(a,b):\n    while b != 0:\n        a,b = b,a%b\n    return a\nright_gcd = [0]*(n)\nleft_gcd = [0]*(n)\nright_gcd[n-1] = a[n-1]\nleft_gcd[0] = a[0]\nfor i in range(n-1,0,-1):\n    right_gcd[i-1] = gcd(right_gcd[i],a[i-1])\nfor i in range(n-1):\n    left_gcd[i+1] = gcd(left_gcd[i],a[i+1])\nexcept_gcd = [0]*n\nfor i in range(n):\n    if i == 0:\n        except_gcd[i] = right_gcd[1]\n    elif i == n-1:\n        except_gcd[i] = left_gcd[n-2]\n    else:\n        except_gcd[i] = gcd(left_gcd[i-1],right_gcd[i+1])\nprint(max(except_gcd))",
        "test_cases": [
            {
                "test_case_id": 1,
                "test_case_inputs": "Test Case Input:\n\n5\n10 20 30 40 50",
                "crispe_response": "PLAN:\n\nStep 1: Input Handling and Initialization:\n- The program begins by taking input for `n` (the number of list elements) followed by the list `a`. For the test case, `n` is 5 and `a` is [10, 20, 30, 40, 50].\n- Since test case inputs are given directly, statements handling the input (1 and 2) are executed.\n- Arrays `right_gcd`, `left_gcd`, and `except_gcd` are initialized with zeros, and some initial values are set for `right_gcd` and `left_gcd`.\nObservation 1: All sets are applicable as they include statements 1, 2, and the initializations (3, 7, 8, 9, 10, 11).\n\nStep 2: Right GCD Calculation:\n- The loop (statement 12) updates the `right_gcd` array starting from index `n-1` to 1.\n- The `gcd` function (statement 4) is called within this loop.\nObservation 2: Set 7 is not applicable as it skips the loop, while other sets that include statement 12 and the `gcd` function for right_gcd calculation remain applicable.\n\nStep 3: Left GCD Calculation:\n- The loop (statement 13) updates the `left_gcd` array starting from index 0 to `n-2`.\n- The `gcd` function is again called within this loop.\nObservation 3: Sets 1 and 2 are not applicable because statement 13 and subsequent gcd calculations inside the loop aren't covered; remaining sets are applicable.\n\nStep 4: Except GCD Calculation:\n- The loop (statement 15) initializes `except_gcd` based on conditions for values at the start, end, and middle of the list.\n- The conditions are checked using if-elif-else (statements 16, 17, and, 19) to set `except_gcd`.\nObservation 4: Sets that do not cover all necessary branches of except_gcd calculation such as Set 7 do not apply; expansive evaluation requires checking branching of conditions.\n\nStep 5: Maximum Calculation:\n- The program prints the maximum value from the `except_gcd` array (statement 22).\nObservation 5: Sets that exclude the print statement (or lead to print without computing maximum properly) are not applicable; cannot yield valid result.\n\nFinal Analysis: Based on the observations and exclusion of sets that miss critical calculations or conditions, the sets that cover both GCD and except_gcd handling comprehensively, avoid excluding main calculation logic or branching, lead to reasonable set narrowing.\n\nFINAL CODE COVERAGE:\nSet 5 or Set 10: Both provide the necessary balance between condition checks and computational steps related to right, left, and except gcd calculations, covering initialization, loops, gcd function calls, and result extraction at the end. Prefer Set 5 for its fuller computation and checking pathways consistency.",
                "response_time": 19.182056427001953,
                "input_tokens": 878,
                "output_tokens": 409
            },
            {
                "test_case_id": 2,
                "test_case_inputs": "Test Case Input:\n3\n1 2 3",
                "crispe_response": "Let's reason through the given Python program and test case step-by-step, eliminating non-applicable sets of statements based on the execution of the test case:\n\n**PLAN:**\n\n**Step 1: Initial Input Processing**\n\nThe test case provides the input:\n```\n3\n1 2 3\n```\nThe first line (`3`) sets `n` to 3, and the second line (`1 2 3`) sets `a = [1, 2, 3]`.\n\nObservation 1: The program's lines that handle input are statements 1 and 2. All sets of code coverage include these statements, so none can be eliminated at this point.\n\n**Step 2: Define the GCD Function and Initialize Arrays**\n\nThe `gcd` function is defined (statement 3), and `right_gcd` and `left_gcd` are initialized (statements 7 and 8). First and last elements of these arrays are assigned (statements 9 and 10).\n\nObservation 2: All coverage sets include statements 3, 7, 8, 9, and 10. No sets can be eliminated here.\n\n**Step 3: Calculate Right GCD Array**\n\nThe loop from `n-1` to `1` (backwards) is executed (statement 11-12) to populate the `right_gcd` array.\n\n- First Iteration: `i = 2`, calculates `gcd(right_gcd[3-1], a[2-1])`, which is `gcd(3, 2)`.\n- Second Iteration: `i = 1`, calculates `gcd(right_gcd[2-1], a[1-1])`, which is `gcd(2, 1)`.\n\nObservation 3: Sets 5, 6, 7, 8, 9, 10, 11, and 12 include these loops and GCD calculations; thus, sets 1, 2, 3, and 4 are eliminated.\n\n**Step 4: Calculate Left GCD Array**\n\nThe loop from `0` to `n-2` is executed (statements 13-14) to populate the `left_gcd` array.\n\n- First Iteration: `i = 0`, calculates `gcd(left_gcd[0], a[1])`, which is `gcd(1, 2)`.\n- Second Iteration: `i = 1`, calculates `gcd(left_gcd[1], a[2])`, which is `gcd(1, 3)`.\n\nObservation 4: Sets that involve statements 13 and 14 remain viable: 5, 6, 8, 9, 10, 11, and 12. Set 7 is eliminated.\n\n**Step 5: Calculate Except GCD Array**\n\nA loop from `0` to `n-1` calculates the `except_gcd` array (statements 15-20).\n\n- First Iteration: `i = 0`, sets `except_gcd[0] = right_gcd[1]` (statement 16).\n- Second Iteration: `i = 1`, calculates `gcd(left_gcd[0], right_gcd[2])` (statement 19), which is `gcd(1, 1)`.\n- Third Iteration: `i = 2`, sets `except_gcd[2] = left_gcd[1]` (statement 18).\n\nObservation 5: All remaining sets have either statements 15-20 covered (or parts of them), but set 12 (which includes statement 23) doesn't get executed as there is a `print` statement instead. Therefore, set 12 is eliminated.\n\n**Step 6: Final Calculation and Output**\n\nThe `max(except_gcd)` is computed and printed (statements 22), the result is `2`.\n\nObservation 6: All remaining sets include this operation.\n\n**Final Observation:**\n\nOnly sets that match our reasoning (statements actually executed) remain - Sets 6, 9, and 11. Evaluating the specific flag conditions (`except_gcd[i] = left_gcd[i-1] or right_gcd[i+1]`), set 6 remains the most accurate as it doesn't include non-executed loops or statements.\n\n**FINAL CODE COVERAGE:**\n\nSet 6: Statements 1, 2, 3, 7, 8, 9, 10, 11, 13, 15, 16, 17, 19, 22, 4, 6",
                "response_time": 15.862048387527466,
                "input_tokens": 876,
                "output_tokens": 478
            }
        ],
        "serialized_code": "Line 1: n = int(input())\nLine 2: a = list(map(int,input().split()))\nLine 3: def gcd(a,b):\nLine 4:     while b != 0:\nLine 5:         a,b = b,a%b\nLine 6:     return a\nLine 7: right_gcd = [0]*(n)\nLine 8: left_gcd = [0]*(n)\nLine 9: right_gcd[n-1] = a[n-1]\nLine 10: left_gcd[0] = a[0]\nLine 11: for i in range(n-1,0,-1):\nLine 12:     right_gcd[i-1] = gcd(right_gcd[i],a[i-1])\nLine 13: for i in range(n-1):\nLine 14:     left_gcd[i+1] = gcd(left_gcd[i],a[i+1])\nLine 15: except_gcd = [0]*n\nLine 16: for i in range(n):\nLine 17:     if i == 0:\nLine 18:         except_gcd[i] = right_gcd[1]\nLine 19:     elif i == n-1:\nLine 20:         except_gcd[i] = left_gcd[n-2]\nLine 21:     else:\nLine 22:         except_gcd[i] = gcd(left_gcd[i-1],right_gcd[i+1])\nLine 23: print(max(except_gcd))\n",
        "test_case_id": "1"
    },
    {
        "submission_id": "s726891348",
        "methods_removed": 1,
        "methods_removed_names": [
            "gcd"
        ],
        "number_of_calls": {
            "gcd": 0
        },
        "lines_affected": {
            "gcd": []
        },
        "focc": [
            "Set 1: Statements 1, 2, 3",
            "Set 2: Statements 1, 2, 3",
            "Set 3: Statements 1, 2, 3",
            "Set 4: Statements 1, 2, 3",
            "Set 5: Statements 1, 2, 3",
            "Set 6: Statements 1, 2, 3",
            "Set 7: Statements 1, 2, 3",
            "Set 8: Statements 1, 2, 3",
            "Set 9: Statements 1, 2, 3",
            "Set 10: Statements 1, 2, 3",
            "Set 11: Statements 1, 2, 3",
            "Set 12: Statements 1, 2, 3"
        ],
        "code": "n = int(input())\na = list(map(int,input().split()))",
        "test_cases": [
            {
                "test_case_id": 1,
                "test_case_inputs": "Test Case Input:\n\n5\n10 20 30 40 50",
                "crispe_response": "To analyze the code coverage for the given Python program and test case, let's proceed with a step-by-step reasoning process:\n\n**PROGRAM:**\n\n```python\nn = int(input())\na = list(map(int, input().split()))\n```\n\n**TEST CASE INPUT:**\n\n```\n5\n10 20 30 40 50\n```\n\n**POSSIBLE SETS OF CODE COVERAGE:**\n\nSet 1: Statements 1, 2, 3  \nSet 2: Statements 1, 2, 3  \nSet 3: Statements 1, 2, 3  \nSet 4: Statements 1, 2, 3  \nSet 5: Statements 1, 2, 3  \nSet 6: Statements 1, 2, 3  \nSet 7: Statements 1, 2, 3  \nSet 8: Statements 1, 2, 3  \nSet 9: Statements 1, 2, 3  \nSet 10: Statements 1, 2, 3  \nSet 11: Statements 1, 2, 3  \nSet 12: Statements 1, 2, 3  \n\n**PLAN:**\n\n**Step 1: Input Processing:**\n\n- The input consists of a number `n` followed by `n` integers. \n- The first input line specifies the number `n`, which is `5`.\n- The second input line provides a list of integers: `10, 20, 30, 40, 50`.\n\n**Observation 1:**  \n- Both lines in the program will be executed to process this input.\n- Therefore, all sets 1 to 12, which include the execution of both statements, remain applicable.\n\n**Step 2: Variable Assignment:**\n\n- `n` is assigned the value of `5` from the input.\n- `a` is assigned the list `[10, 20, 30, 40, 50]` by converting each input string to an integer.\n\n**Observation 2:**  \n- The test case exercises both statements (input for `n` and input for numbers), confirming that all sets capture the covered statements.\n\n**FINAL CODE COVERAGE:**\n\nSince the program is executed exactly as it is written, with no additional conditional branching or iterations beyond what is explicitly in the provided code, every possible set that indicates the cover of statements 1 and 2 is applicable. Each set of the given coverage possibilities is identical, demonstrating that the program will consistently engage statements 1 and 2.\n\n**Conclusion:**\n\nAny set from 1 to 12 accurately reflects the code coverage:  \nAll Sets: Statements 1, 2, 3\n\nIn this instance, because all provided sets are identical and simply cover all executed statements without deviation, any set (e.g., Set 1) is correctly representative of the execution path taken through the code.",
                "response_time": 8.1945481300354,
                "input_tokens": 671,
                "output_tokens": 364
            },
            {
                "test_case_id": 2,
                "test_case_inputs": "Test Case Input:\n3\n1 2 3",
                "crispe_response": "PLAN:\n\nStep 1: Input Processing:\nThe program starts by taking an integer input `n` which represents the number of elements that will be entered in the next line, followed by taking `n` space-separated integers to form a list `a`. Given the test case directly provides the inputs `n = 3` and the list `1 2 3`, we consider that lines 1 and 2 are executed to process this input.\nObservation 1: All possible sets of code coverage include statements 1 and 2, making them equally applicable at this step.\n\nStep 2: Execution of Code:\nThe program then executes the intended logic (which consists only of these two input statements as there are no additional statements to differentiate between the set of code coverages). Since the sample sets of code coverage provided are not distinct in terms of different logic branches or outcomes, all given sets include the same statements 1, 2, and 3.\nObservation 2: Since the function of the code is completely described by the execution of statements 1, 2, and 3 for the provided test case, all sets theoretically apply.\n\nStep 3: Determination of Best Applicable Set:\nGiven all the provided sets are identical and account for the full execution of the provided code, there is no additional reasoning step that can further narrow down the exact set of statements to one that is more accurate than the others.\nObservation 3: As all the sets are identical, one arbitrary set can be chosen as the final outcome since there is no difference in their coverage.\n\nFINAL CODE COVERAGE:\nSet 1: Statements 1, 2, 3\n\nNote: In this particular case, all sets given were identical, indicating nothing distinct was expected in execution paths or conditional checks \u2014 hence any set representing the full execution of the statements is an accurate representation.\n\n",
                "response_time": 6.343251466751099,
                "input_tokens": 669,
                "output_tokens": 302
            }
        ],
        "serialized_code": "Line 1: n = int(input())\nLine 2: a = list(map(int,input().split()))\n",
        "test_case_id": "2"
    }
]