[
    {
        "submission_id": "s511142054",
        "methods_removed": 0,
        "methods_removed_names": [],
        "number_of_calls": {},
        "lines_affected": {},
        "focc": [
            "Set 1: Statements 1, 2, 3, 4, 5, 6, 7, 8, 9, 10, 11, 12, 13, 14, 15",
            "Set 2: Statements 1, 2, 3, 4, 5, 6, 7, 8, 9, 10, 11, 12, 13, 15",
            "Set 3: Statements 1, 2, 3, 4, 5, 6, 7, 8, 9, 10, 11, 13, 14, 15",
            "Set 4: Statements 1, 2, 3, 4, 5, 6, 7, 8, 9, 10, 11, 13, 15",
            "Set 5: Statements 1, 2, 3, 4, 5, 6, 7, 8, 9, 10, 15",
            "Set 6: Statements 1, 2, 3, 4, 5, 6, 7, 8, 9, 15",
            "Set 7: Statements 1, 2, 4, 5, 6, 7, 8, 9, 10, 11, 12, 13, 14, 15",
            "Set 8: Statements 1, 2, 4, 5, 6, 7, 8, 9, 10, 11, 12, 13, 15",
            "Set 9: Statements 1, 2, 4, 5, 6, 7, 8, 9, 10, 11, 13, 14, 15",
            "Set 10: Statements 1, 2, 4, 5, 6, 7, 8, 9, 10, 11, 13, 15",
            "Set 11: Statements 1, 2, 4, 5, 6, 7, 8, 9, 10, 15",
            "Set 12: Statements 1, 2, 4, 5, 6, 7, 8, 9, 15"
        ],
        "code": "import sys\nif sys.platform == 'ios':\n\tsys.stdin = open('input_file.txt')\nn,m = map(int,input().split())\na = [str(input()) for i in range(n)]\nb = [str(input()) for i in range(m)]\ns = [ [0]*m for i in range(m) ]\nans = 0\nfor i in range(n-m+1):\n\tfor j in range(n-m+1):\n\t\tfor k in range(m):\n\t\t\ts[k] = a[i+k][j:j+m]\n\t\tif s == b :\n\t\t\tans = ans +1\nprint('Yes' if ans >= 1 else 'No')",
        "test_cases": [
            {
                "test_case_id": 1,
                "test_case_inputs": "Test Case Input:\n5 3\nabc\ndef\nghi\njkl\nmno\nabc\ndef\nghi",
                "crispe_response": "PLAN:\n\n**Step 1: Platform Check:**\nThe program begins with checking the platform using `sys.platform`. However, since the test case is run normally on a platform that isn't specified (as 'ios'), we assume this block does not alter any behavior. Thus, line 3 `sys.stdin = open('input_file.txt')` will not execute.\n- **Observation 1:** This eliminates Sets 1 through 6 and Set 7 through 10, which contain the statements including line 3.\n\n**Step 2: Input Processing:**\nThe input consists of `n = 5` and `m = 3`. Numbers are taken from the input to form lists `a` and `b`. Correspondingly, lines 4 and 5 will execute to accept these inputs. Here, `a` will contain [\"abc\", \"def\", \"ghi\", \"jkl\", \"mno\"] and `b` will contain [\"abc\", \"def\", \"ghi\"].\n- **Observation 2:** All remaining sets (Sets 11 and 12) include lines 4 and 5.\n\n**Step 3: Initialize Variables:**\nLine 6 initializes a list `s` of size `m` with zero lists. `ans` is initialized to 0 in line 7. This will execute.\n- **Observation 3:** All remaining sets (Sets 11 and 12) include lines 6 and 7.\n\n**Step 4: Nested Loops:**\nThe outer loop runs `n-m+1 = 3` times for both `i` and `j`. For each pair `i`, `j`, `s[k]` in line 12 will be formed by slicing the strings in `a`. Set 11 includes line 12, so it remains valid. Since the nested loops will effectively run at least once, line 8 will be executed.\n- **Observation 4:** Both sets include statements from lines 8 to 11. Given that the inputs form a match, line 12 will run successfully at least once, enforcing consideration of both sets.\n\n**Step 5: Pattern Check and Update:**\nWhen `s` is identical to `b`, `ans` will be incremented in line 13. Given the inputs result in a match for first pass in the loop, line 13 indeed executes.\n- **Observation 5:** Set 12 doesn't include line 13, so it can be eliminated.\n\n**Step 6: Result Announcement:**\nFinally, the program prints \"Yes\" if `ans >= 1`, otherwise \"No\". The test case results in `ans = 1`, so the program will print \"Yes\".\n- **Observation 6:** This line (15) is in Set 11, establishing it as the final applicable set due to the positive outcome.\n\n**FINAL CODE COVERAGE:**\nSet 11: Statements 1, 2, 4, 5, 6, 7, 8, 9, 10, 15",
                "response_time": 8.58232593536377,
                "input_tokens": 850,
                "output_tokens": 388
            },
            {
                "test_case_id": 2,
                "test_case_inputs": "Test Case Input:\n5 3\nabc\ndef\nghi\njkl\nmno\nxyz\npqr\nstu",
                "crispe_response": "PLAN:\n\nStep 1: Import and Platform Check\n- The program begins by importing the `sys` module and checks if the current platform is 'ios'. Since this is an environmental check not related to the given test case inputs, it immediately proceeds to the next steps.\nObservation 1: This initial check is performed in all listed sets of code coverage.\n\nStep 2: Input Handling\n- The input is provided as 5 and 3, which are assigned to `n` and `m` respectively, following that, `a` is populated with 5 strings and `b` with 3 strings.\n- Lines of code related to input processing (lines 2 to 6) are executed to capture these data.\nObservation 2: At this point, every set anticipates processing input, so all remain applicable.\n\nStep 3: Initialize 2D List and Counter\n- A list `s` is initialized and a counter `ans` is set to 0. These correspond to line 7 in the code.\nObservation 3: All sets include line 7 since it's crucial for preparing the comparison of subgrids.\n\nStep 4: Nested Loop and Subgrid Extraction\n- The purpose of the triple nested loop starting at line 8 is to extract part of `a` and compare it to `b`. Based on our input dimensions (n=5, m=3), `i` and `j` will range from 0 to 2.\n- Within the inner loop, strings from `a` of length `m` are extracted and assigned to `s`.\nObservation 4: All sets include lines 8 and 9 as these loops iterate for subgrids comparison.\n\nStep 5: Subgrid Comparison\n- The comparison of `s` with `b` in line 11 determines if the extracted segment matches the target subgrid `b`, updating `ans` if true.\nObservation 5: Since our test input is such that no subgrid match occurs, line 12 (if-condition) never becomes true, which, in turn, implies line 14 where `ans` is incremented is never executed. Therefore, this step clarifies further elimination.\n\nStep 6: Result Output\n- On concluding the grid traversal, the result is printed (line 13), outputting \"No\" as `ans` remains 0 due to no matches.\nObservation 6: Only sets lacking line 14's execution and including the final result print (line 13 & 15) are feasible.\n\nFINAL CODE COVERAGE:\n- Observations and the absence of a match eliminate sets including line 14, ultimately implying that Set 4: Statements 1, 2, 3, 4, 5, 6, 7, 8, 9, 10, 11, 13, 15 captures the ideal coverage circumstances consistent with the provided test case.",
                "response_time": 7.5078606605529785,
                "input_tokens": 850,
                "output_tokens": 407
            }
        ],
        "serialized_code": "Line 1: import sys\nLine 2: if sys.platform == 'ios':\nLine 3: \tsys.stdin = open('input_file.txt')\nLine 4: n,m = map(int,input().split())\nLine 5: a = [str(input()) for i in range(n)]\nLine 6: b = [str(input()) for i in range(m)]\nLine 7: s = [ [0]*m for i in range(m) ]\nLine 8: ans = 0\nLine 9: for i in range(n-m+1):\nLine 10: \tfor j in range(n-m+1):\nLine 11: \t\tfor k in range(m):\nLine 12: \t\t\ts[k] = a[i+k][j:j+m]\nLine 13: \t\tif s == b :\nLine 14: \t\t\tans = ans +1\nLine 15: print('Yes' if ans >= 1 else 'No')\n",
        "test_case_id": "1"
    }
]