[
    {
        "submission_id": "s657984461",
        "methods_removed": 0,
        "methods_removed_names": [],
        "number_of_calls": {},
        "lines_affected": {},
        "focc": [
            "Set 1: Statements 1, 2, 3, 4, 5, 6, 7, 8, 13",
            "Set 2: Statements 1, 2, 3, 4, 5, 6, 7, 9, 10, 13",
            "Set 3: Statements 1, 2, 3, 4, 5, 6, 7, 9, 12, 13"
        ],
        "code": "A,B,C,X,Y = map(int,input().split())\nmin_ = min(X,Y)\nmax_ = max(X,Y)\nres = A*X + B*Y\nm = 2 * C * max(X, Y);\nsum = C * 2* min_\nif(C<=0.5 * A and C <= 0.5 * B):\n    sum += 2*C*(max_-min_)\nelif(max_==X):\n    sum += (max_-min_)*A\nelse:\n    sum += (max_-min_)*B\nprint(min(m,min(res,sum)))",
        "test_cases": [
            {
                "test_case_id": 1,
                "test_case_inputs": "Test Case Input:\n1 2 3 4 5",
                "crispe_response": "To determine the set of statements covered by the given test case for the provided program, we will go through each step of the execution and eliminate sets of coverage that do not fit the observed behavior.\n\n### Plan:\n\n**Step 1: Input Processing**\n- The program receives input values 1, 2, 3, 4, 5. \n- These values are assigned as A = 1, B = 2, C = 3, X = 4, Y = 5.\n\n**Observation 1**: All sets of code coverage begin with statement 1, which means they all start with the input and variable assignment.\n\n**Step 2: Determine Min and Max**\n- `min_ = min(X, Y)` results in `min_ = 4`. \n- `max_ = max(X, Y)` results in `max_ = 5`.\n\n**Observation 2**: Statements 2 and 3 are executed, which all sets of coverage include.\n\n**Step 3: Calculate Initial Values**\n- `res = A*X + B*Y` results in `res = (1*4) + (2*5) = 4 + 10 = 14`.\n- `m = 2 * C * max(X, Y)` results in `m = 2 * 3 * 5 = 30`.\n- `sum = C * 2 * min_` results in `sum = 3 * 2 * 4 = 24`.\n\n**Observation 3**: Statements 4, 5, and 6 are executed, included in all sets.\n\n**Step 4: Conditional Evaluation and Further Calculation**\n- The condition `if (C <= 0.5 * A and C <= 0.5 * B):` is evaluated. Here, `C = 3`, `0.5 * A = 0.5`, and `0.5 * B = 1`, so the condition is `3 <= 0.5 and 3 <= 1`, which is False.\n- Therefore, the next condition `elif (max_ == X):` is not executed since max_ equals Y, not X.\n- The `else` clause is executed:\n  - `sum += (max_ - min_) * B` results in `sum = 24 + (5 - 4) * 2 = 24 + 2 = 26`.\n\n**Observation 4**: Statement 7 is executed, but the execution skips statements associated with the `elif` and `if` blocks (statement 8 and 9); hence the possible coverage must involve the `else` statement at line 10 or after.\n\n**Step 5: Final Print Statement**\n- The last statement is `print(min(m, min(res, sum)))`.\n- It evaluates to `print(min(30, min(14, 26)))`, which prints 14.\n\n**Observation 5**: Statement 13, corresponding to the print statement, is executed in all sets.\n\n### Final Elimination:\n- **Set 1** includes the `if` block (statement 8) which was not executed, so Set 1 is not applicable.\n- **Set 2** includes the `elif` block (statement 9), also not executed since `max_ != X`, eliminating Set 2.\n- **Set 3** accounts for the `else` statement (line 12), which was executed, and all other applicable lines including the print statement (line 13).\n\n**Final Code Coverage:**\n- **Set 3: Statements 1, 2, 3, 4, 5, 6, 7, 9, 12, 13** are covered by this test case.",
                "response_time": 10.777334451675415,
                "input_tokens": 688,
                "output_tokens": 476
            },
            {
                "test_case_id": 2,
                "test_case_inputs": "Test Case Input:\n0 0 0 0 0",
                "crispe_response": "PLAN:\n\nStep 1: Input Processing:\nThe program begins by reading five integers: A, B, C, X, and Y. The test case provides the values 0, 0, 0, 0, and 0, respectively.\nObservation 1: All sets of code coverage include statement 1 where input is processed, so all sets remain applicable.\n\nStep 2: Minimum and Maximum Calculation:\nThe variables `min_` and `max_` are assigned the minimum and maximum of X and Y, respectively. Given the test case inputs are both 0, `min_` and `max_` will both be set to 0.\nObservation 2: All sets account for statements 2 and 3, which calculate `min_` and `max_`, so all sets remain applicable.\n\nStep 3: Initial Result Calculation:\nThe result `res` is computed as `A*X + B*Y`, which results in 0 for the given input since A, B, X, and Y are all 0.\nObservation 3: All sets include statement 4 where `res` is calculated. All sets remain applicable.\n\nStep 4: Maximum Metric Calculation:\nThe variable `m` is calculated as `2 * C * max(X, Y)`. Given `C` and `max(X, Y)` are both 0, `m` evaluates to 0.\nObservation 4: Statement 5 is common in all sets where `m` is evaluated. All sets remain applicable.\n\nStep 5: Sum Calculation:\nThe initial value of `sum` is `C * 2 * min_`, which equals 0 given that `C` and `min_` are both 0.\nObservation 5: All sets account for statement 6 where initial part of `sum` is computed. All sets remain applicable.\n\nStep 6: Conditional Check:\nSince `C`, `A`, and `B` are all 0, the condition `C <= 0.5 * A and C <= 0.5 * B` becomes `0 <= 0 and 0 <= 0`, which is true, so the code block in statement 8 is executed, adding `2*C*(max_-min_)` to `sum`. Given that all values are 0, the addition results in 0, leaving `sum` unchanged.\nObservation 6: Only Set 1 contains statement 8, so sets 2 and 3 can be eliminated.\n\nStep 7: Final Print Statement:\nThe program prints `min(m, min(res, sum))`, which is `min(0, min(0, 0))`, resulting in 0.\nObservation 7: All sets include statement 13, where the final result is printed.\n\nFINAL CODE COVERAGE:\nSet 1: Statements 1, 2, 3, 4, 5, 6, 7, 8, 13",
                "response_time": 18.63593554496765,
                "input_tokens": 688,
                "output_tokens": 372
            }
        ],
        "serialized_code": "Line 1: A,B,C,X,Y = map(int,input().split())\nLine 2: min_ = min(X,Y)\nLine 3: max_ = max(X,Y)\nLine 4: res = A*X + B*Y\nLine 5: m = 2 * C * max(X, Y);\nLine 6: sum = C * 2* min_\nLine 7: if(C<=0.5 * A and C <= 0.5 * B):\nLine 8:     sum += 2*C*(max_-min_)\nLine 9: elif(max_==X):\nLine 10:     sum += (max_-min_)*A\nLine 11: else:\nLine 12:     sum += (max_-min_)*B\nLine 13: print(min(m,min(res,sum)))\n",
        "test_case_id": "1"
    }
]