[
    {
        "submission_id": "s218980212",
        "methods_removed": 0,
        "methods_removed_names": [],
        "number_of_calls": {},
        "lines_affected": {},
        "focc": [
            "Set 1: Statements 1, 2, 3, 4, 5, 6, 7, 8, 9, 10, 11, 12, 13, 15, 16, 17, 18, 19, 20, 25, 26",
            "Set 2: Statements 1, 2, 3, 4, 5, 6, 7, 8, 9, 10, 11, 12, 13, 15, 16, 17, 18, 19, 21, 22, 25, 26",
            "Set 3: Statements 1, 2, 3, 4, 5, 6, 7, 8, 9, 10, 11, 12, 13, 15, 16, 17, 18, 19, 21, 24, 25, 26",
            "Set 4: Statements 1, 2, 3, 4, 5, 6, 7, 8, 9, 10, 11, 12, 13, 15, 16, 17, 18",
            "Set 5: Statements 1, 2, 3, 4, 5, 6, 7, 8, 9, 10, 11, 12, 13, 15, 18, 19, 20, 25, 26",
            "Set 6: Statements 1, 2, 3, 4, 5, 6, 7, 8, 9, 10, 11, 12, 13, 15, 18, 19, 21, 22, 25, 26",
            "Set 7: Statements 1, 2, 3, 4, 5, 6, 7, 8, 9, 10, 11, 12, 13, 15, 18, 19, 21, 24, 25, 26",
            "Set 8: Statements 1, 2, 3, 4, 5, 6, 7, 8, 9, 10, 11, 12, 13, 15, 18",
            "Set 9: Statements 1, 2, 3, 4, 5, 6, 7, 8, 9, 10, 11, 15, 16, 17, 18, 19, 20, 25, 26",
            "Set 10: Statements 1, 2, 3, 4, 5, 6, 7, 8, 9, 10, 11, 15, 16, 17, 18, 19, 21, 22, 25, 26",
            "Set 11: Statements 1, 2, 3, 4, 5, 6, 7, 8, 9, 10, 11, 15, 16, 17, 18, 19, 21, 24, 25, 26",
            "Set 12: Statements 1, 2, 3, 4, 5, 6, 7, 8, 9, 10, 11, 15, 16, 17, 18"
        ],
        "code": "S = input()\nT = input()\ncount = 0\nflg = False\nif len(S) < len(T):\n    print('UNRESTORABLE')\n    exit()\nwhile True:\n    flg = False\n    for i in range(1,len(T)+1):\n        if S[-i-count] != T[-i] and S[-i-count] != '?':\n            count += 1\n            flg = True\n            break\n    if count == len(S) - len(T) + 1:\n        print('UNRESTORABLE')\n        exit()\n    if not flg:\n        if count == 0:\n            ans = S[0:len(S)-len(T)] + T\n        elif count == len(S)-len(T):\n            ans = T + S[len(T):]\n        else:\n            ans = S[0:len(S)-len(T)-count] + T + S[-count:]\n        print(ans.replace('?','a'))\n        exit()",
        "test_cases": [
            {
                "test_case_id": 1,
                "test_case_inputs": "Test Case Input:\nabcde\nabc",
                "crispe_response": "PLAN:\n\nStep 1: Input Processing\nThe input strings S and T are read. For the given test case input, S = \"abcde\" and T = \"abc\".\nObservation 1: All sets of code coverage are applicable as they all include the input statements (1 and 2).\n\nStep 2: Length Comparison\nThe program checks if the length of S is less than the length of T with the statement `if len(S) < len(T):`. In this case, len(S) = 5 and len(T) = 3, so the condition is false, and the program does not print \"UNRESTORABLE\" and does not exit.\nObservation 2: All sets include the check for the length comparison (statements 3, 4, 5), so they remain applicable.\n\nStep 3: Initialization of Loop Variables\nThe variable `count` is initialized to 0 and `flg` (a flag) is set to False.\nObservation 3: All sets include these initializations (statements 6 and 7), thus remaining applicable.\n\nStep 4: Entering the While Loop\nThe program enters a while loop which continues indefinitely until a break condition is encountered.\nObservation 4: All sets include the start of the while loop (statement 8), so all sets remain valid.\n\nStep 5: For Loop with Character Comparison\nInside the while loop, a for loop iterates over the range from 1 to the length of T + 1. In each iteration, the code compares characters of S and T from the end towards the start (considering the count variable). Here, `S[-i-count]` is compared with `T[-i]`, and since the initial count is 0 and both strings can be matched from position S[-3] to S[-1] with T, the check causes the if condition to be false, so the loop completes without setting the flag `flg` to True or changing the count.\nObservation 5: The condition inside the for loop does not lead to a break (statement 11 is never executed), so sets involving statement 19 are possible at this point (1 to 7, 9 to 12).\n\nStep 6: Checking for Restoration\nOnce outside the for loop, it checks if `count` equals `len(S) - len(T) + 1`. Here, count = 0 and len(S) - len(T) + 1 equals 3, so this condition is false and the code does not print \"UNRESTORABLE\" or exit.\nObservation 6: Sets containing statement 13 remain, so sets that contain both paths of the if condition after the loop (statement 19 and not statements 20 or 21) are viable, which are sets 1, 2, 3, 5, 6, 7, 9, 10, and 11.\n\nStep 7: Constructing the Answer String and Final Output\nSince `flg` is False, meaning the loop concluded without mismatches, the code determines how to construct the answer string `ans`. Here, since `count` is 0, `ans = S[0:len(S)-len(T)] + T` is executed. Given that len(S) - len(T)=2, the first part of S is \"ab\", the final answer is \"ab\" + \"abc\", which results in \"abcde\".\nObservation 7: The constructed answer involves replacing '?' with 'a', but no replacements occur in this case (statement 25 is executed). Sets including statement 25 are viable: sets 1, 2, 3, 5, 6, 7, 9, 10, and 11.\n\nStep 8: Exiting the Program\nThe program prints the result and exits, covering statement 26.\nObservation 8: All remaining viable sets include this final step. Considering that no restoration process was invoked incorrectly (no '?' in replacement and counts are correct), the most pertinent sets are those that took valid restoration paths without unnecessary operations.\n\nFINAL CODE COVERAGE:\nSet 1: Statements 1, 2, 3, 4, 5, 6, 7, 8, 9, 10, 11, 12, 13, 15, 16, 17, 18, 19, 20, 25, 26",
                "response_time": 10.700339794158936,
                "input_tokens": 938,
                "output_tokens": 596
            },
            {
                "test_case_id": 2,
                "test_case_inputs": "Test Case Input:\n???\nabc",
                "crispe_response": "PLAN:\n\nStep 1: Input Processing:\nThe program begins by taking two inputs, S and T. For the given test case, S is \"???\" and T is \"abc\".\nObservation 1: All sets of code coverage include statements 1 and 2, which handle inputs.\n\nStep 2: Length Comparison:\nThe program checks if the length of S is less than T. Since len(S) = 3 and len(T) = 3, the condition is false, hence statement 5 executes and statements 6-7 will not execute.\nObservation 2: This condition does not affect any code coverage set, as none cover statement 6 and 7.\n\nStep 3: Initial Conditions:\nThe flag `flg` is set to False and a `while True` loop begins. This covers statement 8.\nObservation 3: All sets include these initial loop statements.\n\nStep 4: Loop Over T (Inner For Loop):\nThe program attempts to match T with the tail end of S, considering '?'. It iterates over each character of T from the end.\nObservation 4: Statements 9, 10, 11, 12 are executed in the first iteration. \n\nStep 5: Inner Condition Evaluation:\n- For i=1, S[-1-count] is '?' which matches T[-1] ('c'), so the loop continues without setting flg to True.\n- For i=2, S[-2-count] is '?' which matches T[-2] ('b'), so the loop continues without setting flg to True.\n- For i=3, S[-3-count] is '?' which matches T[-3] ('a'), so the loop finishes without setting flg to True and count remains 0.\nObservation 5: The condition `if S[-i-count] != T[-i] and S[-i-count] != '?'` (statement 12-13) never holds true. Sets containing statement 13 getting executed can be eliminated; however, since all sets contain statements 12 and 13, this observation alone doesn't eliminate any sets yet.\n\nStep 6: Flag Check:\nSince flg remains False, we move to the condition after the loop and check `if not flg`. Since it's true, we proceed with the code to construct the answer `ans`.\n- Since count is 0, statement 18 executes, where `ans = S[0:len(S)-len(T)] + T`, which results in \"abc\".\nObservation 6: Since the program reaches statement 18, the following applies:\n- Sets with execution paths not reaching statement 18, like set 8 and set 12, should be eliminated.\n\nStep 7: Printing the Result:\nFinally, the result \"abc\" is printed by replacing '?' in ans with 'a', and the program exits.\nObservation 7: Statement 25 is executed for printing the result, and statement 26 for exiting. Therefore:\n- Sets without statements 25 and 26 are eliminated.\n\nFINAL CODE COVERAGE:\nBased on all observations: sets 1, 5, and 9 include the executed paths, covering statements 18, 19, 20, 25, and 26. \n\nTherefore, the most appropriate set considering all operations executed is:\nSet 1: Statements 1, 2, 3, 4, 5, 6, 7, 8, 9, 10, 11, 12, 13, 15, 16, 17, 18, 19, 20, 25, 26",
                "response_time": 9.650676965713501,
                "input_tokens": 938,
                "output_tokens": 468
            }
        ],
        "serialized_code": "Line 1: S = input()\nLine 2: T = input()\nLine 3: count = 0\nLine 4: flg = False\nLine 5: if len(S) < len(T):\nLine 6:     print('UNRESTORABLE')\nLine 7:     exit()\nLine 8: while True:\nLine 9:     flg = False\nLine 10:     for i in range(1,len(T)+1):\nLine 11:         if S[-i-count] != T[-i] and S[-i-count] != '?':\nLine 12:             count += 1\nLine 13:             flg = True\nLine 14:             break\nLine 15:     if count == len(S) - len(T) + 1:\nLine 16:         print('UNRESTORABLE')\nLine 17:         exit()\nLine 18:     if not flg:\nLine 19:         if count == 0:\nLine 20:             ans = S[0:len(S)-len(T)] + T\nLine 21:         elif count == len(S)-len(T):\nLine 22:             ans = T + S[len(T):]\nLine 23:         else:\nLine 24:             ans = S[0:len(S)-len(T)-count] + T + S[-count:]\nLine 25:         print(ans.replace('?','a'))\nLine 26:         exit()\n",
        "test_case_id": "1"
    }
]