[
    {
        "submission_id": "s666073202",
        "methods_removed": 0,
        "methods_removed_names": [],
        "number_of_calls": {},
        "lines_affected": {},
        "focc": [
            "Set 1: Statements 1, 2, 3, 4, 5, 6, 7, 8, 9, 10, 11, 12",
            "Set 2: Statements 1, 2, 3, 4, 5, 6, 7, 8, 9, 10, 12",
            "Set 3: Statements 1, 2, 3, 4, 5, 6, 7, 8, 12",
            "Set 4: Statements 1, 2, 3, 4, 5, 6, 7, 12"
        ],
        "code": "n,k = map(int,input().split())\nline = list(map(int,input().split()))\ninf = float('inf')\nline.extend([inf for i in range(k)])\nbox = [inf for i in range(n + k)]\nbox[0] = 0\nfor x in range(n):   \n  for i in range(1,k+1):\n    cost = abs(line[x] - line[x+i])\n    if box[x+i] >= box[x] + cost:\n      box[x+i] = box[x] + cost\nprint(box[n-1])",
        "test_cases": [
            {
                "test_case_id": 1,
                "test_case_inputs": "Test Case Input:\n5 3\n1 2 3 4 5",
                "crispe_response": "PLAN:\n\nStep 1: Input Processing:\nThe program begins by taking a single line of input that includes two integers, n and k. These are parsed using `map(int, input().split())`. The given test case is \"5 3\", which assigns `n = 5` and `k = 3`.\nObservation 1: All sets of code coverage include lines 1 and 2, so all remain applicable.\n\nStep 2: Line Array Initialization:\nAnother line of input is taken which is processed into an integer list called `line` using `map(int, input().split())`. The test case provides \"1 2 3 4 5\". This assigns `line = [1, 2, 3, 4, 5]`.\nObservation 2: All sets of code coverage include line 3, so all remain applicable.\n\nStep 3: Extending the Line Array:\nThe array `line` has `k` (3) floating-point 'inf' values appended to it using list comprehension. Hence, `line` becomes `[1, 2, 3, 4, 5, inf, inf, inf]`.\nObservation 3: All sets of code coverage include line 4, so all remain applicable.\n\nStep 4: Box Array Initialization:\nA list `box` is created with `n+k` (8) elements, all initialized to 'inf'. It is then updated so that `box[0] = 0`.\nObservation 4: All sets of code coverage include lines 5 and 6, so all remain applicable.\n\nStep 5: Nested Loops Iterating:\nThe program enters a nested loop. The outer loop iterates over `x` from 0 to `n-1` (5-1), and the inner loop iterates over `i` from 1 to `k` (3).\n\n- First Outer Loop (x = 0):\n  - Inner Loop (i = 1): Calculate `cost = abs(line[0] - line[1]) = abs(1 - 2) = 1`. Since `box[1] >= box[0] + cost (inf >= 0 + 1)`, update `box[1] = 1`.\n  - Inner Loop (i = 2): Calculate `cost = abs(line[0] - line[2]) = abs(1 - 3) = 2`. Since `box[2] >= box[0] + cost (inf >= 0 + 2)`, update `box[2] = 2`.\n  - Inner Loop (i = 3): Calculate `cost = abs(line[0] - line[3]) = abs(1 - 4) = 3`. Since `box[3] >= box[0] + cost (inf >= 0 + 3)`, update `box[3] = 3`.\n\n- Second Outer Loop (x = 1):\n  - Inner Loop (i = 1): Calculate `cost = abs(line[1] - line[2]) = abs(2 - 3) = 1`. Since `box[2] >= box[1] + cost (2 >= 1 + 1)`, `box[2]` remains 2.\n  - Inner Loop (i = 2): Calculate `cost = abs(line[1] - line[3]) = abs(2 - 4) = 2`. Since `box[3] >= box[1] + cost (3 >= 1 + 2)`, `box[3]` remains 3.\n  - Inner Loop (i = 3): Calculate `cost = abs(line[1] - line[4]) = abs(2 - 5) = 3`. Since `box[4] >= box[1] + cost (inf >= 1 + 3)`, update `box[4] = 4`.\n\n- Third Outer Loop (x = 2):\n  - Inner Loop (i = 1): Calculate `cost = abs(line[2] - line[3]) = abs(3 - 4) = 1`. Since `box[3] >= box[2] + cost (3 >= 2 + 1)`, `box[3]` remains 3.\n  - Inner Loop (i = 2): Calculate `cost = abs(line[2] - line[4]) = abs(3 - 5) = 2`. Since `box[4] >= box[2] + cost (4 >= 2 + 2)`, `box[4]` remains 4.\n  - Inner Loop (i = 3): Calculate `cost = abs(line[2] - line[5]) = abs(3 - inf) = inf`. `box[5]` remains 'inf' as no update condition is met.\n\n- Fourth Outer Loop (x = 3):\n  - Inner Loop (i = 1): Calculate `cost = abs(line[3] - line[4]) = abs(4 - 5) = 1`. Since `box[4] >= box[3] + cost (4 >= 3 + 1)`, `box[4]` remains 4.\n  - Inner Loop (i = 2): Calculate `cost = abs(line[3] - line[5]) = abs(4 - inf) = inf`. `box[5]` remains 'inf' as no update condition is met.\n  - Inner Loop (i = 3): Calculate `cost = abs(line[3] - line[6]) = abs(4 - inf) = inf`. `box[6]` remains 'inf' as no update condition is met.\n\n- Fifth Outer Loop (x = 4):\n  - Inner Loop (i = 1): Calculate `cost = abs(line[4] - line[5]) = abs(5 - inf) = inf`. `box[5]` remains 'inf' as no update condition is met.\n  - Inner Loop (i = 2): Calculate `cost = abs(line[4] - line[6]) = abs(5 - inf) = inf`. `box[6]` remains 'inf' as no update condition is met.\n  - Inner Loop (i = 3): Calculate `cost = abs(line[4] - line[7]) = abs(5 - inf) = inf`. `box[7]` remains 'inf' as no update condition is met.\n\nObservation 5: Set 3 is eliminated because it does not include line 9 which is executed in the nested loops.\n\nStep 6: Final Statement:\nThe program exits the loops and prints the value of `box[n-1]`, which corresponds to `box[5-1] = box[4]`. The value is 4.\nObservation 6: Only Sets 1 and 2 remain applicable but set 2 is missing line 11, which is executed at least once during the loops.\n\nFINAL CODE COVERAGE:\nSet 2: Statements 1, 2, 3, 4, 5, 6, 7, 8, 9, 10, 12",
                "response_time": 20.101428508758545,
                "input_tokens": 705,
                "output_tokens": 814
            },
            {
                "test_case_id": 2,
                "test_case_inputs": "Test Case Input:\n0 0",
                "crispe_response": "PLAN:\n\nStep 1: Input Processing:\nThe program begins by reading two integers, `n` and `k`, from the input. In this test case, both `n` and `k` are given as 0. \nObservation 1: Only line 1 is executed as the initial setup for `n` and `k`. All sets of code coverage are still applicable since they all include line 1.\n\nStep 2: Processing the `line` List:\nSince `n` is 0, the next input line is an empty list. The list comprehension in line 2 will not modify an empty input list.\nObservation 2: Line 2 is executed to process the empty list, and all sets of code coverage include line 2, so they remain applicable.\n\nStep 3: Extending the `line` List:\nThe program attempts to extend the `line` list with `k` instances of `inf`. However, since `k` is 0, this operation does not modify the list because there are no elements to add.\nObservation 3: Line 3 is executed, extending the list with 0 instances of `inf`. All sets of code coverage include line 3, so they remain applicable.\n\nStep 4: Initializing the `box` List:\nA `box` list is initialized with `n + k` instances (0 instances in this case) of `inf`. Then, the 0th position of `box` is set to 0. Since `n + k` equals 0, `box` starts as an empty list. However, after setting `box[0] = 0`, it contains a single element, 0.\nObservation 4: Line 4 and line 5 are executed to initialize and set the 0th index of `box`. All sets of code coverage include lines 4 and 5, so they remain applicable.\n\nStep 5: Outer Loop through `line` List:\nThe outer loop iterating over `range(n)` will not commence because `n` is 0, implying an empty range. Therefore, the nested loop and subsequent cost calculation logic inside the loop are not executed.\nObservation 5: Lines 6 to 11 are not executed due to `n` being 0, which affects all observed sets since line 12 is executed at the very end. Sets that include lines 6 to 12 will be excluded.\n\nStep 6: Printing the Result:\nFinally, the program attempts to print `box[n-1]`, which is `box[-1]` since `n` is 0. This call will print the only element in `box`, which is 0.\nObservation 6: Line 12 is reached and executed, which only set 4 includes among the observed sets, as sets without lines 6 through 11 must include line 12.\n\nFINAL CODE COVERAGE:\nSet 4: Statements 1, 2, 3, 4, 5, 6, 7, 12",
                "response_time": 8.119794130325317,
                "input_tokens": 700,
                "output_tokens": 417
            }
        ],
        "serialized_code": "Line 1: n,k = map(int,input().split())\nLine 2: line = list(map(int,input().split()))\nLine 3: inf = float('inf')\nLine 4: line.extend([inf for i in range(k)])\nLine 5: box = [inf for i in range(n + k)]\nLine 6: box[0] = 0\nLine 7: for x in range(n):   \nLine 8:   for i in range(1,k+1):\nLine 9:     cost = abs(line[x] - line[x+i])\nLine 10:     if box[x+i] >= box[x] + cost:\nLine 11:       box[x+i] = box[x] + cost\nLine 12: print(box[n-1])\n",
        "test_case_id": "1"
    }
]