[
    {
        "submission_id": "s972950978",
        "methods_removed": 0,
        "methods_removed_names": [],
        "number_of_calls": {},
        "lines_affected": {},
        "focc": [
            "Set 1: Statements 1, 2, 3, 4, 5, 6, 7, 8, 9, 10",
            "Set 2: Statements 1, 2, 3, 4, 5, 6, 7, 8, 10",
            "Set 3: Statements 1, 2, 3, 4, 5, 7, 8, 9, 10",
            "Set 4: Statements 1, 2, 3, 4, 5, 7, 8, 10"
        ],
        "code": "n = int(input())\nans = []\nA = list(map(int,input().split()))\nA2 = [[0,i+1] for i in range(n)]\nfor i in range(n):\n\tA2[i][0] = A[i]\nA2 = sorted(A2,key = lambda x:x[0])\nfor i in range(n):\n\tans.append(A2[i][1])\nprint(*ans)",
        "test_cases": [
            {
                "test_case_id": 1,
                "test_case_inputs": "Test Case Input:\n5\n3 1 4 2 5",
                "crispe_response": "To determine which set of statements will be covered by the given test case for the provided Python program, let's analyze the program step by step based on the test case input.\n\n### Given Python Program:\n1. `n = int(input())`\n2. `ans = []`\n3. `A = list(map(int, input().split()))`\n4. `A2 = [[0, i+1] for i in range(n)]`\n5. `for i in range(n):`\n6. `    A2[i][0] = A[i]`\n7. `A2 = sorted(A2, key=lambda x: x[0])`\n8. `for i in range(n):`\n9. `    ans.append(A2[i][1])`\n10. `print(*ans)`\n\n### Test Case Input:\n```\n5\n3 1 4 2 5\n```\n\n### Plan and Observations:\n\n**Step 1: Input Processing**\n- The program starts by reading an integer input for `n`. Here, `n` becomes `5`.\n- Next, a list `A` is created by reading `n` integers from input: `[3, 1, 4, 2, 5]`.\n- **Observation 1:** Statements 1 and 3 are executed. All sets include these statements, so no sets can be eliminated yet.\n\n**Step 2: Initializing `A2`**\n- The list comprehension creates `A2` with `n` sublists initialized to `[0, i+1]`, resulting in `A2 = [[0, 1], [0, 2], [0, 3], [0, 4], [0, 5]]`.\n- **Observation 2:** Statement 4 is executed. All sets contain this statement as well.\n\n**Step 3: Updating `A2` with Elements from `A`**\n- The for-loop iterates over `n` elements, updating the first element in each sublist of `A2` with the corresponding element from `A`. After the loop, `A2 = [[3, 1], [1, 2], [4, 3], [2, 4], [5, 5]]`.\n- **Observation 3:** Statements 5 and 6 are executed. Set 2 doesn't include statement 6 (inside the loop), so it can be eliminated.\n\n**Step 4: Sorting `A2`**\n- The `sorted` function sorts `A2` by the first element of each sublist. The sorted `A2 = [[1, 2], [2, 4], [3, 1], [4, 3], [5, 5]]`.\n- **Observation 4:** Statement 7 is executed. All remaining sets include statement 7.\n\n**Step 5: Creating `ans` List**\n- The second for-loop appends the second element from each sublist of sorted `A2` to `ans`, resulting in `ans = [2, 4, 1, 3, 5]`.\n- **Observation 5:** Statements 8 and 9 are executed. Set 3 can be eliminated since it doesn't include statement 6 (also inside a loop), and it doesn't have statement 9 (appending to list).\n\n**Step 6: Printing the Result**\n- Finally, the program prints `ans`, which outputs `2 4 1 3 5`.\n- **Observation 6:** Statement 10 is executed. The only remaining set, Set 4, includes this statement.\n\n### Final Code Coverage:\n**Set 4: Statements 1, 2, 3, 4, 5, 7, 8, 10**\n\nThis reasoning process identifies the best-fitting code coverage set for the given test case as Set 4.",
                "response_time": 10.693755149841309,
                "input_tokens": 684,
                "output_tokens": 445
            },
            {
                "test_case_id": 2,
                "test_case_inputs": "Test Case Input:\n5\n1 2 3 4 5.5",
                "crispe_response": "PLAN:\n\nStep 1: Input Processing:\nThe program takes an integer input `n` (line 1) and a list of integers (line 3), which should contain `n` elements. However, the test case provides a non-integer (5.5) in the list of numbers. Since the input list does not strictly contain integers, a `ValueError` will occur when trying to convert \"5.5\" to an integer using `map(int, input().split())` in line 3.\n\nObservation 1: An error occurs in line 3 due to invalid input, meaning none of the provided sets will fully match the executed lines in case of this input. Therefore, none of the sets cover this specific scenario involving an exception being raised.\n\nFINAL CODE COVERAGE:\nSet 1, 2, 3, 4: None of the sets are applicable due to the error occurring in line 3, which is outside the consideration of the given sets, causing the program to terminate before any further lines are executed. This input results in an exception and hence does not match with any of the predefined sets.",
                "response_time": 6.487112283706665,
                "input_tokens": 684,
                "output_tokens": 168
            }
        ],
        "serialized_code": "Line 1: n = int(input())\nLine 2: ans = []\nLine 3: A = list(map(int,input().split()))\nLine 4: A2 = [[0,i+1] for i in range(n)]\nLine 5: for i in range(n):\nLine 6: \tA2[i][0] = A[i]\nLine 7: A2 = sorted(A2,key = lambda x:x[0])\nLine 8: for i in range(n):\nLine 9: \tans.append(A2[i][1])\nLine 10: print(*ans)\n",
        "test_case_id": "1"
    }
]