[
    {
        "submission_id": "s706266410",
        "methods_removed": 0,
        "methods_removed_names": [],
        "number_of_calls": {},
        "lines_affected": {},
        "focc": [
            "Set 1: Statements 1, 2, 3, 6, 8, 11, 12",
            "Set 2: Statements 1, 2, 3, 6"
        ],
        "code": "a = [True for i in range(1000000)]\ni = 3\nwhile i * i < 1000000:\n    for j in range(3 * i, 1000000, 2 * i): a[j] = False\n    i += 2\nwhile True:\n    try:\n        n = int(input())\n    except:\n        break\n    count = int(n >= 2) + sum(a[i] for i in range(3, n + 1, 2))\n    print(count)",
        "test_cases": [
            {
                "test_case_id": 1,
                "test_case_inputs": "Test Case Input:\n5",
                "crispe_response": "To determine the appropriate set of code coverage for the given Python program and test case input, we need to analyze the program step by step and eliminate non-applicable sets based on the observed coverage. \n\n**GIVEN PYTHON PROGRAM**:\n```python\na = [True for i in range(1000000)]  # Line 1\ni = 3  # Line 2\nwhile i * i < 1000000:  # Line 3\n    for j in range(3 * i, 1000000, 2 * i): a[j] = False  # Line 4\n    i += 2  # Line 5\nwhile True:  # Line 6\n    try:  # Line 7\n        n = int(input())  # Line 8\n    except:  # Line 9\n        break  # Line 10\n    count = int(n >= 2) + sum(a[i] for i in range(3, n + 1, 2))  # Line 11\n    print(count)  # Line 12\n```\n\n**GIVEN POSSIBLE SETS OF CODE COVERAGE**:\n1. Statements 1, 2, 3, 6, 8, 11, 12\n2. Statements 1, 2, 3, 6\n\n**GIVEN TEST CASE INPUT**:\n5\n\n**Step-By-Step Reasoning**:\n\n**Step 1: Initialization**\n- The program begins with the initialization of the list `a` with 1,000,000 `True` values. This corresponds to line 1 in the program.\n- Observation 1: Both sets (1 and 2) are applicable as they both include line 1.\n\n**Step 2: Begin the Sieve Algorithm**\n- The program initializes `i` to 3 (line 2) and starts a `while` loop (line 3) intended to mark non-prime numbers in the list `a`. \n- Observation 2: Both sets include lines 2 and 3, so they remain applicable.\n\n**Step 3: Inner Loop Execution**\n- The inner `for` loop begins marking numbers as non-prime by setting `a[j] = False`. The loop continues until `i * i < 1,000,000` is false.\n  - This loop works to mark composites by iterating from `3*i` to 1,000,000, skipping by `2*i`. \n- Observation 3: No additional execution distinction between sets yet, as line 4 and line 5 are not in the given sets.\n\n**Step 4: User Input and Counting Primes**\n- The program enters another `while` loop (line 6) that waits for user input. Using a `try-except` block, it attempts to read a number (`n`), and calculates primes up to `n` using the list `a`. \n  - Since the given test case input is `5`, the `try` block is reached. This indicates line 8 is executed when processing the input.\n- Observation 4: At this point, set 1 is more applicable as it includes line 8 and accounts for subsequent actions.\n\n**Step 5: Count Primes Calculation**\n- The `count` variable is calculated (line 11) as the number of primes up to `n`. It calculates by checking each number up to 5 and summing true values indicating primality.\n  - Line 11 handles this calculation and since `5` is a valid input, it will print the number of primes (line 12). \n- Observation 5: Set 1 accounts for both line 11 and line 12, reflecting this counting and printing operation.\n\n**Step 6: Finalization**\n- The given input `5` should cause the program to reach through lines involved in processing the `while` loop for input, calculation, and output.\n\n**FINAL CODE COVERAGE**:\nSet 1: Statements 1, 2, 3, 6, 8, 11, 12\n\nThis set accurately reflects the operations that are involved in handling the given test case input up to the counting of primes. Set 2 is less applicable here as it does not cover the input handling and subsequent counting correctly.",
                "response_time": 17.060418128967285,
                "input_tokens": 671,
                "output_tokens": 560
            },
            {
                "test_case_id": 2,
                "test_case_inputs": "Test Case Input:\nabc",
                "crispe_response": "Here is the step-by-step reasoning for determining the set of statements that will be covered by the given test case:\n\n### Plan:\n\n**Step 1: Initialization**  \nThe program begins with an initialization of an array `a` with `True` values for indices from 0 to 999,999. The first two lines are:\n- `a = [True for i in range(1000000)]`\n- `i = 3`\n\n**Observation 1:**  \nBoth possible sets include statements 1 and 2, meaning they account for the execution of these initialization steps.\n\n**Step 2: First While Loop Execution**  \nThe first while loop is defined as `while i * i < 1000000:`. In this loop, `i` starts at 3 and keeps incrementing by 2 after each iteration. This continues until `i * i` is no longer less than 1,000,000. Inside the loop, another for loop updates elements of array `a` to `False` for non-prime indices starting at `3 * i`.\n\n**Observation 2:**  \nBoth possible sets, 1 and 2, account for the execution of the first while loop and the nested for loop (i.e., statement 3). Therefore, both remain applicable at this stage.\n\n**Step 3: Second While Loop and Input Handling**  \nThe second while loop, `while True:`, processes input until an exception is raised. This loop contains:\n- A try-except block to manage input parsing and termination.\n- Parsing the input with `n = int(input())`.\n- Catching exceptions and breaking the loop with `except: break`.\n\n**Test Case Specific Observation:**  \nFor the given test case input `\"abc\"`, an exception will be triggered as it's not possible to convert `\"abc\"` into an integer using `int(input())`.\n\n**Observation 3:**  \n- When `int(input())` raises a `ValueError` (or a similar exception), the except block will be executed, breaking the loop.\n- Therefore, statements 6 (the start of the second while loop) and 8 (the except block with `break`) are both executed as per the given test case.\n\nSince both possible sets include statement 6, both are still in consideration at this point. However, for statement 8 specifically (the `break` within except), only Set 1 includes this part.\n\n**Final Observation and Conclusion:**  \n- Since the test case input `\"abc\"` leads directly to the exception and breaking out of the input loop, only Set 1 includes the execution of this scenario with statement 8.\n\n### Final Code Coverage:  \n**Set 1:** Statements 1, 2, 3, 6, 8, 11, 12",
                "response_time": 15.023750305175781,
                "input_tokens": 671,
                "output_tokens": 387
            }
        ],
        "serialized_code": "Line 1: a = [True for i in range(1000000)]\nLine 2: i = 3\nLine 3: while i * i < 1000000:\nLine 4:     for j in range(3 * i, 1000000, 2 * i): a[j] = False\nLine 5:     i += 2\nLine 6: while True:\nLine 7:     try:\nLine 8:         n = int(input())\nLine 9:     except:\nLine 10:         break\nLine 11:     count = int(n >= 2) + sum(a[i] for i in range(3, n + 1, 2))\nLine 12:     print(count)\n",
        "test_case_id": "1"
    }
]