[
    {
        "submission_id": "s356417305",
        "methods_removed": 0,
        "methods_removed_names": [],
        "number_of_calls": {},
        "lines_affected": {},
        "focc": [
            "Set 1: Statements 1, 2, 8, 9, 10, 11, 12, 13, 14, 24",
            "Set 2: Statements 1, 2, 8, 9, 10, 11, 12, 13, 15, 17, 24",
            "Set 3: Statements 1, 2, 8, 9, 10, 11, 12, 13, 15, 20, 21, 24",
            "Set 4: Statements 1, 2, 8, 9, 10, 11, 12, 13, 15, 20, 22, 23, 24",
            "Set 5: Statements 1, 2, 8, 9, 10, 11, 12, 13, 15, 20, 22, 24",
            "Set 6: Statements 1, 2, 8, 9, 10, 24"
        ],
        "code": "from collections import deque\ndef pr(a):\n    for i in range(len(a)):\n        if i == len(a)-1:\n            print(a[i])\n        else:\n            print(a[i],end = \" \")\nn = int(input())\nq = deque()\nfor i in range(n):\n    x = input()\n    l = len(x)\n    if x[0] == \"i\":\n        q.insert(0,x[7:])\n    elif x[6] == \" \":\n        try:\n            q.remove(x[7:])\n        except:\n            pass\n    elif l > 10:\n        q.popleft()\n    elif l > 6:\n        q.pop()\nprint(*q)",
        "test_cases": [
            {
                "test_case_id": 1,
                "test_case_inputs": "Test Case Input:\n5\ninsert 0 1\ninsert 0 2\nremove 1\nremove 2\npop",
                "crispe_response": "PLAN:\n\n**Step 1: Initial Setup and Input Processing:**\n\n1. The program imports `deque` from the `collections` module (implicit in code execution).\n2. The function `pr(a)` is defined but not called in this specific test case.\n3. The program reads an integer input `n`, which specifies the number of operations. In the test case, `n = 5`.\n\n**Observation 1:** All sets contain statements 1 and 2 so far since the input of `n` is read.\n\n**Step 2: Looping through Operations:**\n\nThe program enters a loop that will iterate 5 times, once for each operation specified in the input.\n\n**Observation 2:** All sets still apply since they all include statement 8 (loop start).\n\n**Step 3: Processing Individual Operations:**\n\n- **First Operation (\"insert 0 1\"):**\n  - The string \"insert 0 1\" is read.\n  - `len(\"insert 0 1\")` is greater than 6, so the condition in statement 11 applies (`x[0] == \"i\"`).\n  - Statement 12 executes `q.insert(0, \"1\")`.\n\n**Observation 3:** Sets 1, 2, 3, 4, 5 apply, as they have statements 11, 12.\n\n- **Second Operation (\"insert 0 2\"):**\n  - The string \"insert 0 2\" is read.\n  - Similar to the first operation, `len(\"insert 0 2\")` is greater than 6, making statement 11 valid.\n  - Statement 12 executes `q.insert(0, \"2\")`.\n\n**Observation 4:** Sets 1, 2, 3, 4, 5 still apply, as they include statements 11, 12.\n\n- **Third Operation (\"remove 1\"):**\n  - The string \"remove 1\" is read, with `len(\"remove 1\")` being greater than 6.\n  - `x[6] == \" \"` condition in statement 13 evaluates to true.\n  - Try block invokes `q.remove(\"1\")`. Successful, so no exception block executed.\n\n**Observation 5:** Sets 2, 3, 4, 5 apply, since they all have statements 13, 15 (note set 1 is eliminated as it ends at statement 14).\n\n- **Fourth Operation (\"remove 2\"):**\n  - Similarly, string \"remove 2\" satisfies the condition in statement 13.\n  - Try block executes `q.remove(\"2\")` successfully.\n\n**Observation 6:** Sets 2, 3, 4, 5 continue to apply, having statements 13, 15.\n\n- **Fifth Operation (\"pop\"):**\n  - The string \"pop\" is input with a length of 3.\n  - Statement 20 executes `q.pop()` since length of input string `l` is greater than 2. `pop` is successful as the deque is empty.\n\n**Observation 7:** Sets 3, 4, 5 match our execution so far, containing statement 20.\n\n**Step 4: End of Program:**\n\nAfter completing all operations, statement 24 executes, which prints the contents of the deque using `print(*q)`.\n\n**Observation 8:** All currently evaluated sets (3, 4, and 5) still apply because they conclude with the execution of statement 24.\n\n**Step 5: Choose Best Fit:**\n\nStatement 22 (else case) is not executed since it only applies for strings longer than 10 characters, which our test inputs do not include.\n\n**Observation 9:** Set 3 is the best fit since it does not include statement 22 or 23.\n\n**FINAL CODE COVERAGE:**\n\n**Set 3:** Statements 1, 2, 8, 9, 10, 11, 12, 13, 15, 20, 21, 24",
                "response_time": 19.837668895721436,
                "input_tokens": 748,
                "output_tokens": 484
            },
            {
                "test_case_id": 2,
                "test_case_inputs": "Test Case Input:\n3\ninsert 0\nremove 1\npop 2",
                "crispe_response": "PLAN:\n\n**Step 1: Input Processing:**\n- The program starts with reading an integer `n` indicating the number of commands. In the test case, `n = 3`.\n- Observation 1: The input reading operation corresponds to line 8 (reading `n`) and line 9 (initializing deque). All sets include lines 8 and 9.\n\n**Step 2: Loop for Command Processing:**\n- The loop runs for `n` times (here, 3 times).\n- Observation 2: Line 10 (loop start) and line 11 (read command `x`) are executed each iteration, making all sets applicable so far.\n\n**Step 3: First Command - \"insert 0\":**\n- The command `\"insert 0\"` makes `l` equal to 8.\n- The condition `if x[0] == \"i\"` in line 12 is true; hence, line 13 executes and inserts `\"0\"` at the start of `q`.\n- Observation 3: At this point, sets 1, 2, 3, 4, 5 are applicable since they include line 12 and line 13.\n\n**Step 4: Second Command - \"remove 1\":**\n- The command `\"remove 1\"` makes `l` equal to 8.\n- The condition `elif x[6] == \" \"` in line 15 is true; line 17 is tried, attempting to remove `\"1\"` from `q`. Since `\"1\"` doesn't exist in `q`, it passes without action.\n- Observation 4: Sets 2, 3, 4, and 5 remain applicable, as they account for the condition at line 15.\n\n**Step 5: Third Command - \"pop 2\":**\n- The command `\"pop 2\"` makes `l` equal to 5.\n- With `l` being greater than 6 (`elif l > 6:` on line 20 is false), no condition matches for a \"pop\" followed by a condition with `l > 10` being false too. Therefore, `pop` action at line 22 executes.\n- Observation 5: Sets 4 and 5 are applicable since they reach line 22 for executing `pop`.\n\n**Step 6: Printing the Final Queue:**\n- After processing all commands, line 24 executes to print the contents of the deque `q`.\n- Observation 6: Only sets containing line 24 as well are viable, thus sets 4 and 5 remain.\n\n**Step 7: Final Decision:**\n- Among sets 4 and 5, set 5 also includes statement execution for `pop` from `l > 10` (lines 22), aligning with no commands like `PPOP` meeting \"l > 10\" in the cmd list.\n- Thus, Set 5 is validated due to command execution without additionally unused condition handling.\n\n**FINAL CODE COVERAGE:**\nSet 5: Statements 1, 2, 8, 9, 10, 11, 12, 13, 15, 20, 22, 24",
                "response_time": 40.71648025512695,
                "input_tokens": 743,
                "output_tokens": 408
            }
        ],
        "serialized_code": "Line 1: from collections import deque\nLine 2: def pr(a):\nLine 3:     for i in range(len(a)):\nLine 4:         if i == len(a)-1:\nLine 5:             print(a[i])\nLine 6:         else:\nLine 7:             print(a[i],end = \" \")\nLine 8: n = int(input())\nLine 9: q = deque()\nLine 10: for i in range(n):\nLine 11:     x = input()\nLine 12:     l = len(x)\nLine 13:     if x[0] == \"i\":\nLine 14:         q.insert(0,x[7:])\nLine 15:     elif x[6] == \" \":\nLine 16:         try:\nLine 17:             q.remove(x[7:])\nLine 18:         except:\nLine 19:             pass\nLine 20:     elif l > 10:\nLine 21:         q.popleft()\nLine 22:     elif l > 6:\nLine 23:         q.pop()\nLine 24: print(*q)\n",
        "test_case_id": "1"
    },
    {
        "submission_id": "s356417305",
        "methods_removed": 1,
        "methods_removed_names": [
            "pr"
        ],
        "number_of_calls": {
            "pr": 0
        },
        "lines_affected": {
            "pr": []
        },
        "focc": [
            "Set 1: Statements 1, 2",
            "Set 2: Statements 1, 2",
            "Set 3: Statements 1, 2",
            "Set 4: Statements 1, 2",
            "Set 5: Statements 1, 2",
            "Set 6: Statements 1, 2"
        ],
        "code": "from collections import deque",
        "test_cases": [
            {
                "test_case_id": 1,
                "test_case_inputs": "Test Case Input:\n5\ninsert 0 1\ninsert 0 2\nremove 1\nremove 2\npop",
                "crispe_response": "To generate a step-by-step reasoning and determine the best set of statements covered by the given test case for the Python program involving `deque`, we first need to infer the given code. Based on the provided scenario, here's the possible program layout and reasoning:\n\n### INFERRED PROGRAM\n```python\nfrom collections import deque\n\n# Assuming general structure based on test case operations\nd = deque()\nnumber_of_operations = int(input())\n\nfor _ in range(number_of_operations):\n    command = input().split()\n    if command[0] == 'insert':\n        d.insert(int(command[1]), int(command[2]))\n    elif command[0] == 'remove':\n        d.remove(int(command[1]))\n    elif command[0] == 'pop':\n        d.pop()\n```\n\n### PLAN\n\n**Step 1: Initialization and Input Processing**\n\n- **Execution**: The program begins by importing `deque` and likely initializes a deque.\n- **Reasoning**: The statements for `import deque` and deque initialization would execute.\n- **Observation 1**: Without explicit code lines, it seems that all possible sets (1 through 6) initially assume these initial steps.\n\n**Step 2: Processing the Number of Operations**\n\n- **Execution**: The program reads the number of operations from input.\n- **Reasoning**: This assumes there's a line for reading input and possibly storing it, as per typical programs, to loop the specified number of times.\n- **Observation 2**: All sets still remain applicable as they do not differentiate based on number reading.\n\n**Step 3: Iterating and Executing Commands**\n\n- **Execution**: For each input command such as `insert`, `remove`, or `pop`, the corresponding operations will be performed on the deque.\n  \n  a. First Command: `insert 0 1`\n  - **Execution**: This command inserts `1` at position `0`, affecting program flow to cover the `insert` logic.\n  - **Reasoning**: Execution reaches wherever logic for `insert` is defined.\n  \n  b. Second Command: `insert 0 2`\n  - **Execution**: Inserts `2` at position `0` and the `insert` path is executed again.\n  \n  c. Third Command: `remove 1`\n  - **Execution**: The logic for `remove` gets executed.\n  \n  d. Fourth Command: `remove 2`\n  - **Execution**: Again `remove` path with `2`.\n  \n  e. Fifth Command: `pop`\n  - **Execution**: Executes a `pop`.\n  \n- **Reasoning**: Logic for conditions under each command type would be exercised.\n\n**Step 4: End of Loop Processing**\n\n- **Execution**: Once all operations are executed, assuming the loop exits.\n- **Reasoning**: The logic that concludes after processing all commands.\n\n### FINAL CODE COVERAGE\n\nGiven the nature of the operations executed in test input:\n\n1. **Import Statement**: Always necessary for deque operations.\n2. **Insert Operations**: Must be covered for the test inputs `insert 0 1` and `insert 0 2`.\n3. **Remove Operations**: Both `remove 1` and `remove 2` necessitate remove logic.\n4. **Pop Operation**: Covers the `pop` case as well.\n\nConsidering these, the set of statements directly correlates operations matched throughout the process. However, the original sets provided do not contain detailed breakdowns of conditions. Assuming a realignment of logical sets, typically actual test coverage mapping would narrow it to a set that emphasizes detailed nuanced command handling. With limited context, a broad scope indicates interactivity, defaulting to any inferred set covering all operations:\n\n**FINAL SET** (Hypothetical as per reasoning):\nThis would defer to practical sets that combine insert, remove, pop logic, assuming coverage and line references exist. Yet results here assume equal reflection across 1-6 sets you provided. If this was an exercise in reasoning context only (meaning existing statement sets have no explicit correlation output), reevaluations rendered left unchanged initially as per step cadence confirming constant applicability for the provided scenario given lack of specific line references; hence landing on `Set 1` as a representative choice to conclude uniformly assumed engagement due to insufficient disambiguation potential identified.",
                "response_time": 9.243943452835083,
                "input_tokens": 639,
                "output_tokens": 577
            },
            {
                "test_case_id": 2,
                "test_case_inputs": "Test Case Input:\n3\ninsert 0\nremove 1\npop 2",
                "crispe_response": "To provide the best set of statements covered by the test case for the given program, let's first understand the flow of the program based on the test input and then create a step-by-step reasoning process to eliminate non-applicable code coverage sets. However, you've only provided partial information where there are no lines of code associated with the possible sets of code coverage. Assuming the fictitious context and based on the provided input statements which mimic operations on a deque, I will sketch out a reasoning:\n\n**ASSUMED PYTHON PROGRAM:**\n\n```python\nfrom collections import deque\n\noperations = deque()  # Creating a deque structure for operations or numbers\n\ndef process_command(command):\n    action, value = command.split()\n    if action == \"insert\":\n        operations.appendleft(int(value))\n    elif action == \"remove\" and int(value) in operations:\n        operations.remove(int(value))\n    elif action == \"pop\":\n        if operations:\n            operations.pop()\n\ncommands = [\"insert 0\", \"remove 1\", \"pop 2\"]\n\nfor command in commands:\n    process_command(command)\n\nprint(list(operations))\n```\n\n**TEST CASE INPUT:**\n```\n3\ninsert 0\nremove 1\npop 2\n```\n\n**GIVEN POSSIBLE SETS OF CODE COVERAGE:**\n- Set 1: Statements 1, 2\n- Set 2: Statements 1, 2\n- Set 3: Statements 1, 2\n- Set 4: Statements 1, 2\n- Set 5: Statements 1, 2\n- Set 6: Statements 1, 2\n\n**PLAN:**\n\n**Step 1: Initial Setup:**\n- The `deque` is initialized: This means that line 2 of our assumed code is executed to create a deque object.\n- **Observation:** All Sets 1-6 include some initialization and therefore remain equally viable given that all have statements 1 and 2.\n\n**Step 2: Processing Commands:**\n- First command \"insert 0\" is processed:\n  - The `insert` command directs the program to append `0` at the start of the deque.\n  - **Observation:** Future steps based on modifying or checking the deque are viable and all sets are still theoretically possible.\n\n**Step 3: Remove Operation:**\n- Second command \"remove 1\":\n  - The `remove` command attempts to remove `1`, but since `1` is not in the deque, nothing changes.\n  - **Observation:** If sets reflect removal attempt or edge case handling when the element is not present, the more detailed processing sets become apparent.\n\n**Step 4: Pop Operation:**\n- Third command \"pop 2\":\n  - `pop` is intended to remove elements from the right end of the deque, but its action is generic (ignoring integers next to pop in real code might suggest ill-format or literal ignore), so the `pop` removes an existing element `0`.\n  - **Observation:** Command processing loops or error handling would manifest in more comprehensive sets including such statements.\n\n**Step 5: Command Process Completion:**\n- Line print operation:\n  - Final `print` lists current deque status, potentially an empty list.\n  - **Observation:** The deque operations reflect simulated tests on known structures; hence, those sets which include print or output management are preferred.\n\n**FINAL CONCLUSION:**\n\nWithout specific directive line numbers beyond initialization, it is inferred broadly that all processes being invoked reflect a program which embodies functional deque operations with commands. Therefore, given Steps 2 through 5 and full analysis with understanding integral deque management operation, resultant set selection is ambiguous until actual program lines vs possible operations correspond directly with a set's full outline.\n\nEssentially, due to duplicative Set references, without unique indices/path indicators, each remains equally hypothesized until differentiated with exact line-by-line correspondence to your program description.",
                "response_time": 16.298672914505005,
                "input_tokens": 634,
                "output_tokens": 542
            }
        ],
        "serialized_code": "Line 1: from collections import deque\n",
        "test_case_id": "2"
    }
]