[
    {
        "submission_id": "s299206757",
        "methods_removed": 0,
        "methods_removed_names": [],
        "number_of_calls": {},
        "lines_affected": {},
        "focc": [
            "Set 1: Statements 1, 2, 3, 4, 5, 7",
            "Set 2: Statements 1, 2, 3, 4, 5, 10"
        ],
        "code": "H,N = map(int,input().split())\nspells = [tuple(map(int,input().split())) for _ in range(N)]\nmax_a = max(spells)[0]\ndp = [0]\nfor i in range(1, H + max_a + 1):\n  try:\n    dp.append(min([dp[i - a] + b for a,b in spells if a <= i]))\n  except ValueError:\n    dp.append(10**8)\nprint(min(dp[H:]))",
        "test_cases": [
            {
                "test_case_id": 1,
                "test_case_inputs": "Test Case Input:\n5 3\n1 10\n3 5\n2 7",
                "crispe_response": "To determine which set of code coverage applies to the given test case, we will analyze the program step-by-step and progressively eliminate non-applicable code coverage sets based on the reasoning for the provided test case.\n\n### Test Case Input:\n- **H** = 5\n- **N** = 3\n- Spells Input:\n  - (1, 10)\n  - (3, 5)\n  - (2, 7)\n\n### Plan:\n#### Step 1: Initial Input Processing\n- **Statement 1**: `H, N = map(int, input().split())` is executed to read `H` and `N`.\n- **Statement 2**: `spells = [tuple(map(int, input().split())) for _ in range(N)]` is executed to populate the `spells` list with tuples.\n  \n**Observation 1**: Both possible sets, 1 and 2, are applicable as both include lines 1 and 2 for input processing.\n\n#### Step 2: Determine Maximum Attack Value\n- **Statement 3**: `max_a = max(spells)[0]` finds the maximum `a` value from the `spells` list, which is `3`.\n\n**Observation 2**: Both sets remain applicable after executing line 3 since both include this statement.\n\n#### Step 3: Initialize Dynamic Programming (DP) Array\n- **Statement 4**: `dp = [0]` initializes the `dp` list with a zero.\n  \n**Observation 3**: Both sets are still viable as they both account for the initialization of `dp` (line 4).\n\n#### Step 4: Populate the DP Array\n- **Execution Loop (Statement 5)**: The loop runs from `i = 1` to `i = H + max_a + 1`.\n\n  - For each `i`, the list comprehension within the `try` block is executed:\n    - It calculates the minimum cost to achieve at least `i` health using available spells, considering only spells with `a <= i`.\n    - The minimum cost is appended to `dp`.\n\n  - If the list comprehension raises a `ValueError` (i.e., no spells satisfy `a <= i`), a large number `10**8` is appended to `dp` instead.\n\n- This loop successfully processes without a `ValueError` due to the input spells allowing combinations for all `i`.\n\n**Observation 4**: Since the list comprehension operations do not raise a `ValueError`, the `except` block (Statement 7) is never executed. Therefore, Set 1 is eliminated as it relies on the execution of line 7. \n\n#### Step 5: Output Final Result\n- **Statement 10**: `print(min(dp[H:]))` outputs the minimum value from the `dp` list starting at index `H`.\n\n**Observation 5**: Only Set 2 accounts for the successful execution path without exceptions, reaching the `print` statement at the end.\n\n### Final Code Coverage:\n**Set 2**: Statements 1, 2, 3, 4, 5, 10\n\nThis comprehensive reasoning confirms that Set 2 is the applicable code coverage, as it encompasses all successfully executed lines of code based on the given test case input, with no errors encountered during execution.",
                "response_time": 7.8064751625061035,
                "input_tokens": 666,
                "output_tokens": 436
            },
            {
                "test_case_id": 2,
                "test_case_inputs": "Test Case Input:\n-10 -20 -30\n10 20 30",
                "crispe_response": "To determine the code coverage for the given program with the specified test case, we can follow this step-by-step reasoning:\n\n### GIVEN TEST CASE INPUT\n- Test Case Input (H, N, spells): `-10 -20 -30` `10 20 30`\n\n### PLAN\n**Step 1: Input Processing**\n- The program begins by splitting the input into two parts: H, N, and the spells.\n- `H, N = map(int, input().split())`: This line attempts to convert the strings `-10 -20 -30` into integers. This will raise a `ValueError` because `-10` cannot be parsed as a single integer with two subsequent negative values.\n- Consequently, the program is expected to terminate here with an error.\n\n**Observation 1:**\n- The error occurs right at the input parsing line (the first statement). Therefore, none of the later lines (3, 4, 5, 7, 10) will be executed as the program execution halts due to the error.\n- Only the initial parsing (line 1) will be attempted, and since it will fail, the except condition for a `ValueError` will not be handled in the given code, indicating a termination error.\n\n**Step 2: Code Execution Decider**\n- Due to the input error, no further lines beyond the parsing line will be executed. We can eliminate all sets that assume execution proceeds beyond input parsing because the program stops on a `ValueError`.\n\n### FINAL CODE COVERAGE\nSet 1: The program will only attempt the input parsing and then encounter an error. This results in essentially covering line 1 where the parsing error occurs, leading to the error state, halting further execution.\n\nThus, the correct anticipated code coverage state is:\n**Set 1**: Error Occurrence (Line 1 where the error is encountered, leading to no additional functional execution). \n\nSince the immediate error prevents any program logic beyond parsing, no steps beyond input parsing achieve successful execution due to the erroneous input format.",
                "response_time": 4.151320457458496,
                "input_tokens": 664,
                "output_tokens": 308
            }
        ],
        "serialized_code": "Line 1: H,N = map(int,input().split())\nLine 2: spells = [tuple(map(int,input().split())) for _ in range(N)]\nLine 3: max_a = max(spells)[0]\nLine 4: dp = [0]\nLine 5: for i in range(1, H + max_a + 1):\nLine 6:   try:\nLine 7:     dp.append(min([dp[i - a] + b for a,b in spells if a <= i]))\nLine 8:   except ValueError:\nLine 9:     dp.append(10**8)\nLine 10: print(min(dp[H:]))\n",
        "test_case_id": "1"
    }
]