[
    {
        "submission_id": "s693412039",
        "methods_removed": 0,
        "methods_removed_names": [],
        "number_of_calls": {},
        "lines_affected": {},
        "focc": [
            "Set 1: Statements 1, 2, 3, 4, 5, 6, 7, 8, 9, 10, 11, 12, 13, 14, 15, 16, 17, 18, 19, 20, 21, 23, 24",
            "Set 2: Statements 1, 2, 3, 4, 5, 6, 7, 8, 9, 10, 11, 12, 13, 14, 15, 16, 17, 18, 19, 20, 21, 23, 28",
            "Set 3: Statements 1, 2, 3, 4, 5, 6, 7, 8, 9, 10, 11, 12, 13, 14, 15, 16, 17, 18, 19, 23, 24",
            "Set 4: Statements 1, 2, 3, 4, 5, 6, 7, 8, 9, 10, 11, 12, 13, 14, 15, 16, 17, 18, 19, 23, 28",
            "Set 5: Statements 1, 2, 3, 4, 5, 6, 7, 8, 9, 10, 11, 12, 13, 14, 15, 18, 19, 20, 21, 23, 24",
            "Set 6: Statements 1, 2, 3, 4, 5, 6, 7, 8, 9, 10, 11, 12, 13, 14, 15, 18, 19, 20, 21, 23, 28",
            "Set 7: Statements 1, 2, 3, 4, 5, 6, 7, 8, 9, 10, 11, 12, 13, 14, 15, 18, 19, 23, 24",
            "Set 8: Statements 1, 2, 3, 4, 5, 6, 7, 8, 9, 10, 11, 12, 13, 14, 15, 18, 19, 23, 28",
            "Set 9: Statements 1, 2, 3, 4, 5, 6, 7, 8, 11, 12, 13, 14, 15, 16, 17, 18, 19, 20, 21, 23, 24",
            "Set 10: Statements 1, 2, 3, 4, 5, 6, 7, 8, 11, 12, 13, 14, 15, 16, 17, 18, 19, 20, 21, 23, 28",
            "Set 11: Statements 1, 2, 3, 4, 5, 6, 7, 8, 11, 12, 13, 14, 15, 16, 17, 18, 19, 23, 24",
            "Set 12: Statements 1, 2, 3, 4, 5, 6, 7, 8, 11, 12, 13, 14, 15, 16, 17, 18, 19, 23, 28"
        ],
        "code": "n,m=map(int,input().split())\nX=sorted(list(map(int,input().split())))\ninit=[]\ntmp=0\ni=1\nif m<n:\n  n=m\nwhile i<len(X):\n  init.append([X[i]-X[i-1],i])\n  i+=1\ninit.sort(reverse=True,key=lambda x:x[0])\ninit=list(map(lambda x:x[1],init))\nans=0\ninit=sorted(init[:n-1])\nif len(init)==0:\n  print(X[-1]-X[0])\n  exit()\ntmp=0\nfor i in init:\n  ans+=(X[i-1]-X[tmp])\n  tmp=i\ntry:\n  if i!=len(X)-1:\n    ans+=X[-1]-X[i]\nexcept IndexError:\n  print(0)\n  exit()\nprint(ans)",
        "test_cases": [
            {
                "test_case_id": 1,
                "test_case_inputs": "Test Case Input:\n3 5\n1 2 3 4 5",
                "crispe_response": "To determine which set of code coverage best describes the statements executed by the given test case, we will break down the process step by step, analyzing which lines of code would be executed given the input \"3 5\" and the list \"1 2 3 4 5\".\n\n### PLAN:\n\n#### Step 1: Input Processing\n- Inputs are received: `n = 3`, `m = 5`.\n- A list `X` is created: `[1, 2, 3, 4, 5]`.\n- Lines of code executed: 1, 2, and 3.\n\n**Observation 1:** All sets of code coverage include lines 1, 2, and 3, so no sets are eliminated at this stage.\n\n#### Step 2: Adjust `n` Based on Comparison with `m`\n- Since `m` (5) is not less than `n` (3), `n` remains as 3.\n- Line executed: 5 (condition is false, so line 6 isn't executed).\n\n**Observation 2:** All sets include line 5, but they differ based on whether they include line 6. Line 6 is not executed because `m` is greater than `n`.\n\n#### Step 3: Generating Differences and Sorting\n- The loop starts with `i = 1`. Differences between adjacent elements in `X` are calculated and appended to `init` along with indices.\n- Loop increments `i`, iterating while `i < len(X)`:\n  - (2-1=1, index 1), (3-2=1, index 2), (4-3=1, index 3), (5-4=1, index 4)\n- Loop ends with `i = 5`.\n- Line execution: 9, 10, repeated multiple times until loop ends.\n\n**Observation 3:** All sets include lines 9 and 10. None are eliminated.\n\n#### Step 4: Sorting and Selecting Indexes\n- `init` is sorted by differences and indices: remains as `[(1,1), (1,2), (1,3), (1,4)]` due to equal differences.\n- `init` is then mapped to extract just indices, becoming `[1,2,3,4]`.\n- `init` is re-sorted to get the smallest `n-1` indices: `[1,2]` when `n=3`.\n- Lines executed: 11, 12, 13, 14, 15.\n\n**Observation 4:** No sets are eliminated; all include lines 11 through 15.\n\n#### Step 5: Calculate `ans` Based on `init`\n- Initialized `ans = 0`, `tmp = 0`.\n- For loop processes indices in `init`:\n  - For `i=1`: `ans += (X[0] - X[0]) = 0`, `tmp = 1`.  \n  - For `i=2`: `ans += (X[1] - X[1]) = 0`, `tmp = 2`.\n- Line execution: 18, 19 after both iterations.\n\n**Observation 5:** Sets that omit 18 and 19 are eliminated as these are executed with the init loop.\n\n#### Step 6: Handle Remaining Elements\n- Error handling to check if `i` equals (length of `X` - 1), where `i=2`, which is not true.\n- The try block line 20 is not executed; the except (lines 21 to 24) is not triggered since no IndexError occurs.\n- `ans+=(X[4]-X[2])` is executed: `ans = 2 + (5-3) = 4`.\n- Line execution: 20, 23, which involves printing the result.\n\n**Observation 6:** Set 24 is printed; lines 24 are included, eliminating sets that lack line 24.\n\n### FINAL CODE COVERAGE:\nBased on these observations, the final code coverage corresponds to the set containing all lines executed up to line 24. Therefore, the actual coverage is:\n\n**FINAL CHOICE: Set 7**\n\nSet 7 includes all relevant lines up to 24, matching the executed lines based on the test case given.\\\nNote: A careful review double-checking omitted lines versus descriptions ensures accuracy in the final coverage set.",
                "response_time": 10.192637205123901,
                "input_tokens": 916,
                "output_tokens": 547
            },
            {
                "test_case_id": 2,
                "test_case_inputs": "Test Case Input:\n1 1",
                "crispe_response": "To determine the set of code statements executed by the given test case, we will analyze the program step by step, matching it against the given input and possible code coverage sets. \n\n### Test Case Input:\n```\nn, m = 1, 1\nX = sorted(list(map(int, input().split())))\n```\n\n**Plan:**\n\n### Step 1: Input Processing\n1. Extract `n` and `m` as 1 and 1, respectively. \n2. Next, the code will require us to enter a list of integers separated by spaces, but since this is not explicitly given, let's consider an empty list `X = []` up to the first exit or immediate line of input requiring further specs.\n3. Lines 1 and 2 are executed to process `n`, `m`, and `X`.\n\n**Observation 1**: All possible sets of code coverage initially include statements 1 and 2.\n\n### Step 2: Conditional Check and Initialization\n1. Since `m` and `n` are equal in this test case, there's no need to change the value of `n` using the condition `if m < n`.\n2. Default values such as `init = []`, `tmp = 0`, and `i = 1` are set, executing lines 3, 4, and 5.\n   \n**Observation 2**: All code coverage sets remain applicable as they include statements through line 5.\n\n### Step 3: Execution of the While Loop\n1. Line 6 is encountered, but since `i` starts at 1 and `len(X)` would be 0 (assuming `X = []` to meet lack of specified input), the while loop does not execute.\n\n**Observation 3**: Lines affected by the `while` loop execution are not visited (i.e., lines 7-9 are skipped), so possible sets are reduced based on unused lines.\n\n### Step 4: List Sorting and Edge Handling\n1. Initially sorted `init` list (empty or unchanged) proceeds to sort and format adjustments executed across lines 10, 11.\n2. Since `init` remains empty, the `if` condition in line 12 is satisfied, ensuring lines 13, 14 are executed, printing `X[-1] - X[0]` which equates to a lack of valid data.\n\n**Observation 4**: This step addresses edge handling rather than loop/iterative scenarios, narrowing coverage to sets ranking the sequence of line 12 execution.\n\n### Step 5: End of Flow\n1. Execution is terminated early at line 14, affecting subsequent flow/other iterations from lines 15 onwards, hence these are skipped.\n\n**Observation 5**: Termination at this point eliminates consideration of coverage sets that involve lines through and beyond statement 15, leaving those consistent with early exit scenarios (set through line 14).\n\n### Final Decision on Code Coverage\nGiven the operations, path lead decision, and ignored loop and trial scopes, we conclude that:\n\n- Lines directly following or marked up to statement 14 fit with early-defined exit, resolving negation of next-tier check or logic.\n- Thus, coverage scenarios matching more conservative lines omission indicate applicability to:\n  \n**Final Code Coverage:**\nSet 3: Statements 1, 2, 3, 4, 5, 6, 7, 8, 9, 10, 11, 12, 13, 14, 15, 16, 17, 18, 19, 23, 24",
                "response_time": 7.823052167892456,
                "input_tokens": 911,
                "output_tokens": 489
            }
        ],
        "serialized_code": "Line 1: n,m=map(int,input().split())\nLine 2: X=sorted(list(map(int,input().split())))\nLine 3: init=[]\nLine 4: tmp=0\nLine 5: i=1\nLine 6: if m<n:\nLine 7:   n=m\nLine 8: while i<len(X):\nLine 9:   init.append([X[i]-X[i-1],i])\nLine 10:   i+=1\nLine 11: init.sort(reverse=True,key=lambda x:x[0])\nLine 12: init=list(map(lambda x:x[1],init))\nLine 13: ans=0\nLine 14: init=sorted(init[:n-1])\nLine 15: if len(init)==0:\nLine 16:   print(X[-1]-X[0])\nLine 17:   exit()\nLine 18: tmp=0\nLine 19: for i in init:\nLine 20:   ans+=(X[i-1]-X[tmp])\nLine 21:   tmp=i\nLine 22: try:\nLine 23:   if i!=len(X)-1:\nLine 24:     ans+=X[-1]-X[i]\nLine 25: except IndexError:\nLine 26:   print(0)\nLine 27:   exit()\nLine 28: print(ans)\n",
        "test_case_id": "1"
    }
]