[
    {
        "submission_id": "s682643787",
        "methods_removed": 0,
        "methods_removed_names": [],
        "number_of_calls": {},
        "lines_affected": {},
        "focc": [
            "Set 1: Statements 1, 2, 3, 4, 5, 6, 7, 8, 9, 10, 11, 12, 13, 14",
            "Set 2: Statements 1, 2, 3, 4, 5, 6, 7, 8, 9, 10, 11, 14",
            "Set 3: Statements 1, 2, 3, 4, 5, 6, 7, 8, 9, 11, 12, 13, 14",
            "Set 4: Statements 1, 2, 3, 4, 5, 6, 7, 8, 9, 11, 14",
            "Set 5: Statements 1, 2, 3, 4, 5, 6, 7, 8, 11, 12, 13, 14",
            "Set 6: Statements 1, 2, 3, 4, 5, 6, 7, 8, 11, 14",
            "Set 7: Statements 1, 2, 3, 4, 5, 6, 11, 12, 13, 14",
            "Set 8: Statements 1, 2, 3, 4, 5, 6, 11, 14"
        ],
        "code": "N = int(input())\nA = list(map(int,input().split()))\nans = 0\nP = 10**9+7\nbit = [0 for i in range(70)]\nfor i in range(N):\n    S = bin(A[i])\n    for j in range(1,len(S)-1):\n        if S[-1*j] == '1':\n            bit[j-1] += 1\nfor i in range(70):\n    ans += (2**i)*bit[i]*(N-bit[i])\n    ans %= P\nprint(ans)",
        "test_cases": [
            {
                "test_case_id": 1,
                "test_case_inputs": "Test Case Input:\n3\n2 5 9",
                "crispe_response": "PLAN:\n\nStep 1: Input Processing:\nThe program starts by reading an integer N and a list of integers A from input. Given the test case, N is 3 and A is [2, 5, 9].\nObservation 1: All sets of code coverage are initially applicable as they all include lines 1 and 2.\n\nStep 2: Initialization and Loop Preparation:\nThe variables ans and P are initialized, and a list bit of size 70 is created. The outer loop runs from 0 to N-1, so it will iterate three times for the provided test case.\nObservation 2: All sets of code coverage remain applicable as they all include lines 3, 4, and 5.\n\nStep 3: First Iteration with A[0] = 2:\nThe binary representation of 2 is '0b10'. The inner loop runs over this binary string, starting from index 1 to the penultimate position (excluding '0b'). In this case, only line 9 is executed as 2 ends with a '0' after '0b'.\nObservation 3: All sets of code coverage are applicable as they include lines 6, 7, 8, and 9.\n\nStep 4: Second Iteration with A[1] = 5:\nThe binary representation of 5 is '0b101'. The inner loop checks the string and finds '1' at both indices, thereby increasing the respective counters in bit.\nObservation 4: Sets that include executions through inner loop 9 along with conditions are 1, 2, 3, 4, and 5.\n\nStep 5: Third Iteration with A[2] = 9:\nThe binary representation of 9 is '0b1001'. The inner loop increases relevant positions of bit as '1's are encountered.\nObservation 5: Sets 1, 2, 3, and 4 are still in play for including these operations.\n\nStep 6: Accumulation and Modulo Operation over bit:\nThe next step runs through 70 positions, accumulating in ans based on the formula (2**i)*bit[i]*(N-bit[i]), followed by modulo P.\nObservation 6: All current applicable sets perform accumulations and handle modulo P, i.e., include lines 10, 11, and 12.\n\nStep 7: Print the Result:\nFinally, the program outputs the resulting value of ans.\nObservation 7: The execution includes line 14. Sets 2, 4, 6, and 8 are ruled out as they miss statements involved directly or indirectly before print.\n\nFINAL CODE COVERAGE:\nSet 1: Statements 1, 2, 3, 4, 5, 6, 7, 8, 9, 10, 11, 12, 13, 14",
                "response_time": 11.899739265441895,
                "input_tokens": 757,
                "output_tokens": 381
            },
            {
                "test_case_id": 2,
                "test_case_inputs": "Test Case Input:\n0\n0",
                "crispe_response": "PLAN:\n\n**Step 1: Input Processing:**\n\nThe program begins by taking input values. The first input value, `N`, indicates the number of elements in the list `A`. The test case provides `0` for both inputs, meaning `N` is 0, and the list `A` is empty. Therefore, lines 1 and 2 are executed to process this input.\n\n**Observation 1:** All sets of code coverage include lines 1 and 2, thus remaining applicable.\n\n**Step 2: Initialization:**\n\nThe next few lines involve initializing variables. On line 3, `ans` is initialized to `0`, `P` is given the value `10**9+7`, and `bit` is initialized as a list of zeroes with a size of 70 in lines 4 and 5.\n\n**Observation 2:** All sets of code coverage remain applicable since they include lines 3, 4, and 5.\n\n**Step 3: Processing Each Element in A (Loop Execution):**\n\nThe program has a loop starting on line 6 that iterates over each element in `A`. Since `N` is 0, the list `A` is empty, so the body of the loop will not be executed. Therefore, lines 7 to 10 won't be executed for this test case. This eliminates any code coverage sets including these lines within the loop block.\n\n**Observation 3:** Sets 1, 2, 3, 4, 5, and 6 are still valid at this point.\n\n**Step 4: Final Calculation of `ans`:**\n\nAfter the loop, the program processes the accumulated `bit` values in another loop starting on line 11, accumulating results into `ans`. Since the `bit` array hasn't changed from its initial state (due to `A` being empty), this loop will iterate 70 times without any effect as all entries in `bit` are zero.\n\n**Observation 4:** All applicable sets include lines 11 and 14, keeping sets 1, 2, 3, 4, and 6 as candidates.\n\n**Step 5: Print Result:**\n\nFinally, the program prints the value of `ans` on line 14, which is expected to be `0`, as initialized. \n\n**Observation 5:** Considering all previous observations, sets 1, 2, 3, 4, and 6 still remain as options.\n\n**Step 6: Since No Elements in A:**\n\nAs noted in Step 3, since no elements in `A` exist (`N` is 0), no statements for processing `A`'s elements (lines 7, 8, 9, 10, 12, and 13) are executed. Indeed, the presence of these lines is redundant, eliminating sets containing those lines in these contextually non-executed parts.\n\n**Final Observation:** Sets 2 and 6 are viable as they capture the correct subset of lines not dependent on elements in `A`.\n\n**FINAL CODE COVERAGE:**\nSet 6: Statements 1, 2, 3, 4, 5, 6, 11, 14",
                "response_time": 6.70037317276001,
                "input_tokens": 755,
                "output_tokens": 424
            }
        ],
        "serialized_code": "Line 1: N = int(input())\nLine 2: A = list(map(int,input().split()))\nLine 3: ans = 0\nLine 4: P = 10**9+7\nLine 5: bit = [0 for i in range(70)]\nLine 6: for i in range(N):\nLine 7:     S = bin(A[i])\nLine 8:     for j in range(1,len(S)-1):\nLine 9:         if S[-1*j] == '1':\nLine 10:             bit[j-1] += 1\nLine 11: for i in range(70):\nLine 12:     ans += (2**i)*bit[i]*(N-bit[i])\nLine 13:     ans %= P\nLine 14: print(ans)\n",
        "test_case_id": "1"
    }
]