[
    {
        "submission_id": "s104744266",
        "methods_removed": 0,
        "methods_removed_names": [],
        "number_of_calls": {},
        "lines_affected": {},
        "focc": [
            "Set 1: Statements 1, 2, 3, 4, 5, 6, 7, 8, 9, 10, 11, 12, 13, 14, 15, 16, 17",
            "Set 2: Statements 1, 2, 3, 4, 5, 6, 7, 8, 9, 10, 11, 12, 13, 14, 15, 17",
            "Set 3: Statements 1, 2, 3, 4, 5, 6, 7, 8, 14, 15, 16, 17",
            "Set 4: Statements 1, 2, 3, 4, 5, 6, 7, 8, 14, 15, 17"
        ],
        "code": "from collections import defaultdict\nd = defaultdict(int)\nS=input()\nS=S[::-1]\ni=1\nx=0\nMOD=2019\nfor s in S:\n  x+=(int(s)*i)%MOD\n  x%=MOD\n  d[x]+=1\n  i*=10\n  i%=MOD\nans=0\nfor k in d.values():\n  ans=ans+k*(k-1)//2\nprint(ans+d[0])",
        "test_cases": [
            {
                "test_case_id": 1,
                "test_case_inputs": "Test Case Input:\n123",
                "crispe_response": "To determine the code coverage set for the given test case, we'll break down the execution of the Python program with the test case input \"123\" and identify which lines are executed, narrowing down the possible sets.\n\n### GIVEN PYTHON PROGRAM\n\n```python\nfrom collections import defaultdict  # Line 1\nd = defaultdict(int)                # Line 2\nS = input()                         # Line 3\nS = S[::-1]                         # Line 4\ni = 1                               # Line 5\nx = 0                               # Line 6\nMOD = 2019                          # Line 7\nfor s in S:                         # Line 8\n  x += (int(s) * i) % MOD           # Line 9\n  x %= MOD                          # Line 10\n  d[x] += 1                         # Line 11\n  i *= 10                           # Line 12\n  i %= MOD                          # Line 13\nans = 0                             # Line 14\nfor k in d.values():                # Line 15\n  ans = ans + k * (k - 1) // 2      # Line 16\nprint(ans + d[0])                   # Line 17\n```\n\n### TEST CASE\nTest Case Input: \"123\"\n\n### STEP BY STEP REASONING\n\n**Step 1: Module Import and Initial Setup**\n- Line 1 imports `defaultdict`.\n- Line 2 initializes `d` as a `defaultdict` with `int` as the default factory.\n- Both lines are clearly executed in all possible sets.\n- **Observation 1:** All sets include lines 1 and 2.\n\n**Step 2: Input Handling**\n- Line 3 captures input. Given the test case, input \"123\" is processed.\n- **Observation 2:** All sets include line 3.\n\n**Step 3: Reverse String Operation**\n- Line 4 reverses the string `S`, resulting in \"321\".\n- **Observation 3:** All sets include line 4.\n\n**Step 4: Initialize Variables**\n- Lines 5, 6, and 7 initialize `i`, `x`, and `MOD`.\n- **Observation 4:** All sets include lines 5, 6, and 7.\n\n**Step 5: Iteration Through Reversed String**\n- Line 8 starts the loop. With the string \"321\", this loop executes three times.\n   - **First Iteration (s = '3'):**\n     - Line 9 calculates `x = (0 + 3 * 1) % 2019 = 3`.\n     - Line 10 `x %= 2019` (x remains 3).\n     - Line 11 updates `d[3] += 1`, `d` becomes `{3: 1}`.\n     - Line 12 `i *= 10` sets `i = 10`.\n     - Line 13 `i %= 2019` (i remains 10).\n\n   - **Second Iteration (s = '2'):**\n     - Line 9 calculates `x = (3 + 2 * 10) % 2019 = 23`.\n     - Line 10 `x %= 2019` (x remains 23).\n     - Line 11 updates `d[23] += 1`, `d` becomes `{3: 1, 23: 1}`.\n     - Line 12 `i = 10 * 10 = 100`.\n     - Line 13 `i %= 2019` (i remains 100).\n\n   - **Third Iteration (s = '1'):**\n     - Line 9 calculates `x = (23 + 1 * 100) % 2019 = 123`.\n     - Line 10 `x %= 2019` (x remains 123).\n     - Line 11 updates `d[123] += 1`, `d` becomes `{3: 1, 23: 1, 123: 1}`.\n     - Line 12 `i = 100 * 10 = 1000`.\n     - Line 13 `i %= 2019` (i remains 1000).\n\n- **Observation 5:** The loop executes, so all sets include lines 8 to 13.\n\n**Step 6: Calculate Result**\n- Lines 14 and 15 initialize `ans` and iterate through `d.values()`.\n- Since all values in `d` are 1 (no k > 1), line 16 computes no change to `ans` for `k = 1`.\n- **Observation 6:** All sets include lines 14, 15, and execution of line 16 will not update `ans`.\n\n**Step 7: Final Output**\n- Line 17 prints `ans + d[0]`, which is `0 + 0 = 0`.\n- **Observation 7:** All sets include line 17.\n\n### FINAL CODE COVERAGE\nSince every line from 1 through 17 is executed based on the input \"123\", the most logical set would be:\n\n**Set 1:** Statements 1, 2, 3, 4, 5, 6, 7, 8, 9, 10, 11, 12, 13, 14, 15, 16, 17",
                "response_time": 14.484462022781372,
                "input_tokens": 692,
                "output_tokens": 639
            },
            {
                "test_case_id": 2,
                "test_case_inputs": "Test Case Input:\n\"123456789\"",
                "crispe_response": "PLAN:\n\n**Step 1: Input Processing:**  \nThe program starts by importing `defaultdict`, initializing `d` as a `defaultdict` of type `int`, and reading input `S` which is then reversed. Given the test case input is \"123456789\", after reversal, `S` becomes \"987654321\".\n\n**Observation 1:**  \nAll sets of code coverage include statements 1, 2, 3, 4, and 5. Therefore, all sets remain applicable.\n\n---\n\n**Step 2: Initialization and Modulus Setup:**  \nVariables `i` and `x` are initialized to 1 and 0, respectively. The constant `MOD` is set to 2019. The loop will iterate over each character in the reversed input string `S`.\n\n**Observation 2:**  \nAll sets include statements 6 and 7 where `i`, `x`, and `MOD` are initialized, so all sets are still applicable.\n\n---\n\n**Step 3: Iteration Over Characters in S:**  \nFor each character `s` in the reversed string `S`, the value of `x` is updated using the formula `(int(s) * i) % MOD` and then `x` is updated with `x % MOD`. This computation uses statements 8 and 9. The value of `x` is added to dictionary `d` on line 10. The value of `i` is multiplied by 10, and updated modulo `MOD` on lines 11 and 12.\n\n**Observation 3:**  \nAll sets account for the execution of these statements (8, 9, 10, 11, 12) during the loop over each digit of `S`.\n\n---\n\n**Step 4: Calculation with Dictionary Values:**  \nAfter processing all characters, the second loop on line 14 iterates over all values `k` in dictionary `d`. For each value, it updates `ans` with the formula `k * (k - 1) // 2`.\n\n**Observation 4:**  \nAll sets include these lines (14 and 15) for calculating the final answer, so no sets can be eliminated at this point.\n\n---\n\n**Step 5: Final Output Calculation:**  \nFinally, it outputs `ans + d[0]` in statement 17.\n\n**Observation 5:**  \nAll sets include line 17 which provides the final output. \n\n---\n\n**Step 6: Review the Conditional Use of Statements:**  \nThe main discrepancy in the sets involves lines 13 and 16. Line 13 would be executed if the loop had a condition to skip some updates (e.g., a conditional check that doesn\u2019t appear in our current structure). Line 16 is part of the logic in the presented code that is always executed with the given test case since `ans` is always computed based on all `d` values.\n\n**Observation 6:**  \nGiven the structure of the example input and iterative coverage, all operations within our defined loops are executed. \n\n---\n\n**FINAL CODE COVERAGE:**  \nAfter analyzing the code in detail and cross-referencing the logic with the given test case input, the code coverage matches Set 1: Statements 1, 2, 3, 4, 5, 6, 7, 8, 9, 10, 11, 12, 13, 14, 15, 16, 17. Every line within the code example section given was utilized in operations leading to answer preparations with no conditional block exclusion observed or applicable.",
                "response_time": 7.77983283996582,
                "input_tokens": 692,
                "output_tokens": 475
            }
        ],
        "serialized_code": "Line 1: from collections import defaultdict\nLine 2: d = defaultdict(int)\nLine 3: S=input()\nLine 4: S=S[::-1]\nLine 5: i=1\nLine 6: x=0\nLine 7: MOD=2019\nLine 8: for s in S:\nLine 9:   x+=(int(s)*i)%MOD\nLine 10:   x%=MOD\nLine 11:   d[x]+=1\nLine 12:   i*=10\nLine 13:   i%=MOD\nLine 14: ans=0\nLine 15: for k in d.values():\nLine 16:   ans=ans+k*(k-1)//2\nLine 17: print(ans+d[0])\n",
        "test_case_id": "1"
    }
]