[
    {
        "submission_id": "s240919061",
        "methods_removed": 0,
        "methods_removed_names": [],
        "number_of_calls": {},
        "lines_affected": {},
        "focc": [
            "Set 1: Statements 1, 2, 3, 4, 5, 6, 7, 8, 10",
            "Set 2: Statements 1, 2, 3, 4, 5, 6, 7, 14, 15, 16, 17, 18",
            "Set 3: Statements 1, 2, 3, 4, 5, 6, 7, 14, 15, 18"
        ],
        "code": "N,M=[int(i) for i in input().split(\" \")]\nA=[int(i) for i in input().split(\" \")]\n_A=[0]\nsum=0\nd={0:1}\nkey=[0]\nfor i in range(N):\n    sum=(sum+A[i])%M\n    try:\n        d[sum]+=1\n    except KeyError:\n        d[sum]=1\n        key.append(sum)\ncount=0\nfor i in key:\n    _count=d[i]\n    count+=(_count-1)*_count/2\nprint(int(count))",
        "test_cases": [
            {
                "test_case_id": 1,
                "test_case_inputs": "Test Case Input:\n5 3\n1 2 3 4 5",
                "crispe_response": "PLAN:\n\n**Step 1: Input Processing**  \nThe program begins by taking two inputs. The first input is two integers, `N` and `M`, separated by a space. The second input is a list of `N` integers `A`.\n\n- Given Test Case Input:\n  - First input: `5 3` assigns `N = 5` and `M = 3`.\n  - Second input: `1 2 3 4 5` assigns `A = [1, 2, 3, 4, 5]`.\n\nObservation 1: All possible sets of code coverage begin with the initial input processing (lines 1, 2). Thus, all sets are applicable so far.\n\n**Step 2: Initialize Variables Before Loop**  \nThe variables `_A`, `sum`, `d`, and `key` are initialized before entering the loop.\n\n- Line execution includes: 3, 4, 5, 6.\n\nObservation 2: All sets include these lines (3, 4, 5, 6), keeping all sets applicable at this point.\n\n**Step 3: First Loop Iteration (i = 0)**  \nThe first loop iteration considers `A[0] = 1`.\n\n- The expression `sum = (sum + A[i]) % M` computes as `sum = (0 + 1) % 3 = 1`.\n- This results in a KeyError for `d[sum]` since `sum = 1` is not yet in the dictionary, triggering the except block.\n- In the except block, `d[sum]` is set to 1, and `key.append(sum)` adds `sum` (1) to the `key` list.\n\nObservation 3: All sets have lines 7, 8, 9. Execution matches these lines, so no sets are eliminated here.\n\n**Step 4: Subsequent Loop Iterations (i = 1, 2, 3, 4)**  \nIterations will proceed similarly:\n- For `i = 1`, `A[1] = 2`: `sum = (1 + 2) % 3 = 0`. The dictionary `d` updates the existing key `0`.\n- For `i = 2`, `A[2] = 3`: `sum = (0 + 3) % 3 = 0`. The key `0` is updated again in the dictionary.\n- For `i = 3`, `A[3] = 4`: `sum = (0 + 4) % 3 = 1`. A KeyError occurs, and `d[1]` is initialized.\n- For `i = 4`, `A[4] = 5`: `sum = (1 + 5) % 3 = 0`. The existing key `0` updates in the dictionary.\n\nLines 10-13 capture this loop execution logic. These are present in all coverage sets, so they stay valid.\n\n**Step 5: Calculate Final Count**  \nThe program calculates the count of sublists having sums divisible by `M`.\n\n- The key list is iterated with keys `0`, and `1`, resulting in calculations based on values stored in `d`.\n\nObservation 4: Set 1 does not include these lines (14-18), eliminating Set 1 from consideration. Sets 2 and 3 proceed further.\n\n**Step 6: Final Print Statement**  \n- The print statement on line 18 executes the result.\n\nObservation 5: Both Set 2 and Set 3 include line 18. However, Set 2 involves additional lines (14, 15, 16, 17) based on conditions.\n\nFINAL OBSERVATION: Given the operations explained in steps and the fact that each `count` calculation involves iterations and key checks captured in Set 3's specific coverage lines, Set 3 is more accurately representative of the test case execution:\n- **FINAL CODE COVERAGE:** Set 3: Statements 1, 2, 3, 4, 5, 6, 7, 14, 15, 18",
                "response_time": 15.03896713256836,
                "input_tokens": 678,
                "output_tokens": 520
            },
            {
                "test_case_id": 2,
                "test_case_inputs": "Test Case Input:\n0 0",
                "crispe_response": "To determine the code coverage of the given program with the test case input \"0 0\", we need to go through the program step by step and analyze which lines are executed based on the logic of the code. \n\n### PLAN:\n\n**Step 1: Input Processing:**\n- The program starts by taking two integers, `N` and `M`, from input. Since the test case provides \"0 0\", `N` and `M` are both 0 from line 1.\n- The second input expects `N` integers, which means no integers are taken due to `N` being 0, hence line 2 assigns `A` as an empty list `[]`.\n- **Observation 1:** All sets are applicable as they include execution of lines 1 and 2.\n\n**Step 2: Initializing Variables:**\n- Line 3 initializes `_A` to `[0]`.\n- Line 4 initializes `sum` to `0`.\n- Line 5 initializes dictionary `d` with `{0: 1}`.\n- Line 6 initializes list `key` with `[0]`.\n- **Observation 2:** Lines 3 to 6 execute in all sets.\n\n**Step 3: First Loop (Key Summation):**\n- The loop over `range(N)` (line 7) iterates `N` times, which is `0` times in this case because `N` is 0. Therefore, lines 7 through 12 are not executed at all.\n- **Observation 3:** Since the loop is not executed, any set containing execution beyond line 6 in the first loop (lines 7-12) is unsuitable. However, from the given Sets, none of them include these lines after the loop is skipped, so sets remain applicable.\n\n**Step 4: Second Loop (Calculation of Count):**\n- Line 14 initializes `count` to `0`.\n- Loop iterates over `key` in line 15, which contains just `[0]`, so the loop runs once.\n- For `i = 0`, `d[i]` equals `1`, assigning `_count` to `1` in line 16.\n- The calculation on line 17 adds `(_count - 1) * _count / 2` which results in `0` being added to `count`.\n- Print statement on line 18 executes, printing the integer value of `count`, which is `0`.\n- **Observation 4:** Lines 14, 15, 16, 17, and 18 should be included in the code coverage as they all execute.\n\n**Step 5: Analyzing Code Coverage Sets:**\n- From Observation 4, since execution includes lines 14-18, this implies that Set 3, which specifically mentions the inclusion of these exact lines after `count` initialization is suitable.\n- **Final Code Coverage Choice:** Set 3 includes lines 1, 2, 3, 4, 5, 6, 7, 14, 15, 18, which aligns with executing all required lines mentioned in the observations.\n\n### FINAL CODE COVERAGE:\nSet 3: Statements 1, 2, 3, 4, 5, 6, 7, 14, 15, 18",
                "response_time": 7.090099811553955,
                "input_tokens": 673,
                "output_tokens": 431
            }
        ],
        "serialized_code": "Line 1: N,M=[int(i) for i in input().split(\" \")]\nLine 2: A=[int(i) for i in input().split(\" \")]\nLine 3: _A=[0]\nLine 4: sum=0\nLine 5: d={0:1}\nLine 6: key=[0]\nLine 7: for i in range(N):\nLine 8:     sum=(sum+A[i])%M\nLine 9:     try:\nLine 10:         d[sum]+=1\nLine 11:     except KeyError:\nLine 12:         d[sum]=1\nLine 13:         key.append(sum)\nLine 14: count=0\nLine 15: for i in key:\nLine 16:     _count=d[i]\nLine 17:     count+=(_count-1)*_count/2\nLine 18: print(int(count))\n",
        "test_case_id": "1"
    }
]