[
    {
        "submission_id": "s314490059",
        "methods_removed": 0,
        "methods_removed_names": [],
        "number_of_calls": {},
        "lines_affected": {},
        "focc": [
            "Set 1: Statements 1, 2, 3, 4, 5, 6, 7, 8, 9, 10, 11, 12, 13, 14, 15, 16, 17, 22, 23, 24",
            "Set 2: Statements 1, 2, 3, 4, 5, 6, 7, 8, 9, 10, 11, 12, 13, 14, 15, 16, 17, 22, 23, 26",
            "Set 3: Statements 1, 2, 3, 4, 5, 6, 7, 8, 9, 10, 11, 12, 13, 14, 15, 16, 17, 22",
            "Set 4: Statements 1, 2, 3, 4, 5, 6, 7, 8, 9, 10, 11, 12, 13, 14, 15, 16, 17, 19, 20, 21, 22, 23, 24",
            "Set 5: Statements 1, 2, 3, 4, 5, 6, 7, 8, 9, 10, 11, 12, 13, 14, 15, 16, 17, 19, 20, 21, 22, 23, 26",
            "Set 6: Statements 1, 2, 3, 4, 5, 6, 7, 8, 9, 10, 11, 12, 13, 14, 15, 16, 17, 19, 20, 21, 22",
            "Set 7: Statements 1, 2, 3, 4, 5, 6, 7, 8, 9, 10, 11, 12, 13, 14, 15, 16, 22, 23, 24",
            "Set 8: Statements 1, 2, 3, 4, 5, 6, 7, 8, 9, 10, 11, 12, 13, 14, 15, 16, 22, 23, 26",
            "Set 9: Statements 1, 2, 3, 4, 5, 6, 7, 8, 9, 10, 11, 12, 13, 14, 15, 16, 22",
            "Set 10: Statements 1, 2, 3, 4, 5, 6, 7, 8, 9, 10, 11, 12, 13, 14, 22, 23, 24",
            "Set 11: Statements 1, 2, 3, 4, 5, 6, 7, 8, 9, 10, 11, 12, 13, 14, 22, 23, 26",
            "Set 12: Statements 1, 2, 3, 4, 5, 6, 7, 8, 9, 10, 11, 12, 13, 14, 22"
        ],
        "code": "from collections import deque\nN = int(input())\nG = [[] for i in range(N)]\nfor i in range(N-1):\n    u,v,w = map(int, input().split())\n    G[u-1].append((v-1, w))\n    G[v-1].append((u-1, w))\nst = deque()\npush, pop = st.appendleft, st.pop\npush(0)\ndist = [0]*N\ncnt = [0]*N\ncnt[0] = 1\nwhile st:\n    u = pop()\n    for v,w in G[u]:\n        if cnt[v] == 1:\n            continue\n        dist[v] = dist[u] + w\n        push(v)\n        cnt[v] = 1\nfor d in dist:\n    if d%2 == 0:\n        print(0)\n    else:\n        print(1)",
        "test_cases": [
            {
                "test_case_id": 1,
                "test_case_inputs": "Test Case Input:\n3\n1 2 3\n2 3 4",
                "crispe_response": "PLAN:\n\nStep 1: Input Processing:\nThe program begins by taking an integer input `N`, which represents the number of nodes in the graph. In the test case, `N = 3`. Next, it creates a graph `G` with `N` empty lists and reads `N-1` edges from subsequent inputs. For the test case, the edges are (1, 2, 3) and (2, 3, 4). The input processing involves lines 2, 3, 4, 5, and 6.\n\nObservation 1: All sets of code coverage include statements 1 through 6, so all sets remain applicable.\n\nStep 2: Graph Construction:\nThe edges are processed to build the graph `G`. Specifically for this test case, `G` will be `[[(1, 3)], [(0, 3), (2, 4)], [(1, 4)]]`, representing an undirected weighted graph. Lines 7 through 9 are executed during this process.\n\nObservation 2: All sets of code coverage include statements 7 through 9, so all sets remain applicable.\n\nStep 3: Queue Initialization:\nA deque `st` is initialized, and the node `0` is added as the starting point. This is represented by lines 11 through 13.\n\nObservation 3: All sets of code coverage take statements 11 through 13 into account, so all sets remain applicable.\n\nStep 4: Depth-First Search (DFS) Implementation:\nThe program enters a while loop (line 14) to process the graph using DFS. Initially, `st` contains node `0`. The loop continues until `st` is empty.\n\nIteration 1:\n- `u = 0` is popped from `st`.\n- For neighbor `(1, 3)` in `G[0]`, since `cnt[1]` is `0`, lines 16, 18, and 19 are executed. Node `1` is added to `st` and `cnt[1]` is set to `1`. The `dist` for node `1` is `3`.\n\nIteration 2:\n- `u = 1` is popped from `st`.\n- Neighbor `(0, 3)` is ignored due to `cnt[0] = 1` (line 17).\n- For neighbor (2, 4) in `G[1]`, since `cnt[2]` is `0`, lines 16, 18, and 19 are executed. Node 2 is added to `st` and `cnt[2]` is set to `1`. The `dist` for node `2` is updated to `7`.\n\nIteration 3:\n- `u = 2` is popped from `st`.\n- Neighbor `(1, 4)` is ignored due to `cnt[1] = 1` (line 17).\n\nAt the end of the while loop, `st` is empty, meaning the loop has finished executing (line 21).\n\nObservation 4: All logic inside the while loop is executed, so any set that does not include lines 14 through 21 can be eliminated. Thus, sets that exclude lines 19, 20, and 21 (such as Set 3, Set 6, Set 9, and Set 12) are eliminated.\n\nStep 5: Result Calculation:\nLines 22 through 26 determine even and odd distances. The `dist` array at this point is `[0, 3, 7]`.\n- For node 0, `d = 0` is even, so it prints `0`. This covers line 23.\n- For node 1, `d = 3` is odd, so it prints `1`. This covers line 26.\n- For node 2, `d = 7` is odd, thus it prints `1` again covering line 26.\n\nObservation 5: In this step, lines 22 to 26 are relevant. Sets without one or both conditions being met (i.e., sets excluding 23 or/and 26: like Set 3, Set 6, Set 9, Set 12) are further invalidated.\n\nFINAL CODE COVERAGE:\nAfter iterating through steps and observations, Set 5, Set 10, Set 11 satisfy the execution conditions. Both even and odd checks are fulfilled. Comparing among the remaining sets, they include all necessary lines of code executed during the test case.\nThe remaining sets after elimination lead to Set 5 being more applicable than the others since all specific lines align precisely with the executed code.\n\nSet 5: Statements 1, 2, 3, 4, 5, 6, 7, 8, 9, 10, 11, 12, 13, 14, 15, 16, 17, 19, 20, 21, 22, 23, 26",
                "response_time": 12.336626052856445,
                "input_tokens": 937,
                "output_tokens": 628
            },
            {
                "test_case_id": 2,
                "test_case_inputs": "Test Case Input:\n3\n1 2 3\n2 3 4",
                "crispe_response": "PLAN:\n\nStep 1: Input Processing:\nThe program starts by taking an integer input `N`, which indicates the number of nodes. For the test case input (3), `N` is equal to 3. Hence, lines 1 and 2 are executed.\nObservation 1: All sets of code coverage are applicable because they include statements 1 and 2.\n\nStep 2: Graph Construction:\nThe program constructs a graph `G` based on the `N-1` subsequent inputs. For each line of additional input (e.g., \"1 2 3\" and \"2 3 4\"), the statements 4 to 8 are executed to parse these inputs and construct the adjacency list. This process involves: \n- Mapping the input to variables `u`, `v`, and `w`.\n- Adjusting indices for 0-based index in the adjacency list.\n- Adding the edges to the graph for nodes `u` and `v`.\n\nObservation 2: All sets of code coverage still remain applicable because they include statements 4 to 8.\n\nStep 3: Initialize Structures:\nThe deque `st` and lists `dist` and `cnt` are initialized. Statements 9 to 11 are executed to set up these structures with initial values and push the starting node (0).\nObservation 3: All sets cover statements 9 to 11 as well.\n\nStep 4: Breadth-first Search (BFS) Loop:\nThe main loop begins over the deque `st` (statement 12), which performs a BFS on the graph. Statement 13 pops the top element for processing, and statement 14 iterates over each edge for the current node.\n\nObservation 4: All sets still include statements 12 to 16, indicating the BFS loop is covered initially.\n\nStep 5: Condition and Distance Update:\nWithin the BFS loop, the condition `if cnt[v] == 1` (statement 15) checks whether a node has been visited. Initially, nodes may not be visited, so:\n- The condition may not hold, leading to statement 17 being executed to update distances, push nodes to the stack, and mark nodes as visited.\n\nObservation 5: Considering the graph edges \"1 2 3\" and \"2 3 4\", node 1 and 2 will have updated distances, resulting in statement 17 being executed. This narrows down the applicable sets to those including statement 17.\n\nStep 6: Output Processing:\nFinally, after BFS traversal, distances are checked for evenness or oddness:\n- Distances will be output as 0 for even or 1 for odd (statement 22). \n\nObservation 6: The final outputs depend on checking each distance, ensuring statement 22 is executed. Checking whether the distance check results in 0 or 1 determines whether the subsequent print conditions (statements 23 or 24 for 0 or 1) are followed. Given no zero distance, statement 24 is triggered for odd distances, while 0 triggers statement 23.\n\nStep 7: Eliminate Unreachable Sets:\nConsidering the above observations, statements 19-21 are not triggered as they involve an if-else branch, which doesn't appear due to positive distances:\n\nFinal Filter:\n- Sets 7 and 8 now involve unreachable statements based on BFS traversal and should be excluded.\n- Narrow down to sets that omit statements 19-21, yielding viable sets for output-related processing with alternating results.\n\nFINAL CODE COVERAGE:\nTo align with expected print outcomes (alternating 1 and 0 based on graph traversal distances), select Set 1 as the probable code path likely given the test input's outcomes, leveraging graph edge weights resulting in alternating output.",
                "response_time": 8.58633542060852,
                "input_tokens": 937,
                "output_tokens": 542
            }
        ],
        "serialized_code": "Line 1: from collections import deque\nLine 2: N = int(input())\nLine 3: G = [[] for i in range(N)]\nLine 4: for i in range(N-1):\nLine 5:     u,v,w = map(int, input().split())\nLine 6:     G[u-1].append((v-1, w))\nLine 7:     G[v-1].append((u-1, w))\nLine 8: st = deque()\nLine 9: push, pop = st.appendleft, st.pop\nLine 10: push(0)\nLine 11: dist = [0]*N\nLine 12: cnt = [0]*N\nLine 13: cnt[0] = 1\nLine 14: while st:\nLine 15:     u = pop()\nLine 16:     for v,w in G[u]:\nLine 17:         if cnt[v] == 1:\nLine 18:             continue\nLine 19:         dist[v] = dist[u] + w\nLine 20:         push(v)\nLine 21:         cnt[v] = 1\nLine 22: for d in dist:\nLine 23:     if d%2 == 0:\nLine 24:         print(0)\nLine 25:     else:\nLine 26:         print(1)\n",
        "test_case_id": "1"
    }
]