[
    {
        "submission_id": "s978188949",
        "methods_removed": 0,
        "methods_removed_names": [],
        "number_of_calls": {},
        "lines_affected": {},
        "focc": [
            "Set 1: Statements 1, 2, 3, 4, 5, 6, 7, 8, 9, 10, 18, 19",
            "Set 2: Statements 1, 2, 3, 4, 5, 6, 7, 8, 9, 12, 18, 19",
            "Set 3: Statements 1, 2, 3, 4, 5, 6, 7, 8, 14, 15, 18, 19",
            "Set 4: Statements 1, 2, 3, 4, 5, 6, 7, 8, 14, 17, 18, 19"
        ],
        "code": "import bisect\nlis = [1, 13]\nstr = input()\ntp = int(str[:2])\nbt = int(str[2:])\ntplo = bisect.bisect_right(lis, tp)\nbtlo = bisect.bisect_right(lis, bt)\nif tplo == 1:\n    if btlo == 1:\n        jd = 2\n    else:\n        jd = 1\nelse:\n    if btlo == 1:\n        jd = 0\n    else:\n        jd = 3\njudge = [\"YYMM\", \"MMYY\", \"AMBIGUOUS\", \"NA\"]\nprint(judge[jd])",
        "test_cases": [
            {
                "test_case_id": 1,
                "test_case_inputs": "Test Case Input:\n1313",
                "crispe_response": "PLAN:\n\nStep 1: Initial Setup and Input Processing:\nThe program begins by importing the `bisect` module and initializing the list `lis = [1, 13]`.\nThe input `str` is taken and then sliced into `tp` (the first two characters) and `bt` (the last two characters), both converted to integers.\nGiven the test case input \"1313\", this results in `tp = 13` and `bt = 13`.\nObservation 1: Sets 1, 2, 3, and 4 are applicable, as all include the lines where the list and input processing (statements 1 to 5) occur.\n\nStep 2: Calculate Bisect Positions:\nUsing `bisect.bisect_right`, `tplo` and `btlo` are calculated. For `tp = 13`, `tplo = 2` because 13 is placed at the rightmost position in the list `[1, 13]`. Similarly for `bt = 13`, `btlo = 2`.\nObservation 2: All sets remain applicable, as they include the bisect calculations (statements 6 and 7).\n\nStep 3: Conditional Statements Evaluation:\nThe outer `if` condition `tplo == 1` is false (since `tplo = 2`). Therefore, the else block starting at statement 12 is executed.\nObservation 3: This observation eliminates sets containing statement 9, leaving Sets 3 and 4 as applicable, which include lines of the else block (starting at statement 12).\n\nStep 4: Inner Condition Evaluation in Else Block:\nWithin the else block, the inner `if` condition `btlo == 1` is false (since `btlo = 2`). Therefore, the else block within this condition is executed, setting `jd = 3`.\nObservation 4: This observation eliminates sets containing statement 15, leaving only Set 4 as applicable, which reflects execution of the else block within the outer else clause (involving statements 14, 17).\n\nStep 5: Output:\nThe program concludes by printing `judge[jd]`, which results in printing \"NA\" because `jd = 3`.\nObservation 5: The concluding print statement (statement 19) is included in all sets, maintaining the validity of Set 4.\n\nFINAL CODE COVERAGE:\nSet 4: Statements 1, 2, 3, 4, 5, 6, 7, 8, 14, 17, 18, 19",
                "response_time": 13.999770402908325,
                "input_tokens": 713,
                "output_tokens": 325
            },
            {
                "test_case_id": 2,
                "test_case_inputs": "Test Case Input:\n20\n21",
                "crispe_response": "PLAN:\n\nStep 1: Import and Initial List Setup:\nThe program imports the bisect module and sets up a list `lis = [1, 13]`. These steps encompass the first two statements in the code.\nObservation 1: All sets of code coverage (Set 1, Set 2, Set 3, Set 4) are still applicable as they all include statements 1 and 2.\n\nStep 2: Input Handling and Conversion:\nThe program takes an input string and splits it into two integers: `tp` from the first two characters and `bt` from the last two characters. Given the test case input is \"20\\n21\", the string handling and conversion lead to `tp = 20` and `bt = 21`, affecting statements 3, 4, 5, and 6.\nObservation 2: All sets of code coverage remain applicable because they all include statements 3, 4, 5, and 6.\n\nStep 3: Bisect Operations:\nThe program uses `bisect_right` to find positions for `tp` and `bt` in the list `lis`. Since both `tp = 20` and `bt = 21` are greater than 13, `tplo = 2` and `btlo = 2`, which affect statements 7 and 8.\nObservation 3: All sets of code coverage are still applicable as all include statements 7 and 8.\n\nStep 4: Conditional Logic:\nGiven that `tplo = 2`, the program evaluates the outer else condition (statements 14 and 17). Since `btlo = 2`, it sets `jd = 3`, which corresponds to statement 17.\nObservation 4: Based on this logic, only Set 4 is applicable as it includes statements 14 and 17, indicating the path that sets `jd = 3`.\n\nStep 5: Print Statement:\nFinally, the program prints a value from the `judge` list using `jd`. As determined earlier, `jd = 3`, so it prints \"NA\". These actions correspond to statements 18 and 19.\nObservation 5: Set 4 covers statements 18 and 19, aligning with the final output logic.\n\nFINAL CODE COVERAGE:\nSet 4: Statements 1, 2, 3, 4, 5, 6, 7, 8, 14, 17, 18, 19",
                "response_time": 5.953202962875366,
                "input_tokens": 714,
                "output_tokens": 326
            }
        ],
        "serialized_code": "Line 1: import bisect\nLine 2: lis = [1, 13]\nLine 3: str = input()\nLine 4: tp = int(str[:2])\nLine 5: bt = int(str[2:])\nLine 6: tplo = bisect.bisect_right(lis, tp)\nLine 7: btlo = bisect.bisect_right(lis, bt)\nLine 8: if tplo == 1:\nLine 9:     if btlo == 1:\nLine 10:         jd = 2\nLine 11:     else:\nLine 12:         jd = 1\nLine 13: else:\nLine 14:     if btlo == 1:\nLine 15:         jd = 0\nLine 16:     else:\nLine 17:         jd = 3\nLine 18: judge = [\"YYMM\", \"MMYY\", \"AMBIGUOUS\", \"NA\"]\nLine 19: print(judge[jd])\n",
        "test_case_id": "1"
    }
]