[
    {
        "submission_id": "s694194888",
        "methods_removed": 0,
        "methods_removed_names": [],
        "number_of_calls": {},
        "lines_affected": {},
        "focc": [],
        "code": "import sys\ndef det(mat):\n  t = 1 / (mat[0][0] * mat[1][1] - mat[0][1] * mat[1][0])\n  a = t * mat[1][1]\n  b = t * -1 * mat[0][1]\n  c = t * -1 * mat[1][0]\n  d = t * mat[0][0]\n  return [[a, b], [c, d]]\nfor line in sys.stdin:\n  try:\n    a, b, c, d, e, f = [int(i) for i in line.split()]\n    A = [[a, b], [d, e]]\n    P = [c, f]\n    detA = det(A)\n    print(\"%.3lf %.3lf\" % (detA[0][0] * P[0] + detA[0][1] * P[1], detA[1][0] * P[0] + detA[1][1] * P[1]))\n  except:\n    break",
        "test_cases": [
            {
                "test_case_id": 1,
                "test_case_inputs": "Test Case Input:\n1 2 3 4 5 6"
            },
            {
                "test_case_id": 2,
                "test_case_inputs": "Test Case Input:\na b c d e f"
            }
        ],
        "serialized_code": "Line 1: import sys\nLine 2: def det(mat):\nLine 3:   t = 1 / (mat[0][0] * mat[1][1] - mat[0][1] * mat[1][0])\nLine 4:   a = t * mat[1][1]\nLine 5:   b = t * -1 * mat[0][1]\nLine 6:   c = t * -1 * mat[1][0]\nLine 7:   d = t * mat[0][0]\nLine 8:   return [[a, b], [c, d]]\nLine 9: for line in sys.stdin:\nLine 10:   try:\nLine 11:     a, b, c, d, e, f = [int(i) for i in line.split()]\nLine 12:     A = [[a, b], [d, e]]\nLine 13:     P = [c, f]\nLine 14:     detA = det(A)\nLine 15:     print(\"%.3lf %.3lf\" % (detA[0][0] * P[0] + detA[0][1] * P[1], detA[1][0] * P[0] + detA[1][1] * P[1]))\nLine 16:   except:\nLine 17:     break\n",
        "test_case_id": "1"
    },
    {
        "submission_id": "s694194888",
        "methods_removed": 1,
        "methods_removed_names": [
            "det"
        ],
        "number_of_calls": {
            "det": 0
        },
        "lines_affected": {
            "det": []
        },
        "focc": [],
        "code": "import sys",
        "test_cases": [
            {
                "test_case_id": 1,
                "test_case_inputs": "Test Case Input:\n1 2 3 4 5 6"
            },
            {
                "test_case_id": 2,
                "test_case_inputs": "Test Case Input:\na b c d e f"
            }
        ],
        "serialized_code": "Line 1: import sys\n",
        "test_case_id": "2"
    }
]