[
    {
        "submission_id": "s514166435",
        "methods_removed": 0,
        "methods_removed_names": [],
        "number_of_calls": {},
        "lines_affected": {},
        "focc": [
            "Set 1: Statements 1, 2, 3, 4, 5, 7, 8, 9",
            "Set 2: Statements 1, 2, 3, 4, 5, 7, 8, 10",
            "Set 3: Statements 1, 2, 3, 4, 5, 7, 11, 12, 13, 14",
            "Set 4: Statements 1, 2, 3, 4, 5, 7, 11, 12, 13, 16",
            "Set 5: Statements 1, 2, 3, 4, 5, 7, 11"
        ],
        "code": "N, Q = list(map(int, input().split()))\nS = input()\nT = [list(map(int, input().split())) for _ in range(Q)]\ntotal_list = []\ntotal = 0\ntry:\n  for i in range(N-1):\n    if S[i] == 'A' and S[i+1] == 'C':\n      total += 1\n    total_list.append(total)\n  for i in range(Q):\n    l, r = T[i][0], T[i][1]\n    if l != 1:\n      print(total_list[r-2]-total_list[l-2])\n    else:\n      print(total_list[r-2])\nexcept IndexError:\n  print(0)",
        "test_cases": [
            {
                "test_case_id": 1,
                "test_case_inputs": "Test Case Input:\n5 3\nACBBD\n1 3\n2 4\n1 5",
                "crispe_response": "To solve the problem, we will perform a step-by-step reasoning to determine which set of statements will be executed given the provided test case. \n\n### GIVEN PROGRAM:\n```python\nN, Q = list(map(int, input().split()))\nS = input()\nT = [list(map(int, input().split())) for _ in range(Q)]\ntotal_list = []\ntotal = 0\ntry:\n  for i in range(N-1):\n    if S[i] == 'A' and S[i+1] == 'C':\n      total += 1\n    total_list.append(total)\n  for i in range(Q):\n    l, r = T[i][0], T[i][1]\n    if l != 1:\n      print(total_list[r-2]-total_list[l-2])\n    else:\n      print(total_list[r-2])\nexcept IndexError:\n  print(0)\n```\n\n### TEST CASE:\n```\n5 3\nACBBD\n1 3\n2 4\n1 5\n```\n\n### POSSIBLE SETS OF CODE COVERAGE:\n1. Statements 1, 2, 3, 4, 5, 7, 8, 9\n2. Statements 1, 2, 3, 4, 5, 7, 8, 10\n3. Statements 1, 2, 3, 4, 5, 7, 11, 12, 13, 14\n4. Statements 1, 2, 3, 4, 5, 7, 11, 12, 13, 16\n5. Statements 1, 2, 3, 4, 5, 7, 11\n\n### STEP-BY-STEP REASONING:\n\n#### Step 1: Input Processing\n- The input `5 3` defines N = 5 and Q = 3.\n- The string `S` is `ACBBD`.\n- The list `T` contains three queries: `[1, 3]`, `[2, 4]`, `[1, 5]`.\n- Observation 1: All sets include statements 1, 2, and 3. Thus, they are all applicable at this stage.\n\n#### Step 2: Processing the String `S`\n- Loop through `S` from index 0 to 3 (since N-1 = 4). Check pairs of consecutive characters in `S`.\n  - Index 0: `S[0]` is 'A' and `S[1]` is 'C', thus total becomes 1. `total_list` becomes [1].\n  - Index 1: No 'AC' pair, `total` remains 1. `total_list` becomes [1, 1].\n  - Index 2: No 'AC' pair, `total` remains 1. `total_list` becomes [1, 1, 1].\n  - Index 3: No 'AC' pair, `total` remains 1. `total_list` becomes [1, 1, 1, 1].\n- Observation 2: Statement 7 (appending to `total_list`) is executed in all cases, so all sets are still applicable.\n\n#### Step 3: Handling Queries `[l, r]` from `T`\n- Loop through the queries in `T`:\n  - For query `[1, 3]` (l = 1, r = 3): Execute statement 8 (`print(total_list[r-2])`), which outputs `1`.\n  - For query `[2, 4]` (l = 2, r = 4): Execute statement 9 (`print(total_list[r-2] - total_list[l-2])`), which outputs `0`.\n  - For query `[1, 5]` (l = 1, r = 5): Execute statement 8 again, which outputs `1`.\n- Observation 3: Sets including statements 8 and 9 are applicable. So, set 4 is not applicable, as it misses statement 8. This leaves sets 1, 2, and 3 as possibilities.\n\n#### Step 4: Exception Handling\n- The program may produce an IndexError if the total_list indices are accessed out-of-range, but due to the correct input range handling in our test case, the `except` block (Starting at statement 11) is never triggered.\n- Observation 4: Sets that include statement 11 are not applicable, eliminating set 3.\n\n### FINAL CODE COVERAGE:\n- Considering the previous observations, the test case does not lead to an exception, and it ensures both print statements (8 and 9) are executed, but the IndexError handling (statements 11 onward) is never reached. This leads to Set 1 as the best fit as it matches all these conditions.\n\n**Set 1: Statements 1, 2, 3, 4, 5, 7, 8, 9**",
                "response_time": 22.278220415115356,
                "input_tokens": 719,
                "output_tokens": 547
            },
            {
                "test_case_id": 2,
                "test_case_inputs": "Test Case Input:\n3 1\nABC\n2 3",
                "crispe_response": "PLAN:\n\nStep 1: Input Processing:\nThe given test case input is \"3 1\\nABC\\n2 3\". The program starts by parsing these inputs:\n- Line 1: `N, Q = [3, 1]` after splitting and mapping the first line of input.\n- Line 2: `S = \"ABC\"` after reading the second line.\n- Line 3: `T = [[2, 3]]` by mapping and splitting the third line of input for Q times, which is 1 time in this case.\n  \nObservation 1: The initial input processing involves statements 1, 2, and 3. All sets of code coverage are applicable at this point as they all include these lines. The focus shifts to the remaining operations carried out by the program.\n\nStep 2: Analyzing the String S:\n- The string `S` has a length `N = 3`.\n- Lines 4 to 9 involve a loop iterating over the range `(0 to N-2)`, which in this case is just one iteration (i=0).\n  - During this iteration, it checks if `S[i] == 'A'` and `S[i+1] == 'C'` (lines 5-6). For `i=0`, `S[0] = 'A'` and `S[1] = 'C'`, the condition is true, so line 6 is executed updating `total` to 1.\n  - Line 7 appends `total` to `total_list`, so `total_list= [1]` after this iteration.\n\nObservation 2: After analyzing string S, lines 4, 5, 6, and 7 are executed. Sets 3, 4, 5 remain viable as they include these lines.\n\nStep 3: Handling Queries:\n- For `Q=1`, the second loop (lines 11 to 16) run once:\n  - Line 11 gathers l and r from T, so `l = 2` and `r = 3`.\n  - Condition in line 12 checks if `l != 1`. Here `l = 2`, thus the condition holds true.\n  - Since `l != 1`, line 13 is executed where it prints `total_list[r-2] - total_list[l-2]` which is `total_list[1] - total_list[0]` = `1 - 1` = `0`.\n\nObservation 3: The queries lead to the execution of lines 11, 12, and 13. Sets 3 and 4 remain consistent with these executed lines.\n\nStep 4: Exception Handling:\n- The program does not trigger the exception pathway (line 16) due to no IndexError, hence line 16 is not executed.\n\nObservation 4: Since there is no IndexError, set 4 can be eliminated as it includes line 16.\n\nFINAL CODE COVERAGE:\nSet 3: Statements 1, 2, 3, 4, 5, 7, 11, 12, 13, 14",
                "response_time": 12.534923553466797,
                "input_tokens": 715,
                "output_tokens": 391
            }
        ],
        "serialized_code": "Line 1: N, Q = list(map(int, input().split()))\nLine 2: S = input()\nLine 3: T = [list(map(int, input().split())) for _ in range(Q)]\nLine 4: total_list = []\nLine 5: total = 0\nLine 6: try:\nLine 7:   for i in range(N-1):\nLine 8:     if S[i] == 'A' and S[i+1] == 'C':\nLine 9:       total += 1\nLine 10:     total_list.append(total)\nLine 11:   for i in range(Q):\nLine 12:     l, r = T[i][0], T[i][1]\nLine 13:     if l != 1:\nLine 14:       print(total_list[r-2]-total_list[l-2])\nLine 15:     else:\nLine 16:       print(total_list[r-2])\nLine 17: except IndexError:\nLine 18:   print(0)\n",
        "test_case_id": "1"
    }
]